entity_id,name,department,locality,address,street,door,capacity,phone,email,legal_name,rut,highest_stage,msp_final,mides_social,msp_registro_historico,pacp,historical_certificate_count,historical_certificates,historical_first_year,historical_latest_year,latest_public_date,source_record_count,source_types_count,latitude,longitude,geocode_confidence,geocode_method,geocode_score,geocode_source,source_urls
ELP-0001,Elida Moreira De Zambiazzo,Artigas,Bella Unión,Calle 10 S/N,Calle 10,S/N,,47794340,,,,Certificado Social MIDES,False,True,True,False,1,017/2018,2018,2018,2018,2,2,-30.379497,-56.4646216,media-baja,centroide de calle,70,Direcciones Geográficas del Uruguay (IDE),"[""https://www.gub.uy/ministerio-desarrollo-social/etiqueta/otros/artigas-establecimientos-larga-estadia-para-personas-mayores-certificado-social"", ""https://www.gub.uy/ministerio-salud-publica/sites/ministerio-salud-publica/files/2024-03/ELEPEM%20CERTIFICADOS%207-3-2024.pdf""]"
ELP-0002,Hogar Don Martín,Artigas,Baltasar Brum,Nelson Cousin s/n,Nelson Cousin,S/N,14,099772757 - 99352155 23653941 - 092244302 - | 47762818 / 091939213,hogardonmartinbrum@gmail.com,,,Habilitación final MSP,True,True,True,False,1,060/2023,2023,2023,2026-06-30,3,3,-30.6534548,-57.122023,media-baja,centroide de calle,70,Direcciones Geográficas del Uruguay (IDE),"[""https://www.gub.uy/ministerio-salud-publica/sites/ministerio-salud-publica/files/2026-06/ELEPEM%20HABILITADOS%20JUNIO%202026.pdf"", ""https://www.gub.uy/ministerio-desarrollo-social/etiqueta/otros/artigas-establecimientos-larga-estadia-para-personas-mayores-certificado-social"", ""https://www.gub.uy/ministerio-salud-publica/sites/ministerio-salud-publica/files/2024-03/ELEPEM%20CERTIFICADOS%207-3-2024.pdf""]"
ELP-0003,Establecimiento sin nombre publicado (034/2018),Canelones,,Tolentino González 218 / Ciudad de Canelones,Tolentino González,218 / Ciudad de Canelones,,,,,,Certificado de registro MSP (histórico),False,False,True,False,1,034/2018,2018,2018,2018,1,1,-34.5229708,-56.2782224,alta,calle y puerta exacta,100,Direcciones Geográficas del Uruguay (IDE),"[""https://www.gub.uy/ministerio-salud-publica/sites/ministerio-salud-publica/files/2024-03/ELEPEM%20CERTIFICADOS%207-3-2024.pdf""]"
ELP-0004,Abril,Canelones,Sauce,Ruta 6 Km 37000,Ruta 6,Km 37000,,22940569,,,,Certificado Social MIDES,False,True,True,False,1,095/2022,2022,2022,2024-07-15,2,2,-34.5652569,-56.0222615,media-baja,centroide de calle,70,Direcciones Geográficas del Uruguay (IDE),"[""https://www.gub.uy/ministerio-desarrollo-social/etiqueta/otros/canelones-establecimientos-larga-estadia-para-personas-mayores-certificado-social"", ""https://www.gub.uy/ministerio-salud-publica/sites/ministerio-salud-publica/files/2024-03/ELEPEM%20CERTIFICADOS%207-3-2024.pdf""]"
ELP-0005,ALONSO HOGAR DE ANCIANOS DRA. ROCIO STECIANO ALONSO,Canelones,SAUCE,Contitucion 2115,Contitucion,2115,,,,,,Certificado de registro MSP (histórico),False,False,True,False,1,008/2023,2023,2023,2023,1,1,-34.6499892,-56.0622221,alta,calle y puerta exacta,95,Direcciones Geográficas del Uruguay (IDE),"[""https://www.gub.uy/ministerio-salud-publica/sites/ministerio-salud-publica/files/2024-03/ELEPEM%20CERTIFICADOS%207-3-2024.pdf""]"
ELP-0006,Altos del Pinar,Canelones,,Rambla Costanera M244 S2 - El Pinar,Rambla Costanera M,244 S2 - El Pinar,,,,,,Certificado de registro MSP (histórico),False,False,True,False,1,035/2018,2018,2018,2018,1,1,-34.7936815,-55.5066344,media,puerta más cercana en la misma calle,89,Direcciones Geográficas del Uruguay (IDE),"[""https://www.gub.uy/ministerio-salud-publica/sites/ministerio-salud-publica/files/2024-03/ELEPEM%20CERTIFICADOS%207-3-2024.pdf""]"
ELP-0007,Biltmore,Canelones,Santa Lucia,Batlle Y Ordoñez 74,Batlle Y Ordoñez,74,,43349954,,,,Certificado Social MIDES,False,True,True,False,1,093/2018,2018,2018,2024-07-15,2,2,-34.7262851,-56.2203306,media,puerta más cercana en la misma calle,89,Direcciones Geográficas del Uruguay (IDE),"[""https://www.gub.uy/ministerio-desarrollo-social/etiqueta/otros/canelones-establecimientos-larga-estadia-para-personas-mayores-certificado-social"", ""https://www.gub.uy/ministerio-salud-publica/sites/ministerio-salud-publica/files/2024-03/ELEPEM%20CERTIFICADOS%207-3-2024.pdf""]"
ELP-0008,Bonsejour La Costa,Canelones,Solymar,Viña Del Mar M16 S27,Viña Del Mar,M16 S27,,091916222 / 099916222,,,,Certificado Social MIDES,False,True,True,False,1,023/2023,2023,2023,2024-07-15,2,2,-34.8353018,-55.9754637,alta,calle y puerta exacta,100,Direcciones Geográficas del Uruguay (IDE),"[""https://www.gub.uy/ministerio-desarrollo-social/etiqueta/otros/canelones-establecimientos-larga-estadia-para-personas-mayores-certificado-social"", ""https://www.gub.uy/ministerio-salud-publica/sites/ministerio-salud-publica/files/2024-03/ELEPEM%20CERTIFICADOS%207-3-2024.pdf""]"
ELP-0009,Calidad de Vida,Canelones,,San José 874,San José,874,,,,,,Certificado de registro MSP (histórico),False,False,True,False,1,051/2019,2019,2019,2019,1,1,-34.7063371,-56.2190061,media,puerta más cercana en la misma calle,89,Direcciones Geográficas del Uruguay (IDE),"[""https://www.gub.uy/ministerio-salud-publica/sites/ministerio-salud-publica/files/2024-03/ELEPEM%20CERTIFICADOS%207-3-2024.pdf""]"
ELP-0010,La Casona,Canelones,Los Cerrillos,Ruta 36 Km 37000,Ruta 36,Km 37000,,098762939 / 096566688,,,,Certificado Social MIDES,False,True,True,False,1,033/2022,2022,2022,2024-07-15,2,2,-34.6333367,-56.3361172,media-baja,centroide de calle,70,Direcciones Geográficas del Uruguay (IDE),"[""https://www.gub.uy/ministerio-desarrollo-social/etiqueta/otros/canelones-establecimientos-larga-estadia-para-personas-mayores-certificado-social"", ""https://www.gub.uy/ministerio-salud-publica/sites/ministerio-salud-publica/files/2024-03/ELEPEM%20CERTIFICADOS%207-3-2024.pdf""]"
ELP-0011,Centro Vital,Canelones,Solymar,Av. Gianatassio Esq. Artigas M 44 S 3,Av. Gianatassio Esq. Artigas,M 44 S 3,,26984086,,,,Certificado Social MIDES,False,True,False,False,0,,,,2024-07-15,1,1,-34.7671965,-55.8597327,media,puerta más cercana en la misma calle,89,Direcciones Geográficas del Uruguay (IDE),"[""https://www.gub.uy/ministerio-desarrollo-social/etiqueta/otros/canelones-establecimientos-larga-estadia-para-personas-mayores-certificado-social""]"
ELP-0012,CENTRO VITAL,Canelones,COSTA,"AV. GIANNATASIO MANZANA 14, SOLAR 3",AV. GIANNATASIO MANZANA,"14, SOLAR 3",,,,,,Certificado de registro MSP (histórico),False,False,True,False,1,028/2022,2022,2022,2022,1,1,-34.7648409,-55.8594924,media,puerta más cercana en la misma calle,89,Direcciones Geográficas del Uruguay (IDE),"[""https://www.gub.uy/ministerio-salud-publica/sites/ministerio-salud-publica/files/2024-03/ELEPEM%20CERTIFICADOS%207-3-2024.pdf""]"
ELP-0013,Dra Teresita,Canelones,balneario EL,"Viña del mar, manzana 16, Solar 27","Viña del mar, manzana","16, Solar 27",,,,,,Certificado de registro MSP (histórico),False,False,True,False,1,114/2021,2021,2021,2021,1,1,-34.8353018,-55.9754637,alta,calle y puerta exacta,100,Direcciones Geográficas del Uruguay (IDE),"[""https://www.gub.uy/ministerio-salud-publica/sites/ministerio-salud-publica/files/2024-03/ELEPEM%20CERTIFICADOS%207-3-2024.pdf""]"
ELP-0014,El Bosque,Canelones,,Calle 6 entre C y D,Calle,6,,,,,,Certificado de registro MSP (histórico),False,False,True,False,1,121/2018,2018,2018,2018,1,1,-34.7424796,-55.7220438,alta,calle y puerta exacta,100,Direcciones Geográficas del Uruguay (IDE),"[""https://www.gub.uy/ministerio-salud-publica/sites/ministerio-salud-publica/files/2024-03/ELEPEM%20CERTIFICADOS%207-3-2024.pdf""]"
ELP-0015,El Es Mi Paz,Canelones,Progreso,Av. Brasil Entre Rio Negro Y Paysandú S/N,Av. Brasil Entre Rio Negro Y Paysandú,S/N,,23698608,,,,Certificado Social MIDES,False,True,True,False,1,102/2022,2022,2022,2024-07-15,2,2,-34.8216231,-55.7433088,media-baja,centroide de calle,70,Direcciones Geográficas del Uruguay (IDE),"[""https://www.gub.uy/ministerio-desarrollo-social/etiqueta/otros/canelones-establecimientos-larga-estadia-para-personas-mayores-certificado-social"", ""https://www.gub.uy/ministerio-salud-publica/sites/ministerio-salud-publica/files/2024-03/ELEPEM%20CERTIFICADOS%207-3-2024.pdf""]"
ELP-0016,El Hogar,Canelones,,Achiras M 24 S 23,Achiras M,24 S 23,,,,,,Certificado de registro MSP (histórico),False,False,True,False,2,"094/2019, 095/2019",2019,2019,2019,2,1,-34.8316182,-55.9577019,alta,calle y puerta exacta,100,Direcciones Geográficas del Uruguay (IDE),"[""https://www.gub.uy/ministerio-salud-publica/sites/ministerio-salud-publica/files/2024-03/ELEPEM%20CERTIFICADOS%207-3-2024.pdf""]"
ELP-0017,El Naranjo,Canelones,Ciudad de la Costa,Emilio de Franco M29 S1,Emilio de Franco M,29 S1,,,,,,Certificado de registro MSP (histórico),False,False,True,False,2,"030/2023, 008/2024",2023,2024,2024,2,1,-34.8372171,-55.9836139,media,puerta más cercana en la misma calle,89,Direcciones Geográficas del Uruguay (IDE),"[""https://www.gub.uy/ministerio-salud-publica/sites/ministerio-salud-publica/files/2024-03/ELEPEM%20CERTIFICADOS%207-3-2024.pdf""]"
ELP-0018,EL OTOÑAL,Canelones,LAS PIEDRAS,WILSON F ALDUNATE 502,WILSON F ALDUNATE,502,,,,,,Certificado de registro MSP (histórico),False,False,True,False,1,108/2022,2022,2022,2022,1,1,-34.4355831,-55.9707977,media-baja,centroide de calle,70,Direcciones Geográficas del Uruguay (IDE),"[""https://www.gub.uy/ministerio-salud-publica/sites/ministerio-salud-publica/files/2024-03/ELEPEM%20CERTIFICADOS%207-3-2024.pdf""]"
ELP-0019,El Otoñal,Canelones,Las Piedras,Wilson Ferreira 502,Wilson Ferreira,502,,23638902,,,,Certificado Social MIDES,False,True,False,False,0,,,,2024-07-15,1,1,-34.8446499,-56.0306761,media-baja,centroide de calle,70,Direcciones Geográficas del Uruguay (IDE),"[""https://www.gub.uy/ministerio-desarrollo-social/etiqueta/otros/canelones-establecimientos-larga-estadia-para-personas-mayores-certificado-social""]"
ELP-0020,El Renacer,Canelones,Solymar,Av. Gral. Gestido Esq. Canelones M2 S7,Av. Gral. Gestido Esq. Canelones,M2 S7,,26988809,,,,Certificado Social MIDES,False,True,False,False,0,,,,2024-07-15,1,1,-34.8334681,-55.9591235,alta,calle y puerta exacta,100,Direcciones Geográficas del Uruguay (IDE),"[""https://www.gub.uy/ministerio-desarrollo-social/etiqueta/otros/canelones-establecimientos-larga-estadia-para-personas-mayores-certificado-social""]"
ELP-0021,EL RENACER,Canelones,SUR,"PINOS MANZ 2, SOLAR 7",PINOS MANZ,"2, SOLAR 7",,,,,,Certificado de registro MSP (histórico),False,False,True,False,1,094/2022,2022,2022,2022,1,1,-34.8332009,-55.9555083,alta,calle y puerta exacta,100,Direcciones Geográficas del Uruguay (IDE),"[""https://www.gub.uy/ministerio-salud-publica/sites/ministerio-salud-publica/files/2024-03/ELEPEM%20CERTIFICADOS%207-3-2024.pdf""]"
ELP-0022,En Familia,Canelones,La Paz,Av. Artigas 281,Av. Artigas,281,,91478410,,,,Certificado Social MIDES,False,True,False,False,0,,,,2024-07-15,1,1,-34.7419439,-56.2239585,media,puerta más cercana en la misma calle,89,Direcciones Geográficas del Uruguay (IDE),"[""https://www.gub.uy/ministerio-desarrollo-social/etiqueta/otros/canelones-establecimientos-larga-estadia-para-personas-mayores-certificado-social""]"
ELP-0023,En Familia,Canelones,La Paz,Gral. Artigas 281,Gral. Artigas,281,14,099685065 098434382 - 26002601 -,natiajv@hotmail.com,,,Habilitación final MSP,True,False,True,False,1,072/2021,2021,2021,2026-06-30,2,2,-34.7788763,-55.5597359,media,puerta más cercana en la misma calle,89,Direcciones Geográficas del Uruguay (IDE),"[""https://www.gub.uy/ministerio-salud-publica/sites/ministerio-salud-publica/files/2026-06/ELEPEM%20HABILITADOS%20JUNIO%202026.pdf"", ""https://www.gub.uy/ministerio-salud-publica/sites/ministerio-salud-publica/files/2024-03/ELEPEM%20CERTIFICADOS%207-3-2024.pdf""]"
ELP-0024,Establecimiento Astenkeph,Canelones,,Mar Mediterráneo MB13 S14 - Canelones,Mar Mediterráneo MB,13 S14 - Canelones,,,,,,Certificado de registro MSP (histórico),False,False,True,False,1,057/2018,2018,2018,2018,1,1,-34.7982844,-55.9221966,media,puerta más cercana en la misma calle,89,Direcciones Geográficas del Uruguay (IDE),"[""https://www.gub.uy/ministerio-salud-publica/sites/ministerio-salud-publica/files/2024-03/ELEPEM%20CERTIFICADOS%207-3-2024.pdf""]"
ELP-0025,Girasol,Canelones,,Patricio Alvarez entre Ruta 8 y Gabriel Pereira,Patricio Alvarez entre Ruta,8,,,,,,Certificado de registro MSP (histórico),False,False,True,False,1,091/2019,2019,2019,2019,1,1,-34.6940102,-55.8949613,alta,calle y puerta exacta,100,Direcciones Geográficas del Uruguay (IDE),"[""https://www.gub.uy/ministerio-salud-publica/sites/ministerio-salud-publica/files/2024-03/ELEPEM%20CERTIFICADOS%207-3-2024.pdf""]"
ELP-0026,GRACIAS A DIOS,Canelones,ATLANTIDA,Calle 12 entre a y b M155 S18,Calle,12,,,,,,Certificado de registro MSP (histórico),False,False,True,False,2,"014/2018, 018/2023",2018,2023,2023,2,1,-34.7421382,-55.7203116,alta,calle y puerta exacta,100,Direcciones Geográficas del Uruguay (IDE),"[""https://www.gub.uy/ministerio-salud-publica/sites/ministerio-salud-publica/files/2024-03/ELEPEM%20CERTIFICADOS%207-3-2024.pdf""]"
ELP-0027,Graciela Hernández,Canelones,,Jaume y Bernat s/n - Soca,Jaume y Bernat,S/N,,,,,,Certificado de registro MSP (histórico),False,False,True,False,1,094/2018,2018,2018,2018,1,1,-34.6809105,-55.7083378,media-baja,centroide de calle,70,Direcciones Geográficas del Uruguay (IDE),"[""https://www.gub.uy/ministerio-salud-publica/sites/ministerio-salud-publica/files/2024-03/ELEPEM%20CERTIFICADOS%207-3-2024.pdf""]"
ELP-0028,Hogar Ana Arriola De Ado,Canelones,San Jacinto,Ruta 7 Km. 52.800,Ruta 7,Km 52.800,10,094801758 - 092449072 099658237 - 23622190 - | 94801758,anaarrioladeado@gmail.com,,,Habilitación final MSP,True,True,True,False,1,096/2021,2021,2021,2026-06-30,3,3,-34.5324167,-55.8741464,media-baja,centroide de calle,70,Direcciones Geográficas del Uruguay (IDE),"[""https://www.gub.uy/ministerio-salud-publica/sites/ministerio-salud-publica/files/2026-06/ELEPEM%20HABILITADOS%20JUNIO%202026.pdf"", ""https://www.gub.uy/ministerio-desarrollo-social/etiqueta/otros/canelones-establecimientos-larga-estadia-para-personas-mayores-certificado-social"", ""https://www.gub.uy/ministerio-salud-publica/sites/ministerio-salud-publica/files/2024-03/ELEPEM%20CERTIFICADOS%207-3-2024.pdf""]"
ELP-0029,Hogar Ana Maria Y Beatriz Izquierdo,Canelones,Shangrila,Av. Giannattasio M2 S2,Av. Giannattasio,M2 S2,,26832541,,,,Certificado Social MIDES,False,True,False,False,0,,,,2024-07-15,1,1,-34.8465806,-56.0028953,media,puerta más cercana en la misma calle,89,Direcciones Geográficas del Uruguay (IDE),"[""https://www.gub.uy/ministerio-desarrollo-social/etiqueta/otros/canelones-establecimientos-larga-estadia-para-personas-mayores-certificado-social""]"
ELP-0030,Hogar Ana Maria y Beatriz IZQUIERDO / Susana Izquierdo,Canelones,Shangrilà,"Gianattasio 2 manzana 2, Solar 2",Gianattasio,"2 manzana 2, Solar 2",,,,,,Certificado de registro MSP (histórico),False,False,True,False,1,115/2021,2021,2021,2021,1,1,-34.8439287,-55.9923999,baja,centroide de localidad,35,Direcciones Geográficas del Uruguay (IDE),"[""https://www.gub.uy/ministerio-salud-publica/sites/ministerio-salud-publica/files/2024-03/ELEPEM%20CERTIFICADOS%207-3-2024.pdf""]"
ELP-0031,HOGAR DE ANCIANOS DRA. ROCIO STECIANO,Canelones,SAUCE,Av. Artigas 1305,Av. Artigas,1305,,,,,,Certificado de registro MSP (histórico),False,False,True,False,1,007/2023,2023,2023,2023,1,1,-34.7270094,-56.227844,media,puerta más cercana en la misma calle,89,Direcciones Geográficas del Uruguay (IDE),"[""https://www.gub.uy/ministerio-salud-publica/sites/ministerio-salud-publica/files/2024-03/ELEPEM%20CERTIFICADOS%207-3-2024.pdf""]"
ELP-0032,Hogar Intergeneracional De Pando,Canelones,Pando,Luis Alberto De Herrera S/N,Luis Alberto De Herrera,S/N,,22921114 | 43362096,,,,Certificado Social MIDES,False,True,True,False,2,"019/2020, 073/2020",2020,2020,2024-07-15,4,2,-34.5667336,-56.0084286,media-baja,centroide de calle,70,Direcciones Geográficas del Uruguay (IDE),"[""https://www.gub.uy/ministerio-desarrollo-social/etiqueta/otros/canelones-establecimientos-larga-estadia-para-personas-mayores-certificado-social"", ""https://www.gub.uy/ministerio-salud-publica/sites/ministerio-salud-publica/files/2024-03/ELEPEM%20CERTIFICADOS%207-3-2024.pdf""]"
ELP-0033,HOGAR De Ancianos PUGA SORIA,Canelones,LOS CERRILLOS KM 24 GIANNATASIO,LUIS A DE HERRERAS/N ENTRE RUTA 36 Y A. MACHIN,LUIS A DE HERRERAS/N ENTRE RUTA,36 Y A. MACHIN,,,,,,Certificado de registro MSP (histórico),False,False,True,False,1,093/2022,2022,2022,2022,1,1,-34.7242935,-56.0849835,media,puerta más cercana en la misma calle,89,Direcciones Geográficas del Uruguay (IDE),"[""https://www.gub.uy/ministerio-salud-publica/sites/ministerio-salud-publica/files/2024-03/ELEPEM%20CERTIFICADOS%207-3-2024.pdf""]"
ELP-0034,Hogar de Ancianos San Antonio,Canelones,,María Pereira de Marotte s/n esq. José Pedro Varela,María Pereira de Marotte,S/N,,,,,,Certificado de registro MSP (histórico),False,False,True,False,1,097/2019,2019,2019,2019,1,1,-34.4623081,-56.0986879,media-baja,centroide de calle,70,Direcciones Geográficas del Uruguay (IDE),"[""https://www.gub.uy/ministerio-salud-publica/sites/ministerio-salud-publica/files/2024-03/ELEPEM%20CERTIFICADOS%207-3-2024.pdf""]"
ELP-0035,Hogar Huellas,Canelones,Salinas,Sombra del Toro S13 M42,Sombra del Toro S,13 M42,,,,,,Certificado de registro MSP (histórico),False,False,True,False,1,010/2024,2024,2024,2024,1,1,-34.7770001,-55.8418736,media,puerta más cercana en la misma calle,89,Direcciones Geográficas del Uruguay (IDE),"[""https://www.gub.uy/ministerio-salud-publica/sites/ministerio-salud-publica/files/2024-03/ELEPEM%20CERTIFICADOS%207-3-2024.pdf""]"
ELP-0036,Hogar Maranata,Canelones,Progreso,Juana De Ibarbourou 256,Juana De Ibarbourou,256,,23693278 / 098881416,,,,Certificado Social MIDES,False,True,True,False,1,017/2022,2022,2022,2024-07-15,2,2,-34.6430637,-56.2399444,media,puerta más cercana en la misma calle,89,Direcciones Geográficas del Uruguay (IDE),"[""https://www.gub.uy/ministerio-desarrollo-social/etiqueta/otros/canelones-establecimientos-larga-estadia-para-personas-mayores-certificado-social"", ""https://www.gub.uy/ministerio-salud-publica/sites/ministerio-salud-publica/files/2024-03/ELEPEM%20CERTIFICADOS%207-3-2024.pdf""]"
ELP-0037,Hogar Maranata,Canelones,,Juana de Ibarburou 256 Ruta 5 Km 33500- Progreso,Juana de Ibarburou,256 Ruta 5 Km 33500- Progreso,,,,,,Certificado de registro MSP (histórico),False,False,True,False,1,058/2018,2018,2018,2018,1,1,-34.7275041,-56.1553205,media-baja,centroide de calle,70,Direcciones Geográficas del Uruguay (IDE),"[""https://www.gub.uy/ministerio-salud-publica/sites/ministerio-salud-publica/files/2024-03/ELEPEM%20CERTIFICADOS%207-3-2024.pdf""]"
ELP-0038,Hogar Máximo Cenoz Hita,Canelones,Santa Lucia,Magariños Cervantes 95,Magariños Cervantes,95,,43347761 / 094881030,,,,Certificado Social MIDES,False,True,True,False,1,038/2023,2023,2023,2024-07-15,2,2,-34.4512977,-56.3899217,alta,calle y puerta exacta,100,Direcciones Geográficas del Uruguay (IDE),"[""https://www.gub.uy/ministerio-desarrollo-social/etiqueta/otros/canelones-establecimientos-larga-estadia-para-personas-mayores-certificado-social"", ""https://www.gub.uy/ministerio-salud-publica/sites/ministerio-salud-publica/files/2024-03/ELEPEM%20CERTIFICADOS%207-3-2024.pdf""]"
ELP-0039,Residencial La Familia,Canelones,Migues,Calle 9 y Calle 1 sin número,Calle,9,,,,,,Certificado de registro MSP (histórico),False,False,True,False,3,"032/2019, 106/2019, 001/2020",2019,2020,2020,3,1,-34.7424701,-55.7213455,alta,calle y puerta exacta,100,Direcciones Geográficas del Uruguay (IDE),"[""https://www.gub.uy/ministerio-salud-publica/sites/ministerio-salud-publica/files/2024-03/ELEPEM%20CERTIFICADOS%207-3-2024.pdf""]"
ELP-0040,Hogar Tapia,Canelones,,Calle K esq. Ruta 88 km 80,Calle K esq. Ruta,88 km 80,,,,,,Certificado de registro MSP (histórico),False,False,True,False,1,068/2019,2019,2019,2019,1,1,-34.7284613,-55.7227009,media-baja,centroide de calle,70,Direcciones Geográficas del Uruguay (IDE),"[""https://www.gub.uy/ministerio-salud-publica/sites/ministerio-salud-publica/files/2024-03/ELEPEM%20CERTIFICADOS%207-3-2024.pdf""]"
ELP-0041,JACARANDA,Canelones,COSTA,AV. Giannattasio km 20 M 4 S 3,AV. Giannattasio km,20 M 4 S 3,,,,,,Certificado de registro MSP (histórico),False,False,True,False,2,"002/2023, 052/2023",2023,2023,2023,2,1,-34.7648409,-55.8594924,media,puerta más cercana en la misma calle,89,Direcciones Geográficas del Uruguay (IDE),"[""https://www.gub.uy/ministerio-salud-publica/sites/ministerio-salud-publica/files/2024-03/ELEPEM%20CERTIFICADOS%207-3-2024.pdf""]"
ELP-0042,LA AURORA,Canelones,EL PINAR,Avda. Gral. Artigas KM 30 M90 S19,Avda. Gral. Artigas KM,30 M90 S19,,,,,,Certificado de registro MSP (histórico),False,False,True,False,1,058/2023,2023,2023,2023,1,1,-34.6659707,-56.2191532,alta,calle y puerta exacta,100,Direcciones Geográficas del Uruguay (IDE),"[""https://www.gub.uy/ministerio-salud-publica/sites/ministerio-salud-publica/files/2024-03/ELEPEM%20CERTIFICADOS%207-3-2024.pdf""]"
ELP-0043,LA AURORA,Canelones,LA COSTA,"AV.GRAL ARTIGAS, MANZANA 90, SOLAR 19","AV.GRAL ARTIGAS, MANZANA","90, SOLAR 19",,,,,,Certificado de registro MSP (histórico),False,False,True,False,1,010/2022,2022,2022,2022,1,1,-34.6980039,-56.2232474,alta,calle y puerta exacta,100,Direcciones Geográficas del Uruguay (IDE),"[""https://www.gub.uy/ministerio-salud-publica/sites/ministerio-salud-publica/files/2024-03/ELEPEM%20CERTIFICADOS%207-3-2024.pdf""]"
ELP-0044,La Bonne Vie,Canelones,El Pinar,Río Negro M 216 S 15,Río Negro M,216 S 15,25,26989926 | 26989926 - 095394278,reslabonnevie@gmail.com,SANTOS CAVIGLIA MARÍA DE LOS ÁNGELES,21 741046 0017,Habilitación final MSP,True,True,True,True,2,"015/2018, 107/2019",2018,2019,2026-06-30,5,4,-34.7856227,-55.9253815,media,puerta más cercana en la misma calle,89,Direcciones Geográficas del Uruguay (IDE),"[""https://www.gub.uy/ministerio-salud-publica/sites/ministerio-salud-publica/files/2026-06/ELEPEM%20HABILITADOS%20JUNIO%202026.pdf"", ""https://www.gub.uy/ministerio-desarrollo-social/etiqueta/otros/canelones-establecimientos-larga-estadia-para-personas-mayores-certificado-social"", ""https://www.gub.uy/sistema-cuidados/comunicacion/comunicados/programa-apoyo-cuidado-permanente-pacp"", ""https://www.gub.uy/ministerio-salud-publica/sites/ministerio-salud-publica/files/2024-03/ELEPEM%20CERTIFICADOS%207-3-2024.pdf""]"
ELP-0045,LA CAROLINA,Canelones,CANELONES CIUDAD DE LA,"GUSTAVO NICOLICH, MANZANA 105 , SOLAR 3, COLONIA NICOLICH","GUSTAVO NICOLICH, MANZANA","105 , SOLAR 3, COLONIA NICOLICH",,,,,,Certificado de registro MSP (histórico),False,False,True,False,1,027/2022,2022,2022,2022,1,1,-34.8130692,-56.0402766,alta,calle y puerta exacta,100,Direcciones Geográficas del Uruguay (IDE),"[""https://www.gub.uy/ministerio-salud-publica/sites/ministerio-salud-publica/files/2024-03/ELEPEM%20CERTIFICADOS%207-3-2024.pdf""]"
ELP-0046,LA CASA NARANJA,Canelones,COSTA,MARISOL 1030 ESQ GESTIDO,MARISOL,1030 ESQ GESTIDO,,,,,,Certificado de registro MSP (histórico),False,False,True,False,1,092/2022,2022,2022,2022,1,1,-34.8344848,-55.9581279,media,puerta más cercana en la misma calle,84,Direcciones Geográficas del Uruguay (IDE),"[""https://www.gub.uy/ministerio-salud-publica/sites/ministerio-salud-publica/files/2024-03/ELEPEM%20CERTIFICADOS%207-3-2024.pdf""]"
ELP-0047,LA ESPERANZA,Canelones,Los Cerrillos,RUTA 36 KM. 31,RUTA 36,Km 31,,,,,,Certificado de registro MSP (histórico),False,False,True,False,1,151/2022,2022,2022,2022,1,1,-34.6191498,-56.334135,media-baja,centroide de calle,70,Direcciones Geográficas del Uruguay (IDE),"[""https://www.gub.uy/ministerio-salud-publica/sites/ministerio-salud-publica/files/2024-03/ELEPEM%20CERTIFICADOS%207-3-2024.pdf""]"
ELP-0048,La Estancia Hotel Residencial,Canelones,Canelones,María Stagnero De Munar Esq. Camino Imperiale S/N,María Stagnero De Munar Esq. Camino Imperiale,S/N,,97774000,,,,Certificado Social MIDES,False,True,True,False,1,048/2022,2022,2022,2024-07-15,2,2,-34.5642577,-56.2288138,media-baja,centroide de calle,70,Direcciones Geográficas del Uruguay (IDE),"[""https://www.gub.uy/ministerio-desarrollo-social/etiqueta/otros/canelones-establecimientos-larga-estadia-para-personas-mayores-certificado-social"", ""https://www.gub.uy/ministerio-salud-publica/sites/ministerio-salud-publica/files/2024-03/ELEPEM%20CERTIFICADOS%207-3-2024.pdf""]"
ELP-0049,La Familia,Canelones,,18 de Julio 796,,18 de Julio 796,,,,,,Certificado de registro MSP (histórico),False,False,True,False,1,108/2019,2019,2019,2019,1,1,-34.7041825,-55.9930945,muy baja,centroide departamental,20,Direcciones Geográficas del Uruguay (IDE),"[""https://www.gub.uy/ministerio-salud-publica/sites/ministerio-salud-publica/files/2024-03/ELEPEM%20CERTIFICADOS%207-3-2024.pdf""]"
ELP-0050,La Posada,Canelones,,Becu M 28 S 1,Becu M,28 S 1,,,,,,Certificado de registro MSP (histórico),False,False,True,False,1,135/2019,2019,2019,2019,1,1,-34.8371893,-55.980077,alta,calle y puerta exacta,80,Direcciones Geográficas del Uruguay (IDE),"[""https://www.gub.uy/ministerio-salud-publica/sites/ministerio-salud-publica/files/2024-03/ELEPEM%20CERTIFICADOS%207-3-2024.pdf""]"
ELP-0051,La Quinta,Canelones,San Jacinto,Ruta 11 Km 135.500,Ruta 11,Km 135.500,,43909952,,,,Certificado Social MIDES,False,True,True,False,1,067/2022,2022,2022,2024-07-15,2,2,-34.7614724,-55.7784711,media-baja,centroide de calle,70,Direcciones Geográficas del Uruguay (IDE),"[""https://www.gub.uy/ministerio-desarrollo-social/etiqueta/otros/canelones-establecimientos-larga-estadia-para-personas-mayores-certificado-social"", ""https://www.gub.uy/ministerio-salud-publica/sites/ministerio-salud-publica/files/2024-03/ELEPEM%20CERTIFICADOS%207-3-2024.pdf""]"
ELP-0052,La Rochelle,Canelones,Shangrila,Del Estio Esq. Circunvalacion Del Uruguay M33 S16,Del Estio Esq. Circunvalacion Del Uruguay,M33 S16,,26824963,,,,Certificado Social MIDES,False,True,True,False,1,081/2021,2021,2021,2024-07-15,2,2,-34.8543527,-55.9932883,alta,calle y puerta exacta,100,Direcciones Geográficas del Uruguay (IDE),"[""https://www.gub.uy/ministerio-desarrollo-social/etiqueta/otros/canelones-establecimientos-larga-estadia-para-personas-mayores-certificado-social"", ""https://www.gub.uy/ministerio-salud-publica/sites/ministerio-salud-publica/files/2024-03/ELEPEM%20CERTIFICADOS%207-3-2024.pdf""]"
ELP-0053,LA SOÑADA,Canelones,COSTA- SOLYMAR,Pinos M3 S13,Pinos M,3 S13,,,,,,Certificado de registro MSP (histórico),False,False,True,False,1,011/2023,2023,2023,2023,1,1,-34.8332503,-55.9543655,alta,calle y puerta exacta,100,Direcciones Geográficas del Uruguay (IDE),"[""https://www.gub.uy/ministerio-salud-publica/sites/ministerio-salud-publica/files/2024-03/ELEPEM%20CERTIFICADOS%207-3-2024.pdf""]"
ELP-0054,La Tacuara,Canelones,,James Summer M42 S3 - Ciudad de la Costa,James Summer M,42 S3 - Ciudad de la Costa,,,,,,Certificado de registro MSP (histórico),False,False,True,False,1,036/2018,2018,2018,2018,1,1,-34.8231134,-55.9580425,alta,calle y puerta exacta,100,Direcciones Geográficas del Uruguay (IDE),"[""https://www.gub.uy/ministerio-salud-publica/sites/ministerio-salud-publica/files/2024-03/ELEPEM%20CERTIFICADOS%207-3-2024.pdf""]"
ELP-0055,LOS LAGOS,Canelones,SOLYMAR,"LOS PINOS, MANZANA3,SOLAR 13","LOS PINOS, MANZANA","3,SOLAR 13",,,,,,Certificado de registro MSP (histórico),False,False,True,False,1,084/2022,2022,2022,2022,1,1,-34.7299575,-56.0954741,alta,calle y puerta exacta,100,Direcciones Geográficas del Uruguay (IDE),"[""https://www.gub.uy/ministerio-salud-publica/sites/ministerio-salud-publica/files/2024-03/ELEPEM%20CERTIFICADOS%207-3-2024.pdf""]"
ELP-0056,Luz Del Sol,Canelones,Lagomar,Luz Del Sol M58 S5,Luz Del Sol,M58 S5,,26832205,,,,Certificado Social MIDES,False,True,False,False,0,,,,2024-07-15,1,1,-34.8532904,-55.9871916,alta,calle y puerta exacta,100,Direcciones Geográficas del Uruguay (IDE),"[""https://www.gub.uy/ministerio-desarrollo-social/etiqueta/otros/canelones-establecimientos-larga-estadia-para-personas-mayores-certificado-social""]"
ELP-0057,LUZ DEL SOL,Canelones,CANELONES,MANZANA 58 SOLAR 5,MANZANA,58 SOLAR 5,,,,,,Certificado de registro MSP (histórico),False,False,True,False,1,026/2022,2022,2022,2022,1,1,-34.3571689,-55.657482,media,puerta más cercana en la misma calle,76,Direcciones Geográficas del Uruguay (IDE),"[""https://www.gub.uy/ministerio-salud-publica/sites/ministerio-salud-publica/files/2024-03/ELEPEM%20CERTIFICADOS%207-3-2024.pdf""]"
ELP-0058,MALLET,Canelones,BARROS BLANCOS,RUTA 8 Y RUTA 74. INTENDENTE RIVERA S/N,RUTA,8 Y RUTA 74. INTENDENTE RIVERA S/N,,,,,,Certificado de registro MSP (histórico),False,False,True,False,1,002/2022,2022,2022,2022,1,1,-34.442073,-56.1768937,alta,calle y puerta exacta,100,Direcciones Geográficas del Uruguay (IDE),"[""https://www.gub.uy/ministerio-salud-publica/sites/ministerio-salud-publica/files/2024-03/ELEPEM%20CERTIFICADOS%207-3-2024.pdf""]"
ELP-0059,Mi Lugar,Canelones,,Zorilla 1126,Zorilla,1126,,,,,,Certificado de registro MSP (histórico),False,False,True,False,1,116/2019,2019,2019,2019,1,1,-34.7628792,-55.5704345,media-baja,centroide de calle,70,Direcciones Geográficas del Uruguay (IDE),"[""https://www.gub.uy/ministerio-salud-publica/sites/ministerio-salud-publica/files/2024-03/ELEPEM%20CERTIFICADOS%207-3-2024.pdf""]"
ELP-0060,Mi Sueño,Canelones,,Giannattasio 236,Giannattasio,236,,,,,,Certificado de registro MSP (histórico),False,False,True,False,1,053/2019,2019,2019,2019,1,1,-34.8304314,-55.9746061,alta,calle y puerta exacta,100,Direcciones Geográficas del Uruguay (IDE),"[""https://www.gub.uy/ministerio-salud-publica/sites/ministerio-salud-publica/files/2024-03/ELEPEM%20CERTIFICADOS%207-3-2024.pdf""]"
ELP-0061,MIS CONSENTIDOS,Canelones,SUR,CALLE 8 ESQ. CALLE 15,CALLE,8 ESQ. CALLE 15,,,,,,Certificado de registro MSP (histórico),False,False,True,False,1,081/2022,2022,2022,2022,1,1,-34.7427686,-55.7222615,alta,calle y puerta exacta,100,Direcciones Geográficas del Uruguay (IDE),"[""https://www.gub.uy/ministerio-salud-publica/sites/ministerio-salud-publica/files/2024-03/ELEPEM%20CERTIFICADOS%207-3-2024.pdf""]"
ELP-0062,NOA,Canelones,LAS PIEDRAS,BATLLE ORDOÑEZ 688,BATLLE ORDOÑEZ,688,,,,,,Certificado de registro MSP (histórico),False,False,True,False,1,105/2022,2022,2022,2022,1,1,-34.7260397,-56.219158,alta,calle y puerta exacta,100,Direcciones Geográficas del Uruguay (IDE),"[""https://www.gub.uy/ministerio-salud-publica/sites/ministerio-salud-publica/files/2024-03/ELEPEM%20CERTIFICADOS%207-3-2024.pdf""]"
ELP-0063,NUEVO AMANECER,Canelones,La Floresta,Argentina Esq Las Flores M6 Solar 7,Argentina Esq Las Flores M,6 Solar 7,,,,,,Certificado de registro MSP (histórico),False,False,True,False,1,048/2023,2023,2023,2023,1,1,-34.7215584,-56.2093055,alta,calle y puerta exacta,100,Direcciones Geográficas del Uruguay (IDE),"[""https://www.gub.uy/ministerio-salud-publica/sites/ministerio-salud-publica/files/2024-03/ELEPEM%20CERTIFICADOS%207-3-2024.pdf""]"
ELP-0064,Pinares,Canelones,Solymar,James Summer M42 S7,James Summer,M42 S7,,97324119,,,,Certificado Social MIDES,False,True,False,False,0,,,,2024-07-15,1,1,-34.8231134,-55.9580425,alta,calle y puerta exacta,100,Direcciones Geográficas del Uruguay (IDE),"[""https://www.gub.uy/ministerio-desarrollo-social/etiqueta/otros/canelones-establecimientos-larga-estadia-para-personas-mayores-certificado-social""]"
ELP-0065,PINARES,Canelones,CIUDAD DE LA COSA,Summer M24 S7 esq Marquez Castro,Summer M,24 S7,,,,,,Certificado de registro MSP (histórico),False,False,True,False,1,005/2023,2023,2023,2023,1,1,-34.8231134,-55.9580425,media,puerta más cercana en la misma calle,84,Direcciones Geográficas del Uruguay (IDE),"[""https://www.gub.uy/ministerio-salud-publica/sites/ministerio-salud-publica/files/2024-03/ELEPEM%20CERTIFICADOS%207-3-2024.pdf""]"
ELP-0066,PRIMAVERA,Canelones,LAS PIEDRAS,BVAR. ARTIGAS 365,BVAR. ARTIGAS,365,,,,,,Certificado de registro MSP (histórico),False,False,True,False,1,120/2022,2022,2022,2022,1,1,-34.7320782,-56.0311454,media,puerta más cercana en la misma calle,86,Direcciones Geográficas del Uruguay (IDE),"[""https://www.gub.uy/ministerio-salud-publica/sites/ministerio-salud-publica/files/2024-03/ELEPEM%20CERTIFICADOS%207-3-2024.pdf""]"
ELP-0067,Primavera I,Canelones,Las Piedras,Av. Artigas 365,Av. Artigas,365,14,098632348,katiapiria@hotmail.com,,,Habilitación final MSP,True,False,False,False,0,,,,2026-06-30,1,1,-34.7265308,-56.2069736,alta,calle y puerta exacta,100,Direcciones Geográficas del Uruguay (IDE),"[""https://www.gub.uy/ministerio-salud-publica/sites/ministerio-salud-publica/files/2026-06/ELEPEM%20HABILITADOS%20JUNIO%202026.pdf""]"
ELP-0068,PROCURA RESIDENCIAL EX BELLA ESTDIA,Canelones,CANELONES,"AV GIANNATASSIO MANZANA 47, SOLAR 4",AV GIANNATASSIO MANZANA,"47, SOLAR 4",,,,,,Certificado de registro MSP (histórico),False,False,True,False,1,085/2022,2022,2022,2022,1,1,-34.7671965,-55.8597327,media,puerta más cercana en la misma calle,89,Direcciones Geográficas del Uruguay (IDE),"[""https://www.gub.uy/ministerio-salud-publica/sites/ministerio-salud-publica/files/2024-03/ELEPEM%20CERTIFICADOS%207-3-2024.pdf""]"
ELP-0069,Residencial Del Lago,Canelones,Barra De Carrasco,Av. De Las Americas 5500,Av. De Las Americas,5500,,26003503,,,,Certificado Social MIDES,False,True,True,False,2,"064/2018, 065/2020",2018,2020,2024-07-15,3,2,-34.8651927,-56.0304142,alta,calle y puerta exacta,100,Direcciones Geográficas del Uruguay (IDE),"[""https://www.gub.uy/ministerio-desarrollo-social/etiqueta/otros/canelones-establecimientos-larga-estadia-para-personas-mayores-certificado-social"", ""https://www.gub.uy/ministerio-salud-publica/sites/ministerio-salud-publica/files/2024-03/ELEPEM%20CERTIFICADOS%207-3-2024.pdf""]"
ELP-0070,Residencia Puentecasa,Canelones,,Calle 22 entre Calle 5 y Av. Artigas - Atlántida,Calle,22,,,,,,Certificado de registro MSP (histórico),False,False,True,False,1,025/2018,2018,2018,2018,1,1,-34.7408442,-55.7165062,media,puerta más cercana en la misma calle,89,Direcciones Geográficas del Uruguay (IDE),"[""https://www.gub.uy/ministerio-salud-publica/sites/ministerio-salud-publica/files/2024-03/ELEPEM%20CERTIFICADOS%207-3-2024.pdf""]"
ELP-0071,Residencial Brasil,Canelones,Lucia,Brasil 106,Brasil,106,,,,,,Certificado de registro MSP (histórico),False,False,True,False,1,089/2021,2021,2021,2021,1,1,-34.4551762,-56.3915198,alta,calle y puerta exacta,100,Direcciones Geográficas del Uruguay (IDE),"[""https://www.gub.uy/ministerio-salud-publica/sites/ministerio-salud-publica/files/2024-03/ELEPEM%20CERTIFICADOS%207-3-2024.pdf""]"
ELP-0072,Residencial El Gaucho,Canelones,,Ildefonso de León s/n - Tala,Ildefonso de León,S/N,,,,,,Certificado de registro MSP (histórico),False,False,True,False,1,043/2018,2018,2018,2018,1,1,-34.3549167,-55.766262,media-baja,centroide de calle,70,Direcciones Geográficas del Uruguay (IDE),"[""https://www.gub.uy/ministerio-salud-publica/sites/ministerio-salud-publica/files/2024-03/ELEPEM%20CERTIFICADOS%207-3-2024.pdf""]"
ELP-0073,Residencial El Ibirapitá,Canelones,Atlantida,"Calle 16, Manzana 114 , Solar 0007",Calle,"16, Manzana 114 , Solar 0007",,,,,,Certificado de registro MSP (histórico),False,False,True,False,1,006/2021,2021,2021,2021,1,1,-34.7414611,-55.7183169,alta,calle y puerta exacta,100,Direcciones Geográficas del Uruguay (IDE),"[""https://www.gub.uy/ministerio-salud-publica/sites/ministerio-salud-publica/files/2024-03/ELEPEM%20CERTIFICADOS%207-3-2024.pdf""]"
ELP-0074,Residencial Solís,Canelones,Parque del Plata,Rambla Costanera Artigas 13187,Rambla Costanera Artigas,13187,,,,,,Certificado de registro MSP (histórico),False,False,True,False,2,"005/2021, 066/2021",2021,2021,2021,2,1,-34.7580632,-55.7463464,media-baja,centroide de calle,70,Direcciones Geográficas del Uruguay (IDE),"[""https://www.gub.uy/ministerio-salud-publica/sites/ministerio-salud-publica/files/2024-03/ELEPEM%20CERTIFICADOS%207-3-2024.pdf""]"
ELP-0075,Residencial En Flia,Canelones,Ciudad De La Paz,Cesar Mayo Gutierrez 161,Cesar Mayo Gutierrez,161,,,,,,Certificado de registro MSP (histórico),False,False,True,False,1,038/2021,2021,2021,2021,1,1,-34.7645014,-56.2279616,alta,calle y puerta exacta,100,Direcciones Geográficas del Uruguay (IDE),"[""https://www.gub.uy/ministerio-salud-publica/sites/ministerio-salud-publica/files/2024-03/ELEPEM%20CERTIFICADOS%207-3-2024.pdf""]"
ELP-0076,Residencial Estrella,Canelones,,Ruta 8 esquina Zeus,Ruta,8,,,,,,Certificado de registro MSP (histórico),False,False,True,False,1,063/2019,2019,2019,2019,1,1,-34.442073,-56.1768937,alta,calle y puerta exacta,100,Direcciones Geográficas del Uruguay (IDE),"[""https://www.gub.uy/ministerio-salud-publica/sites/ministerio-salud-publica/files/2024-03/ELEPEM%20CERTIFICADOS%207-3-2024.pdf""]"
ELP-0077,Residencial Hogar San Vicente de Paul,Canelones,Las Piedras,Julio Sosa 674,Julio Sosa,674,,,,,,Certificado de registro MSP (histórico),False,False,True,False,1,083/2021,2021,2021,2021,1,1,-34.7468388,-56.2153284,media,puerta más cercana en la misma calle,89,Direcciones Geográficas del Uruguay (IDE),"[""https://www.gub.uy/ministerio-salud-publica/sites/ministerio-salud-publica/files/2024-03/ELEPEM%20CERTIFICADOS%207-3-2024.pdf""]"
ELP-0078,Residencial Jardines de Neptunia,Canelones,Canelones,sito en Ruta 34 km 48 Neptunia,sito en Ruta,34 km 48 Neptunia,,,,,,Certificado de registro MSP (histórico),False,False,True,False,1,110/2020,2020,2020,2020,1,1,-34.5078609,-56.2637942,baja,centroide de localidad,35,Direcciones Geográficas del Uruguay (IDE),"[""https://www.gub.uy/ministerio-salud-publica/sites/ministerio-salud-publica/files/2024-03/ELEPEM%20CERTIFICADOS%207-3-2024.pdf""]"
ELP-0079,Residencial Las Tres Marias,Canelones,Atlantida,Atlantida,Atlantida,,,,,,,Certificado de registro MSP (histórico),False,False,True,False,1,029/2020,2020,2020,2020,1,1,-34.8022396,-56.0020188,media-baja,centroide de calle,70,Direcciones Geográficas del Uruguay (IDE),"[""https://www.gub.uy/ministerio-salud-publica/sites/ministerio-salud-publica/files/2024-03/ELEPEM%20CERTIFICADOS%207-3-2024.pdf""]"
ELP-0080,Residencial Las Tres Marías,Canelones,Atlantida,"Ruta 11 y comienzo del camino P del Plata, s/n",Ruta,11,,,,,,Certificado de registro MSP (histórico),False,False,True,False,1,057/2020,2020,2020,2020,1,1,-34.4522299,-55.9930328,alta,calle y puerta exacta,100,Direcciones Geográficas del Uruguay (IDE),"[""https://www.gub.uy/ministerio-salud-publica/sites/ministerio-salud-publica/files/2024-03/ELEPEM%20CERTIFICADOS%207-3-2024.pdf""]"
ELP-0081,Residencial Margarita Susana Rodriguez Llull,Canelones,,"Tres Banderas entres Catalán y Cerrito, Solar 18 manzana 52","Tres Banderas entres Catalán y Cerrito, Solar",18 manzana 52,,,,,,Certificado de registro MSP (histórico),False,False,True,False,1,155/2019,2019,2019,2019,1,1,-34.7579949,-55.988549,media,puerta más cercana en la misma calle,89,Direcciones Geográficas del Uruguay (IDE),"[""https://www.gub.uy/ministerio-salud-publica/sites/ministerio-salud-publica/files/2024-03/ELEPEM%20CERTIFICADOS%207-3-2024.pdf""]"
ELP-0082,Residencial Maria Bacelar,Canelones,,Rio de Janeiro s/n Mz 124 S.5,Rio de Janeiro s/n Mz,124 S.5,,,,,,Certificado de registro MSP (histórico),False,False,True,False,1,050/2019,2019,2019,2019,1,1,-34.8372604,-55.9849075,alta,calle y puerta exacta,100,Direcciones Geográficas del Uruguay (IDE),"[""https://www.gub.uy/ministerio-salud-publica/sites/ministerio-salud-publica/files/2024-03/ELEPEM%20CERTIFICADOS%207-3-2024.pdf""]"
ELP-0083,Residencial Mi Sueño,Canelones,San Jacinto,"Ruta 11 km 148,500",Ruta 11,"Km 148,500",,,,,,Certificado de registro MSP (histórico),False,False,True,False,1,057/2021,2021,2021,2021,1,1,-34.7403502,-55.7771261,media-baja,centroide de calle,70,Direcciones Geográficas del Uruguay (IDE),"[""https://www.gub.uy/ministerio-salud-publica/sites/ministerio-salud-publica/files/2024-03/ELEPEM%20CERTIFICADOS%207-3-2024.pdf""]"
ELP-0084,Residencial Olimpo,Canelones,Canelones,Canelones 2324,Canelones,2324,,,,,,Certificado de registro MSP (histórico),False,False,True,False,1,101/2020,2020,2020,2020,1,1,-34.6477299,-56.0677961,media,puerta más cercana en la misma calle,89,Direcciones Geográficas del Uruguay (IDE),"[""https://www.gub.uy/ministerio-salud-publica/sites/ministerio-salud-publica/files/2024-03/ELEPEM%20CERTIFICADOS%207-3-2024.pdf""]"
ELP-0085,"Residencial Rincon de los abuelos Costa Rica y Nicaragua Chalet El Remanso Eudoxio Vivas s/n Brasil 750 Marco Bruto 1213 Dr. Arregui 352 Ceibal 404 Av. Pedragosa Sierra y el Havre, padrón 7084 Calderón de la Barca, Solar 1, manzana 83, barrio Jardines de Córdoba Hugo de los Santos Recarte 1284 AV. Bvar Artigas 4101 Waldemar Hansen 1764 Hilario Ascasubi 4114 Nuble Gonzalez Olaza s/n Coquimbo 2309 Cesar Mayo Gutierrez 161 Salto 1176 Rambla Rep de Mexico 5913 18 de julio 1283 Juan Carlos Blanco 3362 Roman Guerra 724 Tenerife esq. Prado Alberdi 6250 Sosa Bernadet 475 Luis A de Herrera 2720 Batalla de las Piedras 232 Instrucciones 947 Bvar España 2516 Luis Cavia 2996 Echevarriarza 3456 Sarandi 1236 Av Agraciada 3080 Veracierto 2787 Agraciada 2405 Ruta 11 km 148,500 Ramon Anador 3481 Margarita 5707 Av Garzon 973 Asilo 3479 26 de marzo 3322 Av Horacio Acosta y Lara 7286 Manuel Lavalleja 1063 Juan de Dios Peza 1920",Canelones,,Juan de Dios Peza 1920 Punta del Este Lascano Salto Montevideo Salto Pan de Azúcar Punta del Este Punta del Este Montevideo Montevideo Montevideo Montevideo San Carlos Montevideo Ciudad de la Paz Montevideo Montevideo Soriano Montevideo Maldonado Punta del Este Montevideo Sarandi del Yi Montevideo Ciudad de Durazno Montevideo Montevideo Montevideo Montevideo Ciudad de Paysandu Montevideo Montevideo Montevideo San Jacinto Montevideo Montevideo Montevideo Montevideo Montevideo Montevideo Treinta y Tres Montevideo,Juan de Dios Peza,1920 Punta del Este Lascano Salto Montevideo Salto Pan de Azúcar Punta del Este Punta del Este Montevideo Montevideo Montevideo Montevideo San Carlos Montevideo Ciudad de la Paz Montevideo Montevideo Soriano Montevideo Maldonado Punta del Este Montevideo Sarandi del Yi Montevideo Ciudad de Durazno Montevideo Montevideo Montevideo Montevideo Ciudad de Paysandu Montevideo Montevideo Montevideo San Jacinto Montevideo Montevideo Montevideo Montevideo Montevideo Montevideo Treinta,,,,,,Certificado de registro MSP (histórico),False,False,True,False,1,065/2021,2021,2021,2021,1,1,-34.5320561,-56.4097288,media-baja,centroide de calle,70,Direcciones Geográficas del Uruguay (IDE),"[""https://www.gub.uy/ministerio-salud-publica/sites/ministerio-salud-publica/files/2024-03/ELEPEM%20CERTIFICADOS%207-3-2024.pdf""]"
ELP-0086,Residencial Romanela,Canelones,,Sarandí s/n,Sarandí,S/N,,,,,,Certificado de registro MSP (histórico),False,False,True,False,1,177/2019,2019,2019,2019,1,1,-34.625648,-56.1026622,media-baja,centroide de calle,70,Direcciones Geográficas del Uruguay (IDE),"[""https://www.gub.uy/ministerio-salud-publica/sites/ministerio-salud-publica/files/2024-03/ELEPEM%20CERTIFICADOS%207-3-2024.pdf""]"
ELP-0087,Residencial Senescentis II,Canelones,El Pinar,Perez Butler manzana 257 solar 2,Perez Butler manzana,257 solar 2,,,,,,Certificado de registro MSP (histórico),False,False,True,False,1,055/2020,2020,2020,2020,1,1,-34.8047558,-55.9038521,alta,calle y puerta exacta,75,Direcciones Geográficas del Uruguay (IDE),"[""https://www.gub.uy/ministerio-salud-publica/sites/ministerio-salud-publica/files/2024-03/ELEPEM%20CERTIFICADOS%207-3-2024.pdf""]"
ELP-0088,Residencial Sol y Aire,Canelones,,Ruta 8 vieja km 57500,Ruta 8 vieja,Km 57500,,,,,,Certificado de registro MSP (histórico),False,False,True,False,1,067/2019,2019,2019,2019,1,1,-34.6681556,-55.7522746,media-baja,centroide de calle,70,Direcciones Geográficas del Uruguay (IDE),"[""https://www.gub.uy/ministerio-salud-publica/sites/ministerio-salud-publica/files/2024-03/ELEPEM%20CERTIFICADOS%207-3-2024.pdf""]"
ELP-0089,Residencial Sol y Aire,Canelones,,Zenón Burgueño s/n,Zenón Burgueño,S/N,,,,,,Certificado de registro MSP (histórico),False,False,True,False,1,156/2019,2019,2019,2019,1,1,-34.6774497,-55.7127955,media-baja,centroide de calle,70,Direcciones Geográficas del Uruguay (IDE),"[""https://www.gub.uy/ministerio-salud-publica/sites/ministerio-salud-publica/files/2024-03/ELEPEM%20CERTIFICADOS%207-3-2024.pdf""]"
ELP-0090,SOLYMAR,Canelones,SOLYMAR SUR,ROCHA ENTRE GRAL GESTIDO Y ACHIRAS,ROCHA ENTRE GRAL GESTIDO Y ACHIRAS,,,,,,,Certificado de registro MSP (histórico),False,False,True,False,2,"148/2019, 097/2022",2019,2022,2022,2,1,-34.5756825,-56.2533798,media-baja,centroide de calle,70,Direcciones Geográficas del Uruguay (IDE),"[""https://www.gub.uy/ministerio-salud-publica/sites/ministerio-salud-publica/files/2024-03/ELEPEM%20CERTIFICADOS%207-3-2024.pdf""]"
ELP-0091,SAN CONO,Canelones,SAN RAMON,18 de Julio s/n,,18 de Julio s/n,,,,,,Certificado de registro MSP (histórico),False,False,True,False,1,057/2023,2023,2023,2023,1,1,-34.2921177,-55.9516599,baja,centroide de localidad,35,Direcciones Geográficas del Uruguay (IDE),"[""https://www.gub.uy/ministerio-salud-publica/sites/ministerio-salud-publica/files/2024-03/ELEPEM%20CERTIFICADOS%207-3-2024.pdf""]"
ELP-0092,Senescentis Ii,Canelones,El Pinar,Av. Pérez Butler M257 S2,Av. Pérez Butler,M257 S2,,098725165 / 26816645,,,,Certificado Social MIDES,False,True,False,False,0,,,,2024-07-15,1,1,-34.769625,-55.8752835,media-baja,centroide de calle,70,Direcciones Geográficas del Uruguay (IDE),"[""https://www.gub.uy/ministerio-desarrollo-social/etiqueta/otros/canelones-establecimientos-larga-estadia-para-personas-mayores-certificado-social""]"
ELP-0093,Seniority Magna,Canelones,Barra de Carrasco,Niteroi 948,Niteroi,948,38,26003938,magnacoordinacion@gmail.com,,,Habilitación final MSP,True,True,True,False,1,112/2019,2019,2019,2026-06-30,3,3,-34.8716267,-56.0200182,alta,calle y puerta exacta,100,Direcciones Geográficas del Uruguay (IDE),"[""https://www.gub.uy/ministerio-salud-publica/sites/ministerio-salud-publica/files/2026-06/ELEPEM%20HABILITADOS%20JUNIO%202026.pdf"", ""https://www.gub.uy/ministerio-desarrollo-social/etiqueta/otros/canelones-establecimientos-larga-estadia-para-personas-mayores-certificado-social"", ""https://www.gub.uy/ministerio-salud-publica/sites/ministerio-salud-publica/files/2024-03/ELEPEM%20CERTIFICADOS%207-3-2024.pdf""]"
ELP-0094,SOL DE ATLÀNTIDA,Canelones,ATLANTIDA,CALLE 10 ESQ CIRCUNVALACIÒN Y CALLE 1 B,CALLE,10 ESQ CIRCUNVALACIÒN Y CALLE 1 B,,,,,,Certificado de registro MSP (histórico),False,False,True,False,1,134/2022,2022,2022,2022,1,1,-34.7420916,-55.7209064,alta,calle y puerta exacta,100,Direcciones Geográficas del Uruguay (IDE),"[""https://www.gub.uy/ministerio-salud-publica/sites/ministerio-salud-publica/files/2024-03/ELEPEM%20CERTIFICADOS%207-3-2024.pdf""]"
ELP-0095,Solana,Canelones,Parque del Plata,Calle 19 entre G y H M354 S20,Calle,19,,,,,,Certificado de registro MSP (histórico),False,False,True,False,1,004/2024,2024,2024,2024,1,1,-34.741305,-55.7178728,alta,calle y puerta exacta,100,Direcciones Geográficas del Uruguay (IDE),"[""https://www.gub.uy/ministerio-salud-publica/sites/ministerio-salud-publica/files/2024-03/ELEPEM%20CERTIFICADOS%207-3-2024.pdf""]"
ELP-0096,Solange Alejandra Amaya,Canelones,,Bella Vista 2057,Bella Vista,2057,,,,,,Certificado de registro MSP (histórico),False,False,True,False,1,123/2019,2019,2019,2019,1,1,-34.2821421,-55.9625457,media-baja,centroide de calle,70,Direcciones Geográficas del Uruguay (IDE),"[""https://www.gub.uy/ministerio-salud-publica/sites/ministerio-salud-publica/files/2024-03/ELEPEM%20CERTIFICADOS%207-3-2024.pdf""]"
ELP-0097,Taita Guazú,Canelones,,Ruta 36 Km. 30500 - Los Cerrillos,Ruta 36,Km 30500,,,,,,Certificado de registro MSP (histórico),False,False,True,False,1,022/2018,2018,2018,2018,1,1,-34.6139632,-56.3525374,media-baja,centroide de calle,70,Direcciones Geográficas del Uruguay (IDE),"[""https://www.gub.uy/ministerio-salud-publica/sites/ministerio-salud-publica/files/2024-03/ELEPEM%20CERTIFICADOS%207-3-2024.pdf""]"
ELP-0098,DULCE HOGAR,Cerro Largo,Melo,DORROTEO NAVARRETE 510,DORROTEO NAVARRETE,510,,,,,,Certificado de registro MSP (histórico),False,False,True,False,1,074/2022,2022,2022,2022,1,1,-32.3731707,-54.1659205,alta,calle y puerta exacta,97,Direcciones Geográficas del Uruguay (IDE),"[""https://www.gub.uy/ministerio-salud-publica/sites/ministerio-salud-publica/files/2024-03/ELEPEM%20CERTIFICADOS%207-3-2024.pdf""]"
ELP-0099,DULCE HOGAR ANEXO,Cerro Largo,Melo,AGUSTIN D E LA ROSA 687,AGUSTIN D E LA ROSA,687,,,,,,Certificado de registro MSP (histórico),False,False,True,False,1,073/2022,2022,2022,2022,1,1,-32.3698111,-54.1711363,alta,calle y puerta exacta,97,Direcciones Geográficas del Uruguay (IDE),"[""https://www.gub.uy/ministerio-salud-publica/sites/ministerio-salud-publica/files/2024-03/ELEPEM%20CERTIFICADOS%207-3-2024.pdf""]"
ELP-0100,Hogar Blanca Castro de Argencio,Cerro Largo,Fraile Muerto,General Artigas,General Artigas,,24,46889032 | 46889038,frailemuertomfve@gmail.com,,,Habilitación final MSP,True,True,True,False,1,008/2019,2019,2019,2026-06-30,3,3,-32.4667347,-54.2313753,media-baja,centroide de calle,70,Direcciones Geográficas del Uruguay (IDE),"[""https://www.gub.uy/ministerio-salud-publica/sites/ministerio-salud-publica/files/2026-06/ELEPEM%20HABILITADOS%20JUNIO%202026.pdf"", ""https://www.gub.uy/ministerio-desarrollo-social/etiqueta/otros/cerro-largo-establecimientos-larga-estadia-para-personas-mayores-certificado-social"", ""https://www.gub.uy/ministerio-salud-publica/sites/ministerio-salud-publica/files/2024-03/ELEPEM%20CERTIFICADOS%207-3-2024.pdf""]"
ELP-0101,Hogar De Ancianos Y Obras Sociales De Rio Branco,Cerro Largo,Rio Branco,Calle 2 (Barrio Omar Rojas) S/N,Calle 2 (Barrio Omar Rojas),S/N,,46754796 / 46752960,,,,Certificado Social MIDES,False,True,True,False,1,138/2022,2022,2022,2024-07-15,2,2,-32.6224869,-53.8709812,media-baja,centroide de calle,70,Direcciones Geográficas del Uruguay (IDE),"[""https://www.gub.uy/ministerio-desarrollo-social/etiqueta/otros/cerro-largo-establecimientos-larga-estadia-para-personas-mayores-certificado-social"", ""https://www.gub.uy/ministerio-salud-publica/sites/ministerio-salud-publica/files/2024-03/ELEPEM%20CERTIFICADOS%207-3-2024.pdf""]"
ELP-0102,Residencial Abuela María,Cerro Largo,,Treinta y Tres 761 - Melo,Treinta y Tres,761 - Melo,,,,,,Certificado de registro MSP (histórico),False,False,True,False,2,"042/2018, 044/2018",2018,2018,2018,2,1,-32.3685819,-54.1663924,alta,calle y puerta exacta,100,Direcciones Geográficas del Uruguay (IDE),"[""https://www.gub.uy/ministerio-salud-publica/sites/ministerio-salud-publica/files/2024-03/ELEPEM%20CERTIFICADOS%207-3-2024.pdf""]"
ELP-0103,Aida Arce,Colonia,,Carmen 274,Carmen,274,,,,,,Certificado de registro MSP (histórico),False,False,True,False,1,019/2018,2018,2018,2018,1,1,-33.999311,-58.2872496,alta,calle y puerta exacta,100,Direcciones Geográficas del Uruguay (IDE),"[""https://www.gub.uy/ministerio-salud-publica/sites/ministerio-salud-publica/files/2024-03/ELEPEM%20CERTIFICADOS%207-3-2024.pdf""]"
ELP-0104,El Árbol de la Vida,Colonia,Juan Lacaze,"Juana C. Campomar 131, Senaque 85",Juana C. Campomar,"131, Senaque 85",27,45865153 | 45865153 - 092972158,jorgeceronfornari@hotmail.com,CERON FORNARI JORGE ARMANDO,04 047533 0012,Habilitación final MSP,True,True,True,True,1,068/2021,2021,2021,2026-06-30,4,4,-34.4352433,-57.4355114,media,puerta más cercana en la misma calle,89,Direcciones Geográficas del Uruguay (IDE),"[""https://www.gub.uy/ministerio-salud-publica/sites/ministerio-salud-publica/files/2026-06/ELEPEM%20HABILITADOS%20JUNIO%202026.pdf"", ""https://www.gub.uy/ministerio-desarrollo-social/etiqueta/otros/colonia-establecimientos-larga-estadia-para-personas-mayores-certificado-social"", ""https://www.gub.uy/sistema-cuidados/comunicacion/comunicados/programa-apoyo-cuidado-permanente-pacp"", ""https://www.gub.uy/ministerio-salud-publica/sites/ministerio-salud-publica/files/2024-03/ELEPEM%20CERTIFICADOS%207-3-2024.pdf""]"
ELP-0105,Árbol de la Vida,Colonia,,Senaqué 85 - Juan Lacaze,Senaqué,85 - Juan Lacaze,,,,,,Certificado de registro MSP (histórico),False,False,True,False,1,040/2018,2018,2018,2018,1,1,-34.4371544,-57.4317543,alta,calle y puerta exacta,100,Direcciones Geográficas del Uruguay (IDE),"[""https://www.gub.uy/ministerio-salud-publica/sites/ministerio-salud-publica/files/2024-03/ELEPEM%20CERTIFICADOS%207-3-2024.pdf""]"
ELP-0106,Conchillas Asc. Civil Por-Bienestar Social de la Tercera Edad,Colonia,Colonia Miguelete Colonia del,José Pedro Varela S/N,José Pedro Varela,S/N,40,45752145 - 45752509 | 45752145 / 45752509,saludhogarmiguelete@gmail.com,ASOCIACIÓN CIVIL PRO-BIENESTAR SOCIAL DE LA TERCERA EDAD,04 028653 0014,Habilitación final MSP,True,True,True,True,1,131/2019,2019,2019,2026-06-30,4,4,-34.1690481,-57.8267898,media-baja,centroide de calle,70,Direcciones Geográficas del Uruguay (IDE),"[""https://www.gub.uy/ministerio-salud-publica/sites/ministerio-salud-publica/files/2026-06/ELEPEM%20HABILITADOS%20JUNIO%202026.pdf"", ""https://www.gub.uy/ministerio-desarrollo-social/etiqueta/otros/colonia-establecimientos-larga-estadia-para-personas-mayores-certificado-social"", ""https://www.gub.uy/sistema-cuidados/comunicacion/comunicados/programa-apoyo-cuidado-permanente-pacp"", ""https://www.gub.uy/ministerio-salud-publica/sites/ministerio-salud-publica/files/2024-03/ELEPEM%20CERTIFICADOS%207-3-2024.pdf""]"
ELP-0107,Bellagio,Colonia,,Calle Pública 57,Calle Pública,57,,,,,,Certificado de registro MSP (histórico),False,False,True,False,1,123/2018,2018,2018,2018,1,1,-34.4296435,-57.4361305,media,puerta más cercana en la misma calle,89,Direcciones Geográficas del Uruguay (IDE),"[""https://www.gub.uy/ministerio-salud-publica/sites/ministerio-salud-publica/files/2024-03/ELEPEM%20CERTIFICADOS%207-3-2024.pdf""]"
ELP-0108,Brisas Del Plata,Colonia,Valdense,"Ruta 1 Km 121,500",Ruta 1,"Km 121,500",,45588234 / 45589171,,,,Certificado Social MIDES,False,True,True,False,1,108/2020,2020,2020,2026-01-12,2,2,-34.4633344,-57.8256792,media-baja,centroide de calle,70,Direcciones Geográficas del Uruguay (IDE),"[""https://www.gub.uy/ministerio-desarrollo-social/etiqueta/otros/colonia-establecimientos-larga-estadia-para-personas-mayores-certificado-social"", ""https://www.gub.uy/ministerio-salud-publica/sites/ministerio-salud-publica/files/2024-03/ELEPEM%20CERTIFICADOS%207-3-2024.pdf""]"
ELP-0109,Casagrande,Colonia,,Dionisio Acosta 299,Dionisio Acosta,299,,,,,,Certificado de registro MSP (histórico),False,False,True,False,1,020/2019,2019,2019,2019,1,1,-34.4343498,-57.4344417,alta,calle y puerta exacta,100,Direcciones Geográficas del Uruguay (IDE),"[""https://www.gub.uy/ministerio-salud-publica/sites/ministerio-salud-publica/files/2024-03/ELEPEM%20CERTIFICADOS%207-3-2024.pdf""]"
ELP-0110,Corazón cariñoso,Colonia,,Atala T de Mendivil 311,Atala T de Mendivil,311,,,,,,Certificado de registro MSP (histórico),False,False,True,False,1,122/2018,2018,2018,2018,1,1,-33.937436,-57.8110074,media,puerta más cercana en la misma calle,74,Direcciones Geográficas del Uruguay (IDE),"[""https://www.gub.uy/ministerio-salud-publica/sites/ministerio-salud-publica/files/2024-03/ELEPEM%20CERTIFICADOS%207-3-2024.pdf""]"
ELP-0111,Don Àngel,Colonia,Colonia,Arroyo 723,Arroyo,723,,,,,,Certificado de registro MSP (histórico),False,False,True,False,1,116/2021,2021,2021,2021,1,1,-34.4673736,-57.8388534,alta,calle y puerta exacta,100,Direcciones Geográficas del Uruguay (IDE),"[""https://www.gub.uy/ministerio-salud-publica/sites/ministerio-salud-publica/files/2024-03/ELEPEM%20CERTIFICADOS%207-3-2024.pdf""]"
ELP-0112,Hogar De Ancianos De Ombues De Lavalle,Colonia,Ombues De Lavalle,Ruta 55 Km 22,Ruta 55,Km 22,,45706103,,,,Certificado Social MIDES,False,True,True,False,1,073/2019,2019,2019,2026-01-12,2,2,-34.0285113,-57.8899112,media-baja,centroide de calle,70,Direcciones Geográficas del Uruguay (IDE),"[""https://www.gub.uy/ministerio-desarrollo-social/etiqueta/otros/colonia-establecimientos-larga-estadia-para-personas-mayores-certificado-social"", ""https://www.gub.uy/ministerio-salud-publica/sites/ministerio-salud-publica/files/2024-03/ELEPEM%20CERTIFICADOS%207-3-2024.pdf""]"
ELP-0113,"Hogar de Ancianos Cardona, Florencio Sánchez y zonas vecinas",Colonia,,Melchor Pacheco y Obes esq. Andrés Cheveste,Melchor Pacheco y Obes esq. Andrés Cheveste,,,,,,,Certificado de registro MSP (histórico),False,False,True,False,1,043/2019,2019,2019,2019,1,1,-34.2485207,-57.7355695,muy baja,centroide departamental,20,Direcciones Geográficas del Uruguay (IDE),"[""https://www.gub.uy/ministerio-salud-publica/sites/ministerio-salud-publica/files/2024-03/ELEPEM%20CERTIFICADOS%207-3-2024.pdf""]"
ELP-0114,Valdense Hogar de Ancianos Centenario,Colonia,Conchillas,Tomas Walker S/N,Tomas Walker,S/N,20,45772134,hogarcentenario@gmail.com,,,Habilitación final MSP,True,True,True,False,1,092/2018,2018,2018,2026-06-30,3,3,-34.1673234,-58.0345394,media-baja,centroide de calle,70,Direcciones Geográficas del Uruguay (IDE),"[""https://www.gub.uy/ministerio-salud-publica/sites/ministerio-salud-publica/files/2026-06/ELEPEM%20HABILITADOS%20JUNIO%202026.pdf"", ""https://www.gub.uy/ministerio-desarrollo-social/etiqueta/otros/colonia-establecimientos-larga-estadia-para-personas-mayores-certificado-social"", ""https://www.gub.uy/ministerio-salud-publica/sites/ministerio-salud-publica/files/2024-03/ELEPEM%20CERTIFICADOS%207-3-2024.pdf""]"
ELP-0115,Hogar de Ancianos Cristo Salvador,Colonia,Ombúes de la Valle,"Ruta 55 Km. 22,500",Ruta 55,"Km 22,500",35,45706103,hogarcristosalvador@vera.com.uy,,,Habilitación final MSP,True,False,False,False,0,,,,2026-06-30,1,1,-34.0172792,-57.881442,media-baja,centroide de calle,70,Direcciones Geográficas del Uruguay (IDE),"[""https://www.gub.uy/ministerio-salud-publica/sites/ministerio-salud-publica/files/2026-06/ELEPEM%20HABILITADOS%20JUNIO%202026.pdf""]"
ELP-0116,Hogar de Ancianos de la Sociedad de Auxilio Frauenverein,Colonia,Nueva Helvecia,German Imhoff 904,German Imhoff,904,42,45544158,hogarfrau@gmail.com,SOCIEDAD DE AUXILIOS FRAUENVEREIN,04 030650 0018,Habilitación final MSP,True,True,True,True,1,013/2019,2019,2019,2026-06-30,4,4,-34.2928416,-57.2325232,media,puerta más cercana en la misma calle,75,Direcciones Geográficas del Uruguay (IDE),"[""https://www.gub.uy/ministerio-salud-publica/sites/ministerio-salud-publica/files/2026-06/ELEPEM%20HABILITADOS%20JUNIO%202026.pdf"", ""https://www.gub.uy/ministerio-desarrollo-social/etiqueta/otros/colonia-establecimientos-larga-estadia-para-personas-mayores-certificado-social"", ""https://www.gub.uy/sistema-cuidados/comunicacion/comunicados/programa-apoyo-cuidado-permanente-pacp"", ""https://www.gub.uy/ministerio-salud-publica/sites/ministerio-salud-publica/files/2024-03/ELEPEM%20CERTIFICADOS%207-3-2024.pdf""]"
ELP-0117,Hogar de Ancianos Dr. Luis Mazza,Colonia,,Camino A El Calabrés esq. Ruta 1 - Colonia del Sacramento,Camino A El Calabrés esq. Ruta,1 - Colonia del Sacramento,,,,,,Certificado de registro MSP (histórico),False,False,True,False,1,018/2018,2018,2018,2018,1,1,-34.083056,-58.0191023,media-baja,centroide de calle,70,Direcciones Geográficas del Uruguay (IDE),"[""https://www.gub.uy/ministerio-salud-publica/sites/ministerio-salud-publica/files/2024-03/ELEPEM%20CERTIFICADOS%207-3-2024.pdf""]"
ELP-0118,Hogar de Ancianos Dr. Luis Mazza,Colonia,Colonia,Camino al Calabrés Ruta 1 Km. 173.500,Camino al Calabrés Ruta,1 Km. 173.500,32,45224854 - 099521689,hogarluismazza@hotmail.com,,,Habilitación final MSP,True,False,False,False,0,,,,2026-06-30,1,1,-34.4518795,-57.7999881,media-baja,centroide de calle,70,Direcciones Geográficas del Uruguay (IDE),"[""https://www.gub.uy/ministerio-salud-publica/sites/ministerio-salud-publica/files/2026-06/ELEPEM%20HABILITADOS%20JUNIO%202026.pdf""]"
ELP-0119,Hogar de Ancianos Nueva Palmira,Colonia,Nueva Palmira,Ituzaingo 1091,Ituzaingo,1091,30,45446020,hogarpal@vera.com.uy,HOGAR DE ANCIANOS «NUEVA PALMIRA»,04 030666 0015,Habilitación final MSP,True,True,True,True,2,"045/2018, 074/2019",2018,2019,2026-06-30,5,4,-33.8708695,-58.403445,media,puerta más cercana en la misma calle,89,Direcciones Geográficas del Uruguay (IDE),"[""https://www.gub.uy/ministerio-salud-publica/sites/ministerio-salud-publica/files/2026-06/ELEPEM%20HABILITADOS%20JUNIO%202026.pdf"", ""https://www.gub.uy/ministerio-desarrollo-social/etiqueta/otros/colonia-establecimientos-larga-estadia-para-personas-mayores-certificado-social"", ""https://www.gub.uy/sistema-cuidados/comunicacion/comunicados/programa-apoyo-cuidado-permanente-pacp"", ""https://www.gub.uy/ministerio-salud-publica/sites/ministerio-salud-publica/files/2024-03/ELEPEM%20CERTIFICADOS%207-3-2024.pdf""]"
ELP-0120,Hogar Juan,Colonia,,Soriano 430,Soriano,430,,,,,,Certificado de registro MSP (histórico),False,False,True,False,2,"065/2018, 098/2019",2018,2019,2019,2,1,-34.4660805,-57.8393792,alta,calle y puerta exacta,100,Direcciones Geográficas del Uruguay (IDE),"[""https://www.gub.uy/ministerio-salud-publica/sites/ministerio-salud-publica/files/2024-03/ELEPEM%20CERTIFICADOS%207-3-2024.pdf""]"
ELP-0121,Hogar Juan Lacaze,Colonia,Juan Lacaze,Ruta 54 Km. 2,Ruta 54,Km 2,35,45862376 - 094470336,hogarancianosjlacaze@gmail.com,,,Habilitación final MSP,True,False,True,False,1,023/2018,2018,2018,2026-06-30,2,2,-34.2206241,-57.5107822,media-baja,centroide de calle,70,Direcciones Geográficas del Uruguay (IDE),"[""https://www.gub.uy/ministerio-salud-publica/sites/ministerio-salud-publica/files/2026-06/ELEPEM%20HABILITADOS%20JUNIO%202026.pdf"", ""https://www.gub.uy/ministerio-salud-publica/sites/ministerio-salud-publica/files/2024-03/ELEPEM%20CERTIFICADOS%207-3-2024.pdf""]"
ELP-0122,Hogar para Ancianos de Colonia,Colonia,Valdense,Armand Ugón 1569,Armand Ugón,1569,100,45588818 - 45589316,direccion.hpavaldense@gmail.com,,,Habilitación final MSP,True,False,True,False,1,054/2019,2019,2019,2026-06-30,2,2,-34.3455526,-57.2687398,alta,calle y puerta exacta,100,Direcciones Geográficas del Uruguay (IDE),"[""https://www.gub.uy/ministerio-salud-publica/sites/ministerio-salud-publica/files/2026-06/ELEPEM%20HABILITADOS%20JUNIO%202026.pdf"", ""https://www.gub.uy/ministerio-salud-publica/sites/ministerio-salud-publica/files/2024-03/ELEPEM%20CERTIFICADOS%207-3-2024.pdf""]"
ELP-0123,Hogar Tarariras,Colonia,,Cincuentenario 1566 - Tarariras,Cincuentenario,1566 - Tarariras,,,,,,Certificado de registro MSP (histórico),False,False,True,False,1,024/2018,2018,2018,2018,1,1,-34.2710321,-57.6147545,media,puerta más cercana en la misma calle,89,Direcciones Geográficas del Uruguay (IDE),"[""https://www.gub.uy/ministerio-salud-publica/sites/ministerio-salud-publica/files/2024-03/ELEPEM%20CERTIFICADOS%207-3-2024.pdf""]"
ELP-0124,Inst. Probienestar del Anciano,Colonia,Nueva Helvecia,Esteban Lazague 1295,Esteban Lazague,1295,60,099895944,ipbancianonuevahelvecia@hotmail.com,,,Habilitación final MSP,True,False,True,False,2,"039/2018, 083/2018",2018,2018,2026-06-30,3,2,-34.2905188,-57.2249943,alta,calle y puerta exacta,100,Direcciones Geográficas del Uruguay (IDE),"[""https://www.gub.uy/ministerio-salud-publica/sites/ministerio-salud-publica/files/2026-06/ELEPEM%20HABILITADOS%20JUNIO%202026.pdf"", ""https://www.gub.uy/ministerio-salud-publica/sites/ministerio-salud-publica/files/2024-03/ELEPEM%20CERTIFICADOS%207-3-2024.pdf""]"
ELP-0125,Institución Porbienestar social del anciano de Rosario,Colonia,,De los Libertadores esq. Derechos Humanos,De los Libertadores esq. Derechos Humanos,,,,,,,Certificado de registro MSP (histórico),False,False,True,False,1,145/2019,2019,2019,2019,1,1,-34.2989511,-57.3745587,media-baja,centroide de calle,70,Direcciones Geográficas del Uruguay (IDE),"[""https://www.gub.uy/ministerio-salud-publica/sites/ministerio-salud-publica/files/2024-03/ELEPEM%20CERTIFICADOS%207-3-2024.pdf""]"
ELP-0126,INSTITUTO PRO-BIENESTAR SOCIAL DEL ANCIANO DE ROSARIO,Colonia,Rosario,Dr. Mario Plavan 601 y De los Libertadores,Dr. Mario Plavan,601,,,,INSTITUTO PRO-BIENESTAR SOCIAL DEL ANCIANO DE ROSARIO,04 030210 0015,Proveedor PACP,False,False,False,True,0,,,,2023-08-11,1,1,-34.312401,-57.3498732,baja,centroide de localidad,35,Direcciones Geográficas del Uruguay (IDE),"[""https://www.gub.uy/sistema-cuidados/comunicacion/comunicados/programa-apoyo-cuidado-permanente-pacp""]"
ELP-0127,La Armonia,Colonia,,Carmen 348 - Carmelo,Carmen,348 - Carmelo,,,,,,Certificado de registro MSP (histórico),False,False,True,False,1,002/2019,2019,2019,2019,1,1,-33.997998,-58.2869576,alta,calle y puerta exacta,100,Direcciones Geográficas del Uruguay (IDE),"[""https://www.gub.uy/ministerio-salud-publica/sites/ministerio-salud-publica/files/2024-03/ELEPEM%20CERTIFICADOS%207-3-2024.pdf""]"
ELP-0128,La Merced,Colonia,Carmelo,19 De Abril 601,19 De Abril,601,,45422127,,,,Certificado Social MIDES,False,True,False,False,0,,,,2026-01-12,1,1,-33.9937334,-58.2828415,alta,calle y puerta exacta,100,Direcciones Geográficas del Uruguay (IDE),"[""https://www.gub.uy/ministerio-desarrollo-social/etiqueta/otros/colonia-establecimientos-larga-estadia-para-personas-mayores-certificado-social""]"
ELP-0129,La Merced,Colonia,Carmelo,19 de Abril 601,,19 de Abril 601,15,45422215 - 099542099,alvarezdibaranamaria@gmail.com,,,Habilitación final MSP,True,False,False,False,0,,,,2026-06-30,1,1,-33.9815524,-58.2945454,baja,centroide de localidad,35,Direcciones Geográficas del Uruguay (IDE),"[""https://www.gub.uy/ministerio-salud-publica/sites/ministerio-salud-publica/files/2026-06/ELEPEM%20HABILITADOS%20JUNIO%202026.pdf""]"
ELP-0130,La Merced,Colonia,,Av. 19 de Abril 601 - Carmelo,Av.,19 de Abril 601 - Carmelo,,,,,,Certificado de registro MSP (histórico),False,False,True,False,1,016/2019,2019,2019,2019,1,1,-34.3488942,-57.3104074,media,puerta más cercana en la misma calle,89,Direcciones Geográficas del Uruguay (IDE),"[""https://www.gub.uy/ministerio-salud-publica/sites/ministerio-salud-publica/files/2024-03/ELEPEM%20CERTIFICADOS%207-3-2024.pdf""]"
ELP-0131,LA MILAGROSA,Colonia,SACRAMENTO,ATANASIO SIERRA 603,ATANASIO SIERRA,603,,,,,,Certificado de registro MSP (histórico),False,False,True,False,1,063/2022,2022,2022,2022,1,1,-34.4357241,-57.8412609,alta,calle y puerta exacta,100,Direcciones Geográficas del Uruguay (IDE),"[""https://www.gub.uy/ministerio-salud-publica/sites/ministerio-salud-publica/files/2024-03/ELEPEM%20CERTIFICADOS%207-3-2024.pdf""]"
ELP-0132,LAS ABUELAS,Colonia,MONTEVIDEO,Caracé 5618,Caracé,5618,,,,,,Certificado de registro MSP (histórico),False,False,True,False,1,041/2023,2023,2023,2023,1,1,-34.2288602,-57.7509853,muy baja,centroide departamental,20,Direcciones Geográficas del Uruguay (IDE),"[""https://www.gub.uy/ministerio-salud-publica/sites/ministerio-salud-publica/files/2024-03/ELEPEM%20CERTIFICADOS%207-3-2024.pdf""]"
ELP-0133,Los Abuelos,Colonia,,Eguren s/n y Uruguay- Colonia,Eguren,S/N,,,,,,Certificado de registro MSP (histórico),False,False,True,False,1,046/2018,2018,2018,2018,1,1,-33.8837532,-58.4016363,media-baja,centroide de calle,70,Direcciones Geográficas del Uruguay (IDE),"[""https://www.gub.uy/ministerio-salud-publica/sites/ministerio-salud-publica/files/2024-03/ELEPEM%20CERTIFICADOS%207-3-2024.pdf""]"
ELP-0134,LUZ O SAN BENITO,Colonia,SACRAMENTO,B BRUM 650,B BRUM,650,,,,,,Certificado de registro MSP (histórico),False,False,True,False,1,117/2022,2022,2022,2022,1,1,-34.4630192,-57.8408169,alta,calle y puerta exacta,80,Direcciones Geográficas del Uruguay (IDE),"[""https://www.gub.uy/ministerio-salud-publica/sites/ministerio-salud-publica/files/2024-03/ELEPEM%20CERTIFICADOS%207-3-2024.pdf""]"
ELP-0135,Mi Hogarcito,Colonia,Valdense,25 de agosto 809,25 de agosto,809,,45589748,,,,Certificado Social MIDES,False,True,False,False,0,,,,2026-01-12,1,1,-33.8743205,-57.3726763,media,puerta más cercana en la misma calle,89,Direcciones Geográficas del Uruguay (IDE),"[""https://www.gub.uy/ministerio-desarrollo-social/etiqueta/otros/colonia-establecimientos-larga-estadia-para-personas-mayores-certificado-social""]"
ELP-0136,MI HOGARCITO,Colonia,COLONIA,25 de Agosto 809,,25 de Agosto 809,,,,,,Certificado de registro MSP (histórico),False,False,True,False,1,046/2023,2023,2023,2023,1,1,-34.2302649,-57.7456643,muy baja,centroide departamental,20,Direcciones Geográficas del Uruguay (IDE),"[""https://www.gub.uy/ministerio-salud-publica/sites/ministerio-salud-publica/files/2024-03/ELEPEM%20CERTIFICADOS%207-3-2024.pdf""]"
ELP-0137,MIS SOLES,Colonia,COLONIA,Av. Artigas 670,Av. Artigas,670,,,,,,Certificado de registro MSP (histórico),False,False,True,False,1,071/2023,2023,2023,2023,1,1,-34.4507328,-57.709882,alta,calle y puerta exacta,100,Direcciones Geográficas del Uruguay (IDE),"[""https://www.gub.uy/ministerio-salud-publica/sites/ministerio-salud-publica/files/2024-03/ELEPEM%20CERTIFICADOS%207-3-2024.pdf""]"
ELP-0138,Mis Soles,Colonia,Colonia,Intendente Suárez 167,Intendente Suárez,167,,98312892,,,,Certificado Social MIDES,False,True,True,False,1,042/2023,2023,2023,2026-01-12,2,2,-34.4711881,-57.8473676,alta,calle y puerta exacta,100,Direcciones Geográficas del Uruguay (IDE),"[""https://www.gub.uy/ministerio-desarrollo-social/etiqueta/otros/colonia-establecimientos-larga-estadia-para-personas-mayores-certificado-social"", ""https://www.gub.uy/ministerio-salud-publica/sites/ministerio-salud-publica/files/2024-03/ELEPEM%20CERTIFICADOS%207-3-2024.pdf""]"
ELP-0139,Residencial Adriana Alvarez,Colonia,Sacramento,Colonia 288,Colonia,288,,,,,,Certificado de registro MSP (histórico),False,False,True,False,1,109/2021,2021,2021,2021,1,1,-34.4376682,-57.4396463,media,puerta más cercana en la misma calle,89,Direcciones Geográficas del Uruguay (IDE),"[""https://www.gub.uy/ministerio-salud-publica/sites/ministerio-salud-publica/files/2024-03/ELEPEM%20CERTIFICADOS%207-3-2024.pdf""]"
ELP-0140,Residencial Rivera,Colonia,Sacramento,Rivera 288,Rivera,288,15,45235005,martinpolli@gmail.com,,,Habilitación final MSP,True,False,False,False,0,,,,2026-06-30,1,1,-34.4375873,-57.4386024,media,puerta más cercana en la misma calle,89,Direcciones Geográficas del Uruguay (IDE),"[""https://www.gub.uy/ministerio-salud-publica/sites/ministerio-salud-publica/files/2026-06/ELEPEM%20HABILITADOS%20JUNIO%202026.pdf""]"
ELP-0141,Residencial Sacramento,Colonia,Colonia,María Nimmo 731,María Nimmo,731,,,,,,Certificado de registro MSP (histórico),False,False,True,False,1,014/2021,2021,2021,2021,1,1,-34.4617717,-57.8387721,alta,calle y puerta exacta,100,Direcciones Geográficas del Uruguay (IDE),"[""https://www.gub.uy/ministerio-salud-publica/sites/ministerio-salud-publica/files/2024-03/ELEPEM%20CERTIFICADOS%207-3-2024.pdf""]"
ELP-0142,Ruben Alfredo Castillo Roqueta,Colonia,,Baltazar Brum 650,Baltazar Brum,650,,,,,,Certificado de registro MSP (histórico),False,False,True,False,1,124/2019,2019,2019,2019,1,1,-34.4630192,-57.8408169,alta,calle y puerta exacta,92,Direcciones Geográficas del Uruguay (IDE),"[""https://www.gub.uy/ministerio-salud-publica/sites/ministerio-salud-publica/files/2024-03/ELEPEM%20CERTIFICADOS%207-3-2024.pdf""]"
ELP-0143,Sacramento,Colonia,Colonia,Camino Aeropuerto 21203,Camino Aeropuerto,21203,,45203671,,,,Certificado Social MIDES,False,True,False,False,0,,,,2026-01-12,1,1,-34.431882,-57.7777597,media-baja,centroide de calle,70,Direcciones Geográficas del Uruguay (IDE),"[""https://www.gub.uy/ministerio-desarrollo-social/etiqueta/otros/colonia-establecimientos-larga-estadia-para-personas-mayores-certificado-social""]"
ELP-0144,SACRAMENTO,Colonia,SACRAMENTO,CAMINO LAGUNA 21203,CAMINO LAGUNA,21203,,,,,,Certificado de registro MSP (histórico),False,False,True,False,1,012/2022,2022,2022,2022,1,1,-34.0955029,-58.0171589,media-baja,centroide de calle,70,Direcciones Geográficas del Uruguay (IDE),"[""https://www.gub.uy/ministerio-salud-publica/sites/ministerio-salud-publica/files/2024-03/ELEPEM%20CERTIFICADOS%207-3-2024.pdf""]"
ELP-0145,Valle Vilcamba,Colonia,,Alejandro Fleming 1741 - Mdeo,Alejandro Fleming,1741 - Mdeo,,,,,,Certificado de registro MSP (histórico),False,False,True,False,1,066/2018,2018,2018,2018,1,1,-34.2304545,-57.7540228,muy baja,centroide departamental,20,Direcciones Geográficas del Uruguay (IDE),"[""https://www.gub.uy/ministerio-salud-publica/sites/ministerio-salud-publica/files/2024-03/ELEPEM%20CERTIFICADOS%207-3-2024.pdf""]"
ELP-0146,YOLANDA,Colonia,SACRAMENTO,CASASANELLO 848,CASASANELLO,848,,,,,,Certificado de registro MSP (histórico),False,False,True,False,1,104/2022,2022,2022,2022,1,1,-34.2473211,-57.7508655,muy baja,centroide departamental,20,Direcciones Geográficas del Uruguay (IDE),"[""https://www.gub.uy/ministerio-salud-publica/sites/ministerio-salud-publica/files/2024-03/ELEPEM%20CERTIFICADOS%207-3-2024.pdf""]"
ELP-0147,Yolanda,Colonia,Colonia,Dr. Luis Casanello 848,Dr. Luis Casanello,848,,45223122,,,,Certificado Social MIDES,False,True,False,False,0,,,,2026-01-12,1,1,-34.4694174,-57.8363079,alta,calle y puerta exacta,100,Direcciones Geográficas del Uruguay (IDE),"[""https://www.gub.uy/ministerio-desarrollo-social/etiqueta/otros/colonia-establecimientos-larga-estadia-para-personas-mayores-certificado-social""]"
ELP-0148,BLANCA LILA,Durazno,DURAZNO,Larrañaga 907,Larrañaga,907,,,,,,Certificado de registro MSP (histórico),False,False,True,False,1,034/2023,2023,2023,2023,1,1,-33.3747436,-56.5282202,alta,calle y puerta exacta,100,Direcciones Geográficas del Uruguay (IDE),"[""https://www.gub.uy/ministerio-salud-publica/sites/ministerio-salud-publica/files/2024-03/ELEPEM%20CERTIFICADOS%207-3-2024.pdf""]"
ELP-0149,Comision Pro Ayuda Al Anciano De Durazno,Durazno,Durazno,Maciel 630,Maciel,630,,43625499,,,,Certificado Social MIDES,False,True,True,False,1,060/2020,2020,2020,2024-07-15,2,2,-33.3874679,-56.5145737,alta,calle y puerta exacta,100,Direcciones Geográficas del Uruguay (IDE),"[""https://www.gub.uy/ministerio-desarrollo-social/etiqueta/otros/durazno-establecimientos-larga-estadia-para-personas-mayores-certificado-social"", ""https://www.gub.uy/ministerio-salud-publica/sites/ministerio-salud-publica/files/2024-03/ELEPEM%20CERTIFICADOS%207-3-2024.pdf""]"
ELP-0150,Green House,Durazno,Durazno,Batalla De Las Piedras 232,Batalla De Las Piedras,232,,43622724,,,,Certificado Social MIDES,False,True,True,False,1,048/2021,2021,2021,2024-07-15,2,2,-33.3823431,-56.5314263,media,puerta más cercana en la misma calle,89,Direcciones Geográficas del Uruguay (IDE),"[""https://www.gub.uy/ministerio-desarrollo-social/etiqueta/otros/durazno-establecimientos-larga-estadia-para-personas-mayores-certificado-social"", ""https://www.gub.uy/ministerio-salud-publica/sites/ministerio-salud-publica/files/2024-03/ELEPEM%20CERTIFICADOS%207-3-2024.pdf""]"
ELP-0151,Hogar de Ancianos Sarandi del Yi,Durazno,,Av. Petrini 535,Av. Petrini,535,,,,,,Certificado de registro MSP (histórico),False,False,True,False,1,167/2019,2019,2019,2019,1,1,-33.340991,-55.6237223,media,puerta más cercana en la misma calle,89,Direcciones Geográficas del Uruguay (IDE),"[""https://www.gub.uy/ministerio-salud-publica/sites/ministerio-salud-publica/files/2024-03/ELEPEM%20CERTIFICADOS%207-3-2024.pdf""]"
ELP-0152,Hostal La Vida Es Bella,Durazno,Durazno,Luis alberto de herrera 1118,Luis alberto de herrera,1118,,43620863,,,,Certificado Social MIDES,False,True,True,False,1,004/2023,2023,2023,2024-07-15,2,2,-33.3734932,-56.5220231,alta,calle y puerta exacta,100,Direcciones Geográficas del Uruguay (IDE),"[""https://www.gub.uy/ministerio-desarrollo-social/etiqueta/otros/durazno-establecimientos-larga-estadia-para-personas-mayores-certificado-social"", ""https://www.gub.uy/ministerio-salud-publica/sites/ministerio-salud-publica/files/2024-03/ELEPEM%20CERTIFICADOS%207-3-2024.pdf""]"
ELP-0153,Residencial Años Dorados,Durazno,,25 de agosto 935,,25 de agosto 935,,,,,,Certificado de registro MSP (histórico),False,False,True,False,1,170/2019,2019,2019,2019,1,1,-33.2952764,-56.2392961,muy baja,centroide departamental,20,Direcciones Geográficas del Uruguay (IDE),"[""https://www.gub.uy/ministerio-salud-publica/sites/ministerio-salud-publica/files/2024-03/ELEPEM%20CERTIFICADOS%207-3-2024.pdf""]"
ELP-0154,Residencial Dulce Hogar,Durazno,,Sarandí 638,Sarandí,638,,,,,,Certificado de registro MSP (histórico),False,False,True,False,1,147/2019,2019,2019,2019,1,1,-33.3478085,-55.6280634,alta,calle y puerta exacta,100,Direcciones Geográficas del Uruguay (IDE),"[""https://www.gub.uy/ministerio-salud-publica/sites/ministerio-salud-publica/files/2024-03/ELEPEM%20CERTIFICADOS%207-3-2024.pdf""]"
ELP-0155,Residencial El Hogar del Adulto,Durazno,Durazno,Artigas 640,Artigas,640,,,,,,Certificado de registro MSP (histórico),False,False,True,False,2,"083/2020, 095/2020",2020,2020,2020,2,1,-33.3787178,-56.520825,alta,calle y puerta exacta,100,Direcciones Geográficas del Uruguay (IDE),"[""https://www.gub.uy/ministerio-salud-publica/sites/ministerio-salud-publica/files/2024-03/ELEPEM%20CERTIFICADOS%207-3-2024.pdf""]"
ELP-0156,Residencial Felicia Santa Bernardina SAS,Durazno,Durazno,Eduardo Calleri 728,Eduardo Calleri,728,,,,,,Certificado de registro MSP (histórico),False,False,True,False,1,106/2020,2020,2020,2020,1,1,-33.3446299,-56.5368888,media-baja,centroide de calle,70,Direcciones Geográficas del Uruguay (IDE),"[""https://www.gub.uy/ministerio-salud-publica/sites/ministerio-salud-publica/files/2024-03/ELEPEM%20CERTIFICADOS%207-3-2024.pdf""]"
ELP-0157,Residencial Hogar Luz del Sol,Durazno,,Martínez Matonte 424,Martínez Matonte,424,,,,,,Certificado de registro MSP (histórico),False,False,True,False,1,184/2018,2018,2018,2018,1,1,-33.3462198,-55.6337365,alta,calle y puerta exacta,100,Direcciones Geográficas del Uruguay (IDE),"[""https://www.gub.uy/ministerio-salud-publica/sites/ministerio-salud-publica/files/2024-03/ELEPEM%20CERTIFICADOS%207-3-2024.pdf""]"
ELP-0158,Residencial Jardines del Yi,Durazno,Sarandi del Yi,Sosa Bernadet 475,Sosa Bernadet,475,,,,,,Certificado de registro MSP (histórico),False,False,True,False,2,"007/2021, 046/2021",2021,2021,2021,2,1,-33.3444141,-55.6326745,alta,calle y puerta exacta,100,Direcciones Geográficas del Uruguay (IDE),"[""https://www.gub.uy/ministerio-salud-publica/sites/ministerio-salud-publica/files/2024-03/ELEPEM%20CERTIFICADOS%207-3-2024.pdf""]"
ELP-0159,Residencial La Pensión,Durazno,Sarandí del Yi,Sosa Bernabet 282,Sosa Bernabet,282,,,,,,Certificado de registro MSP (histórico),False,False,True,False,1,018/2020,2020,2020,2020,1,1,-33.3478207,-55.6360445,media,puerta más cercana en la misma calle,89,Direcciones Geográficas del Uruguay (IDE),"[""https://www.gub.uy/ministerio-salud-publica/sites/ministerio-salud-publica/files/2024-03/ELEPEM%20CERTIFICADOS%207-3-2024.pdf""]"
ELP-0160,Residencial Reina de las Flores,Durazno,Durazno,Wilson Ferreira 696,Wilson Ferreira,696,,,,,,Certificado de registro MSP (histórico),False,False,True,False,1,085/2020,2020,2020,2020,1,1,-33.3826035,-56.5216641,alta,calle y puerta exacta,100,Direcciones Geográficas del Uruguay (IDE),"[""https://www.gub.uy/ministerio-salud-publica/sites/ministerio-salud-publica/files/2024-03/ELEPEM%20CERTIFICADOS%207-3-2024.pdf""]"
ELP-0161,Residencial Sagrado Corazón,Durazno,,Juana Artigas S/N Barrio Hipodrómo,Juana Artigas,S/N,,,,,,Certificado de registro MSP (histórico),False,False,True,False,1,185/2019,2019,2019,2019,1,1,-33.3775926,-56.4831202,media-baja,centroide de calle,70,Direcciones Geográficas del Uruguay (IDE),"[""https://www.gub.uy/ministerio-salud-publica/sites/ministerio-salud-publica/files/2024-03/ELEPEM%20CERTIFICADOS%207-3-2024.pdf""]"
ELP-0162,Residencial San Cayetano,Durazno,Durazno,Batalla de las Piedras y Batalla Sarandí,Batalla de las Piedras y Batalla Sarandí,,,,,,,Certificado de registro MSP (histórico),False,False,True,False,1,040/2020,2020,2020,2020,1,1,-33.2613833,-56.1140719,media-baja,centroide de calle,70,Direcciones Geográficas del Uruguay (IDE),"[""https://www.gub.uy/ministerio-salud-publica/sites/ministerio-salud-publica/files/2024-03/ELEPEM%20CERTIFICADOS%207-3-2024.pdf""]"
ELP-0163,Residencial Sueño Dorado,Durazno,Durazno,Herrera 1072,Herrera,1072,,,,,,Certificado de registro MSP (histórico),False,False,True,False,1,093/2020,2020,2020,2020,1,1,-33.3742096,-56.5225484,alta,calle y puerta exacta,100,Direcciones Geográficas del Uruguay (IDE),"[""https://www.gub.uy/ministerio-salud-publica/sites/ministerio-salud-publica/files/2024-03/ELEPEM%20CERTIFICADOS%207-3-2024.pdf""]"
ELP-0164,Residencial Tea Garden,Durazno,Durazno,ZORRILLA 947,ZORRILLA,947,,,,,,Certificado de registro MSP (histórico),False,False,True,False,1,071/2020,2020,2020,2020,1,1,-33.3770251,-56.5222079,alta,calle y puerta exacta,100,Direcciones Geográficas del Uruguay (IDE),"[""https://www.gub.uy/ministerio-salud-publica/sites/ministerio-salud-publica/files/2024-03/ELEPEM%20CERTIFICADOS%207-3-2024.pdf""]"
ELP-0165,Tea Garden,Durazno,Durazno,Penza 951 Y B. Brum,Penza,951 Y B. Brum,17,099116676 | 98000667,cracristinacabrera@gmail.com,,,Habilitación final MSP,True,True,True,False,1,094/2020,2020,2020,2026-06-30,3,3,-33.3764424,-56.5229533,alta,calle y puerta exacta,100,Direcciones Geográficas del Uruguay (IDE),"[""https://www.gub.uy/ministerio-salud-publica/sites/ministerio-salud-publica/files/2026-06/ELEPEM%20HABILITADOS%20JUNIO%202026.pdf"", ""https://www.gub.uy/ministerio-desarrollo-social/etiqueta/otros/durazno-establecimientos-larga-estadia-para-personas-mayores-certificado-social"", ""https://www.gub.uy/ministerio-salud-publica/sites/ministerio-salud-publica/files/2024-03/ELEPEM%20CERTIFICADOS%207-3-2024.pdf""]"
ELP-0166,Residencial Tu Segundo Hogar,Durazno,,18 de Julio 318,,18 de Julio 318,,,,,,Certificado de registro MSP (histórico),False,False,True,False,1,196/2019,2019,2019,2019,1,1,-33.2739698,-56.2554237,muy baja,centroide departamental,20,Direcciones Geográficas del Uruguay (IDE),"[""https://www.gub.uy/ministerio-salud-publica/sites/ministerio-salud-publica/files/2024-03/ELEPEM%20CERTIFICADOS%207-3-2024.pdf""]"
ELP-0167,"Hogar ""Dr. Cipriano Goñi""",Flores,Trinidad,Manuel Irazábal S/N,Manuel Irazábal,S/N,56,43644202,luisdotta@asse.com.uy,,,Habilitación final MSP,True,True,True,False,2,"038/2018, 085/2018",2018,2018,2026-06-30,4,3,-33.5297133,-56.9042531,media-baja,centroide de calle,70,Direcciones Geográficas del Uruguay (IDE),"[""https://www.gub.uy/ministerio-salud-publica/sites/ministerio-salud-publica/files/2026-06/ELEPEM%20HABILITADOS%20JUNIO%202026.pdf"", ""https://www.gub.uy/ministerio-desarrollo-social/etiqueta/otros/flores-establecimientos-larga-estadia-para-personas-mayores-certificado-social"", ""https://www.gub.uy/ministerio-salud-publica/sites/ministerio-salud-publica/files/2024-03/ELEPEM%20CERTIFICADOS%207-3-2024.pdf""]"
ELP-0168,Residencial Casa Hogar,Flores,Trinidad,Carnelli 1041,Carnelli,1041,,,,,,Certificado de registro MSP (histórico),False,False,True,False,1,026/2020,2020,2020,2020,1,1,-33.5241082,-56.9112869,media,puerta más cercana en la misma calle,89,Direcciones Geográficas del Uruguay (IDE),"[""https://www.gub.uy/ministerio-salud-publica/sites/ministerio-salud-publica/files/2024-03/ELEPEM%20CERTIFICADOS%207-3-2024.pdf""]"
ELP-0169,Residencial Hogar Maite,Flores,,Santísima Trinidad 663,Santísima Trinidad,663,,,,,,Certificado de registro MSP (histórico),False,False,True,False,1,071/2019,2019,2019,2019,1,1,-33.5178138,-56.8999164,alta,calle y puerta exacta,100,Direcciones Geográficas del Uruguay (IDE),"[""https://www.gub.uy/ministerio-salud-publica/sites/ministerio-salud-publica/files/2024-03/ELEPEM%20CERTIFICADOS%207-3-2024.pdf""]"
ELP-0170,Residencial San José,Flores,Trinidad,Puig 679,Puig,679,,,,,,Certificado de registro MSP (histórico),False,False,True,False,4,"020/2020, 109/2020, 020/2021, 090/2021",2020,2021,2021,4,1,-33.5184288,-56.8962975,alta,calle y puerta exacta,100,Direcciones Geográficas del Uruguay (IDE),"[""https://www.gub.uy/ministerio-salud-publica/sites/ministerio-salud-publica/files/2024-03/ELEPEM%20CERTIFICADOS%207-3-2024.pdf""]"
ELP-0171,Residencial Sol de Otoño,Flores,Trinidad,Herrera 840,Herrera,840,,,,,,Certificado de registro MSP (histórico),False,False,True,False,1,017/2020,2020,2020,2020,1,1,-33.5212502,-56.8988076,alta,calle y puerta exacta,100,Direcciones Geográficas del Uruguay (IDE),"[""https://www.gub.uy/ministerio-salud-publica/sites/ministerio-salud-publica/files/2024-03/ELEPEM%20CERTIFICADOS%207-3-2024.pdf""]"
ELP-0172,Residencial Tea Garden,Flores,Trinidad,Brasil 484,Brasil,484,,,,,,Certificado de registro MSP (histórico),False,False,True,False,1,110/2021,2021,2021,2021,1,1,-33.5223557,-56.8962429,alta,calle y puerta exacta,100,Direcciones Geográficas del Uruguay (IDE),"[""https://www.gub.uy/ministerio-salud-publica/sites/ministerio-salud-publica/files/2024-03/ELEPEM%20CERTIFICADOS%207-3-2024.pdf""]"
ELP-0173,Residencial WANA,Flores,Ciudad De Trinidad,SANTISIMA TRINIDAD 683,SANTISIMA TRINIDAD,683,,,,,,Certificado de registro MSP (histórico),False,False,True,False,1,067/2021,2021,2021,2021,1,1,-33.5178068,-56.9002259,media,puerta más cercana en la misma calle,89,Direcciones Geográficas del Uruguay (IDE),"[""https://www.gub.uy/ministerio-salud-publica/sites/ministerio-salud-publica/files/2024-03/ELEPEM%20CERTIFICADOS%207-3-2024.pdf""]"
ELP-0174,Wana,Flores,Trinidad,Santisima Trinidad 643,Santisima Trinidad,643,,43851343,,,,Certificado Social MIDES,False,True,False,False,0,,,,2024-07-15,1,1,-33.517843,-56.8993378,alta,calle y puerta exacta,100,Direcciones Geográficas del Uruguay (IDE),"[""https://www.gub.uy/ministerio-desarrollo-social/etiqueta/otros/flores-establecimientos-larga-estadia-para-personas-mayores-certificado-social""]"
ELP-0175,Aquellos Años,Florida,,Baltasar Brum 946,Baltasar Brum,946,,,,,,Certificado de registro MSP (histórico),False,False,True,False,1,065/2019,2019,2019,2019,1,1,-34.0919446,-56.21695,alta,calle y puerta exacta,100,Direcciones Geográficas del Uruguay (IDE),"[""https://www.gub.uy/ministerio-salud-publica/sites/ministerio-salud-publica/files/2024-03/ELEPEM%20CERTIFICADOS%207-3-2024.pdf""]"
ELP-0176,BUEN PASAR,Florida,SARANDI GRANDE,EDINA FERREIRA DE MOLINA 714,EDINA FERREIRA DE MOLINA,714,,,,,,Certificado de registro MSP (histórico),False,False,True,False,1,145/2022,2022,2022,2022,1,1,-33.7245697,-56.3328257,alta,calle y puerta exacta,100,Direcciones Geográficas del Uruguay (IDE),"[""https://www.gub.uy/ministerio-salud-publica/sites/ministerio-salud-publica/files/2024-03/ELEPEM%20CERTIFICADOS%207-3-2024.pdf""]"
ELP-0177,DOÑA CHOLA,Florida,FLORIDA,ORIBE 567,ORIBE,567,,,,,,Certificado de registro MSP (histórico),False,False,True,False,1,142/2022,2022,2022,2022,1,1,-34.1021939,-56.2173215,alta,calle y puerta exacta,100,Direcciones Geográficas del Uruguay (IDE),"[""https://www.gub.uy/ministerio-salud-publica/sites/ministerio-salud-publica/files/2024-03/ELEPEM%20CERTIFICADOS%207-3-2024.pdf""]"
ELP-0178,EL CEIBO,Florida,FRAY MARCOS,FLORIANO CORREA 796,FLORIANO CORREA,796,,,,,,Certificado de registro MSP (histórico),False,False,True,False,1,128/2022,2022,2022,2022,1,1,-34.1936624,-55.7240768,media-baja,centroide de calle,70,Direcciones Geográficas del Uruguay (IDE),"[""https://www.gub.uy/ministerio-salud-publica/sites/ministerio-salud-publica/files/2024-03/ELEPEM%20CERTIFICADOS%207-3-2024.pdf""]"
ELP-0179,Residencial Guazù Roga,Florida,Florida,Dr. Gonzalez 696,Dr. Gonzalez,696,,,,,,Certificado de registro MSP (histórico),False,False,True,False,2,"014/2017, 085/2021",2017,2021,2021,2,1,-34.0964688,-56.214608,alta,calle y puerta exacta,100,Direcciones Geográficas del Uruguay (IDE),"[""https://www.gub.uy/ministerio-salud-publica/sites/ministerio-salud-publica/files/2024-03/ELEPEM%20CERTIFICADOS%207-3-2024.pdf""]"
ELP-0180,Hogar de Ancianos,Florida,Sarandí Grande,Faustino Harrinson s/n,Faustino Harrinson,S/N,25,43549578,giselab@adinet.com.uy,,,Habilitación final MSP,True,False,False,False,0,,,,2026-06-30,1,1,-33.8802367,-56.2843727,media-baja,centroide de calle,70,Direcciones Geográficas del Uruguay (IDE),"[""https://www.gub.uy/ministerio-salud-publica/sites/ministerio-salud-publica/files/2026-06/ELEPEM%20HABILITADOS%20JUNIO%202026.pdf""]"
ELP-0181,Hogar De Ancianos De Florida,Florida,Florida,Faustino Harrison Esq. Timoteo Aparicio S/N,Faustino Harrison Esq. Timoteo Aparicio,S/N,,43522515 | 43549578,,ASOCIACIÓN PRO BIENESTAR DEL ANCIANO DE SARANDÍ GRANDE,07 015520 0012,Certificado Social MIDES,False,True,True,True,4,"041/2018, 084/2019, 129/2019, 091/2021",2018,2021,2024-07-15,7,3,-33.8707532,-56.3008914,media-baja,centroide de calle,70,Direcciones Geográficas del Uruguay (IDE),"[""https://www.gub.uy/ministerio-desarrollo-social/etiqueta/otros/florida-establecimientos-larga-estadia-para-personas-mayores-certificado-social"", ""https://www.gub.uy/sistema-cuidados/comunicacion/comunicados/programa-apoyo-cuidado-permanente-pacp"", ""https://www.gub.uy/ministerio-salud-publica/sites/ministerio-salud-publica/files/2024-03/ELEPEM%20CERTIFICADOS%207-3-2024.pdf""]"
ELP-0182,Hogar de Ancianos- Florida,Florida,Florida,F. Harrinson s/n,F. Harrinson,S/N,38,099846447 - 43522515,hogardelancianoflorida@gmail.com,,,Habilitación final MSP,True,False,False,False,0,,,,2026-06-30,1,1,-34.0988447,-56.2059353,baja,centroide de localidad,35,Direcciones Geográficas del Uruguay (IDE),"[""https://www.gub.uy/ministerio-salud-publica/sites/ministerio-salud-publica/files/2026-06/ELEPEM%20HABILITADOS%20JUNIO%202026.pdf""]"
ELP-0183,Hogar de ancianos San Vicente Pallotti,Florida,,José Pedro Varela 1142 - Florida,José Pedro Varela,1142 - Florida,,,,,,Certificado de registro MSP (histórico),False,False,True,False,1,086/2018,2018,2018,2018,1,1,-33.7274774,-56.3374565,media,puerta más cercana en la misma calle,89,Direcciones Geográficas del Uruguay (IDE),"[""https://www.gub.uy/ministerio-salud-publica/sites/ministerio-salud-publica/files/2024-03/ELEPEM%20CERTIFICADOS%207-3-2024.pdf""]"
ELP-0184,Hostal Las Hortensias,Florida,Florida,Barreiro 157,Barreiro,157,8,091513275,ilianafa@adinet.com.uy,,,Habilitación final MSP,True,False,False,False,0,,,,2026-06-30,1,1,-34.0929049,-56.213375,media,puerta más cercana en la misma calle,89,Direcciones Geográficas del Uruguay (IDE),"[""https://www.gub.uy/ministerio-salud-publica/sites/ministerio-salud-publica/files/2026-06/ELEPEM%20HABILITADOS%20JUNIO%202026.pdf""]"
ELP-0185,Hotel Residencial Los Olivos,Florida,Florida,Rivera 266,Rivera,266,,43522913,,,,Certificado Social MIDES,False,True,False,False,0,,,,2024-07-15,1,1,-33.9955579,-56.2401267,media-baja,centroide de calle,70,Direcciones Geográficas del Uruguay (IDE),"[""https://www.gub.uy/ministerio-desarrollo-social/etiqueta/otros/florida-establecimientos-larga-estadia-para-personas-mayores-certificado-social""]"
ELP-0186,Las Hortensias,Florida,Florida,Barreiro 517,Barreiro,517,,094816106,,,,Certificado Social MIDES,False,True,True,False,1,047/2023,2023,2023,2024-07-15,2,2,-34.097491,-56.2190502,alta,calle y puerta exacta,100,Direcciones Geográficas del Uruguay (IDE),"[""https://www.gub.uy/ministerio-desarrollo-social/etiqueta/otros/florida-establecimientos-larga-estadia-para-personas-mayores-certificado-social"", ""https://www.gub.uy/ministerio-salud-publica/sites/ministerio-salud-publica/files/2024-03/ELEPEM%20CERTIFICADOS%207-3-2024.pdf""]"
ELP-0187,LO DE ESTELA 2,Florida,Sarandi Grande,Idemaro Ribas 854,Idemaro Ribas,854,,,,,,Certificado de registro MSP (histórico),False,False,True,False,1,039/2023,2023,2023,2023,1,1,-33.7097052,-56.3347429,media-baja,centroide de calle,70,Direcciones Geográficas del Uruguay (IDE),"[""https://www.gub.uy/ministerio-salud-publica/sites/ministerio-salud-publica/files/2024-03/ELEPEM%20CERTIFICADOS%207-3-2024.pdf""]"
ELP-0188,Los Tulipanes,Florida,Sarandí Grande,Aida Garat de Bidondo 862,Aida Garat de Bidondo,862,15,095383216 | 95383216,socacarolina@gmail.com,,,Habilitación final MSP,True,True,False,False,0,,,,2026-06-30,2,2,-33.7272257,-56.3279122,media,puerta más cercana en la misma calle,89,Direcciones Geográficas del Uruguay (IDE),"[""https://www.gub.uy/ministerio-salud-publica/sites/ministerio-salud-publica/files/2026-06/ELEPEM%20HABILITADOS%20JUNIO%202026.pdf"", ""https://www.gub.uy/ministerio-desarrollo-social/etiqueta/otros/florida-establecimientos-larga-estadia-para-personas-mayores-certificado-social""]"
ELP-0189,MI SUEÑO,Florida,FLORIDA,CALLE ITUZAINGO 627,CALLE ITUZAINGO,627,,,,,,Certificado de registro MSP (histórico),False,False,True,False,1,150/2022,2022,2022,2022,1,1,-34.1020551,-56.2166263,alta,calle y puerta exacta,100,Direcciones Geográficas del Uruguay (IDE),"[""https://www.gub.uy/ministerio-salud-publica/sites/ministerio-salud-publica/files/2024-03/ELEPEM%20CERTIFICADOS%207-3-2024.pdf""]"
ELP-0190,NUESTRO CAMINO,Florida,FRAY MARCOS,Ituzainó 981,Ituzainó,981,,,,,,Certificado de registro MSP (histórico),False,False,True,False,1,065/2023,2023,2023,2023,1,1,-34.0781096,-56.2287753,media-baja,centroide de calle,70,Direcciones Geográficas del Uruguay (IDE),"[""https://www.gub.uy/ministerio-salud-publica/sites/ministerio-salud-publica/files/2024-03/ELEPEM%20CERTIFICADOS%207-3-2024.pdf""]"
ELP-0191,NUEVO AMANECER,Florida,Sarandi Grande,18 DE JULIO 826,,18 DE JULIO 826,,,,,,Certificado de registro MSP (histórico),False,False,True,False,1,035/2023,2023,2023,2023,1,1,-33.7331543,-56.3394748,baja,centroide de localidad,35,Direcciones Geográficas del Uruguay (IDE),"[""https://www.gub.uy/ministerio-salud-publica/sites/ministerio-salud-publica/files/2024-03/ELEPEM%20CERTIFICADOS%207-3-2024.pdf""]"
ELP-0192,Residencial La Milagrosa,Florida,Florida,Dr. González 875,Dr. González,875,,,,,,Certificado de registro MSP (histórico),False,False,True,False,1,005/2020,2020,2020,2020,1,1,-34.0942935,-56.2174313,alta,calle y puerta exacta,100,Direcciones Geográficas del Uruguay (IDE),"[""https://www.gub.uy/ministerio-salud-publica/sites/ministerio-salud-publica/files/2024-03/ELEPEM%20CERTIFICADOS%207-3-2024.pdf""]"
ELP-0193,Residencial Rincon de Luz,Florida,,Mevir II 6870,Mevir II,6870,,,,,,Certificado de registro MSP (histórico),False,False,True,False,1,127/2019,2019,2019,2019,1,1,-34.0361455,-56.1072374,muy baja,centroide departamental,20,Direcciones Geográficas del Uruguay (IDE),"[""https://www.gub.uy/ministerio-salud-publica/sites/ministerio-salud-publica/files/2024-03/ELEPEM%20CERTIFICADOS%207-3-2024.pdf""]"
ELP-0194,Residencial Sarandí,Florida,,San Juan 857 - Sarandí Grande.,San Juan,857 - Sarandí Grande.,,,,,,Certificado de registro MSP (histórico),False,False,True,False,1,040/2019,2019,2019,2019,1,1,-34.0468492,-56.0450869,media-baja,centroide de calle,70,Direcciones Geográficas del Uruguay (IDE),"[""https://www.gub.uy/ministerio-salud-publica/sites/ministerio-salud-publica/files/2024-03/ELEPEM%20CERTIFICADOS%207-3-2024.pdf""]"
ELP-0195,San Antonio,Florida,,Batlle 830,Batlle,830,,,,,,Certificado de registro MSP (histórico),False,False,True,False,2,"107/2018, 023/2019",2018,2019,2019,2,1,-34.0974851,-56.2199795,alta,calle y puerta exacta,100,Direcciones Geográficas del Uruguay (IDE),"[""https://www.gub.uy/ministerio-salud-publica/sites/ministerio-salud-publica/files/2024-03/ELEPEM%20CERTIFICADOS%207-3-2024.pdf""]"
ELP-0196,SAN EXPEDITO,Florida,FLORIDA,"CAMINO DE LA COSTA KM 1, PADRON 4651",CAMINO DE LA COSTA KM,"1, PADRON 4651",,,,,,Certificado de registro MSP (histórico),False,False,True,False,1,061/2022,2022,2022,2022,1,1,-34.2969777,-56.3353241,alta,calle y puerta exacta,100,Direcciones Geográficas del Uruguay (IDE),"[""https://www.gub.uy/ministerio-salud-publica/sites/ministerio-salud-publica/files/2024-03/ELEPEM%20CERTIFICADOS%207-3-2024.pdf""]"
ELP-0197,Villa María,Florida,,Faustino López 905,Faustino López,905,,,,,,Certificado de registro MSP (histórico),False,False,True,False,1,010/2017,2017,2017,2017,1,1,-34.097231,-56.2221343,alta,calle y puerta exacta,100,Direcciones Geográficas del Uruguay (IDE),"[""https://www.gub.uy/ministerio-salud-publica/sites/ministerio-salud-publica/files/2024-03/ELEPEM%20CERTIFICADOS%207-3-2024.pdf""]"
ELP-0198,RESIDENCIAL Cristal,Lavalleja,Minas,Ituzaingó 434,Ituzaingó,434,17,44420524 | 99282984,br.vegap@gmail.com,,,Habilitación final MSP,True,True,True,False,2,"077/2019, 006/2023",2019,2023,2026-06-30,4,3,-34.37588,-55.242528,alta,calle y puerta exacta,100,Direcciones Geográficas del Uruguay (IDE),"[""https://www.gub.uy/ministerio-salud-publica/sites/ministerio-salud-publica/files/2026-06/ELEPEM%20HABILITADOS%20JUNIO%202026.pdf"", ""https://www.gub.uy/ministerio-desarrollo-social/etiqueta/otros/lavalleja-establecimientos-larga-estadia-para-personas-mayores-certificado-social"", ""https://www.gub.uy/ministerio-salud-publica/sites/ministerio-salud-publica/files/2024-03/ELEPEM%20CERTIFICADOS%207-3-2024.pdf""]"
ELP-0199,Hogar de Ancianos Mariscala,Lavalleja,Mariscala,Minas S/N entre Viana y Sarandí,Minas,S/N,30,44492110 - 095977306,hogardeancianosmariscala@gmail.com,,,Habilitación final MSP,True,False,True,False,2,"013/2018, 046/2019",2018,2019,2026-06-30,3,2,-34.5321525,-55.3678815,media-baja,centroide de calle,70,Direcciones Geográficas del Uruguay (IDE),"[""https://www.gub.uy/ministerio-salud-publica/sites/ministerio-salud-publica/files/2026-06/ELEPEM%20HABILITADOS%20JUNIO%202026.pdf"", ""https://www.gub.uy/ministerio-salud-publica/sites/ministerio-salud-publica/files/2024-03/ELEPEM%20CERTIFICADOS%207-3-2024.pdf""]"
ELP-0200,Hogar de Ancianos Solís de Mataojo,Lavalleja,,18 de Julio s/n - Solís de Mataojo,,18 de Julio s/n - Solís de Mataojo,,,,,,Certificado de registro MSP (histórico),False,False,True,False,1,002/2018,2018,2018,2018,1,1,-34.2433306,-55.1693967,muy baja,centroide departamental,20,Direcciones Geográficas del Uruguay (IDE),"[""https://www.gub.uy/ministerio-salud-publica/sites/ministerio-salud-publica/files/2024-03/ELEPEM%20CERTIFICADOS%207-3-2024.pdf""]"
ELP-0201,Institución Pro Bienestar Social Del Anciano De José Pedro Varela,Lavalleja,José Pedro Varela,Uruguay S/N,Uruguay,S/N,,44559102 / 44559799,,INSTITUCIÓN PRO-BIENESTAR SOCIAL DEL ANCIANO DE JOSÉ PEDRO VARELA,20 009315 0019,Certificado Social MIDES,False,True,True,True,1,110/2019,2019,2019,2026-01-12,3,3,-33.4463495,-54.5504924,media-baja,centroide de calle,70,Direcciones Geográficas del Uruguay (IDE),"[""https://www.gub.uy/ministerio-desarrollo-social/etiqueta/otros/lavalleja-establecimientos-larga-estadia-para-personas-mayores-certificado-social"", ""https://www.gub.uy/sistema-cuidados/comunicacion/comunicados/programa-apoyo-cuidado-permanente-pacp"", ""https://www.gub.uy/ministerio-salud-publica/sites/ministerio-salud-publica/files/2024-03/ELEPEM%20CERTIFICADOS%207-3-2024.pdf""]"
ELP-0202,LOS GALLITOS,Lavalleja,MINAS,Varela 917,Varela,917,,,,,,Certificado de registro MSP (histórico),False,False,True,False,1,067/2023,2023,2023,2023,1,1,-34.3602315,-55.2228101,media-baja,centroide de calle,70,Direcciones Geográficas del Uruguay (IDE),"[""https://www.gub.uy/ministerio-salud-publica/sites/ministerio-salud-publica/files/2024-03/ELEPEM%20CERTIFICADOS%207-3-2024.pdf""]"
ELP-0203,MI REFUGIO,Lavalleja,MINAS,Roosevelt 464,Roosevelt,464,,,,,,Certificado de registro MSP (histórico),False,False,True,False,1,024/2023,2023,2023,2023,1,1,-34.3795237,-55.2359027,alta,calle y puerta exacta,100,Direcciones Geográficas del Uruguay (IDE),"[""https://www.gub.uy/ministerio-salud-publica/sites/ministerio-salud-publica/files/2024-03/ELEPEM%20CERTIFICADOS%207-3-2024.pdf""]"
ELP-0204,NOA,Lavalleja,MINAS CIUDAD DE LA,25 de Mayo 406,,25 de Mayo 406,,,,,,Certificado de registro MSP (histórico),False,False,True,False,1,001/2023,2023,2023,2023,1,1,-34.2545587,-55.1703867,muy baja,centroide departamental,20,Direcciones Geográficas del Uruguay (IDE),"[""https://www.gub.uy/ministerio-salud-publica/sites/ministerio-salud-publica/files/2024-03/ELEPEM%20CERTIFICADOS%207-3-2024.pdf""]"
ELP-0205,Residencial Casa Grande,Lavalleja,,Washington 725,Washington,725,,,,,,Certificado de registro MSP (histórico),False,False,True,False,1,076/2019,2019,2019,2019,1,1,-34.3749548,-55.2382436,alta,calle y puerta exacta,100,Direcciones Geográficas del Uruguay (IDE),"[""https://www.gub.uy/ministerio-salud-publica/sites/ministerio-salud-publica/files/2024-03/ELEPEM%20CERTIFICADOS%207-3-2024.pdf""]"
ELP-0206,Residencial Hogar I,Lavalleja,Minas,Melvin Jones s/n,Melvin Jones,S/N,,,,,,Certificado de registro MSP (histórico),False,False,True,False,1,038/2020,2020,2020,2020,1,1,-34.364677,-55.240676,media-baja,centroide de calle,70,Direcciones Geográficas del Uruguay (IDE),"[""https://www.gub.uy/ministerio-salud-publica/sites/ministerio-salud-publica/files/2024-03/ELEPEM%20CERTIFICADOS%207-3-2024.pdf""]"
ELP-0207,Residencial Hogar II,Lavalleja,Minas,Varela y Dighiero,Varela y Dighiero,,,,,,,Certificado de registro MSP (histórico),False,False,True,False,1,039/2020,2020,2020,2020,1,1,-34.3794128,-55.2157747,media-baja,centroide de calle,70,Direcciones Geográficas del Uruguay (IDE),"[""https://www.gub.uy/ministerio-salud-publica/sites/ministerio-salud-publica/files/2024-03/ELEPEM%20CERTIFICADOS%207-3-2024.pdf""]"
ELP-0208,5 SOLES,Maldonado,MALDONADO,CUBA Y COLOMBIA,CUBA Y COLOMBIA,,,,,,,Certificado de registro MSP (histórico),False,False,True,False,1,060/2022,2022,2022,2022,1,1,-34.9114796,-54.9841862,media-baja,centroide de calle,70,Direcciones Geográficas del Uruguay (IDE),"[""https://www.gub.uy/ministerio-salud-publica/sites/ministerio-salud-publica/files/2024-03/ELEPEM%20CERTIFICADOS%207-3-2024.pdf""]"
ELP-0209,ARTEMISA,Maldonado,Pta del Este,RODO S/N,RODO,S/N,,,,,,Certificado de registro MSP (histórico),False,False,True,False,1,001/2022,2022,2022,2022,1,1,-34.7931578,-54.9165945,media-baja,centroide de calle,70,Direcciones Geográficas del Uruguay (IDE),"[""https://www.gub.uy/ministerio-salud-publica/sites/ministerio-salud-publica/files/2024-03/ELEPEM%20CERTIFICADOS%207-3-2024.pdf""]"
ELP-0210,Atuvera,Maldonado,,Cuba S/N,Cuba,S/N,,,,,,Certificado de registro MSP (histórico),False,False,True,False,1,024/2017,2017,2017,2017,1,1,-34.9254424,-54.9695403,media-baja,centroide de calle,70,Direcciones Geográficas del Uruguay (IDE),"[""https://www.gub.uy/ministerio-salud-publica/sites/ministerio-salud-publica/files/2024-03/ELEPEM%20CERTIFICADOS%207-3-2024.pdf""]"
ELP-0211,RESIDENCIAL AZAHARES,Maldonado,San Carlos,18 de Julio y Agustín Abreu,,18 de Julio,,,,MARTÍNEZ GALLO SANDRA BEATRIZ,10 022856 0019,Proveedor PACP,False,False,True,True,2,"016/2017, 020/2018",2017,2018,2023-08-11,3,2,-34.7734163,-54.9036411,baja,centroide de localidad,35,Direcciones Geográficas del Uruguay (IDE),"[""https://www.gub.uy/sistema-cuidados/comunicacion/comunicados/programa-apoyo-cuidado-permanente-pacp"", ""https://www.gub.uy/ministerio-salud-publica/sites/ministerio-salud-publica/files/2024-03/ELEPEM%20CERTIFICADOS%207-3-2024.pdf""]"
ELP-0212,Casa del Sol,Maldonado,,Mercedes s/n padrón 2751,Mercedes s/n padrón,2751,,,,,,Certificado de registro MSP (histórico),False,False,True,False,2,"005/2018, 150/2019",2018,2019,2019,2,1,-34.9173655,-54.9340826,media-baja,centroide de calle,70,Direcciones Geográficas del Uruguay (IDE),"[""https://www.gub.uy/ministerio-salud-publica/sites/ministerio-salud-publica/files/2024-03/ELEPEM%20CERTIFICADOS%207-3-2024.pdf""]"
ELP-0213,Casa di Reposo da Giuliana,Maldonado,,"Parada 5 de Av. Francia, Chalet de nombre “Le Bosquet”",Parada,"5 de Av. Francia, Chalet de nombre “Le Bosquet”",,,,,,Certificado de registro MSP (histórico),False,False,True,False,1,028/2017,2017,2017,2017,1,1,-34.7953416,-55.3395185,media-baja,centroide de calle,70,Direcciones Geográficas del Uruguay (IDE),"[""https://www.gub.uy/ministerio-salud-publica/sites/ministerio-salud-publica/files/2024-03/ELEPEM%20CERTIFICADOS%207-3-2024.pdf""]"
ELP-0214,EL ALBA,Maldonado,Pta del Este,GIBRALTAR ENTRE AV FRANCIA Y DUERO,GIBRALTAR ENTRE AV FRANCIA Y DUERO,,,,,,,Certificado de registro MSP (histórico),False,False,True,False,2,"008/2022, 075/2022",2022,2022,2022,2,1,-34.9308079,-54.9372597,media-baja,centroide de calle,70,Direcciones Geográficas del Uruguay (IDE),"[""https://www.gub.uy/ministerio-salud-publica/sites/ministerio-salud-publica/files/2024-03/ELEPEM%20CERTIFICADOS%207-3-2024.pdf""]"
ELP-0215,El Porvenir,Maldonado,Maldonado,25 De Mayo 875,25 De Mayo,875,,42247960,,,,Certificado Social MIDES,False,True,False,False,0,,,,2024-07-15,1,1,-34.9093829,-54.9604112,alta,calle y puerta exacta,100,Direcciones Geográficas del Uruguay (IDE),"[""https://www.gub.uy/ministerio-desarrollo-social/etiqueta/otros/maldonado-establecimientos-larga-estadia-para-personas-mayores-certificado-social""]"
ELP-0216,En Familia,Maldonado,,Av. Lavalleja 921,Av. Lavalleja,921,,,,,,Certificado de registro MSP (histórico),False,False,True,False,1,003/2018,2018,2018,2018,1,1,-34.7723306,-55.2296706,media,puerta más cercana en la misma calle,73,Direcciones Geográficas del Uruguay (IDE),"[""https://www.gub.uy/ministerio-salud-publica/sites/ministerio-salud-publica/files/2024-03/ELEPEM%20CERTIFICADOS%207-3-2024.pdf""]"
ELP-0217,Fundación Pro-Bienestar Social del Anciano de Aiguá,Maldonado,,Agustoni Rossi s/n,Agustoni Rossi,S/N,,,,,,Certificado de registro MSP (histórico),False,False,True,False,1,102/2019,2019,2019,2019,1,1,-34.1987633,-54.7429229,media-baja,centroide de calle,70,Direcciones Geográficas del Uruguay (IDE),"[""https://www.gub.uy/ministerio-salud-publica/sites/ministerio-salud-publica/files/2024-03/ELEPEM%20CERTIFICADOS%207-3-2024.pdf""]"
ELP-0218,Gines Cairo Medina,Maldonado,,Ruta 39 Km. 5500,Ruta 39,Km 5500,,,,,,Certificado de registro MSP (histórico),False,False,True,False,1,042/2019,2019,2019,2019,1,1,-34.8304219,-54.936244,media-baja,centroide de calle,70,Direcciones Geográficas del Uruguay (IDE),"[""https://www.gub.uy/ministerio-salud-publica/sites/ministerio-salud-publica/files/2024-03/ELEPEM%20CERTIFICADOS%207-3-2024.pdf""]"
ELP-0219,Hogar de Ancianos Pan de Azúcar,Maldonado,Pan de Azúcar,Rutas 93 y 37 Km. 92,Rutas 93 y 37,Km 92,10,099951475,pandeazucarhogar@hotmail.com,,,Habilitación final MSP,True,False,True,False,1,031/2020,2020,2020,2026-06-30,2,2,-34.8652664,-55.1545248,media-baja,centroide de calle,70,Direcciones Geográficas del Uruguay (IDE),"[""https://www.gub.uy/ministerio-salud-publica/sites/ministerio-salud-publica/files/2026-06/ELEPEM%20HABILITADOS%20JUNIO%202026.pdf"", ""https://www.gub.uy/ministerio-salud-publica/sites/ministerio-salud-publica/files/2024-03/ELEPEM%20CERTIFICADOS%207-3-2024.pdf""]"
ELP-0220,Hogar De Ancianos Ecilda Cardozo,Maldonado,San Carlos,25 De Agosto 773,25 De Agosto,773,,42668513,,,,Certificado Social MIDES,False,True,False,False,0,,,,2024-07-15,1,1,-34.7909749,-54.9150041,alta,calle y puerta exacta,100,Direcciones Geográficas del Uruguay (IDE),"[""https://www.gub.uy/ministerio-desarrollo-social/etiqueta/otros/maldonado-establecimientos-larga-estadia-para-personas-mayores-certificado-social""]"
ELP-0221,Hogar Ecilda Cardozo,Maldonado,San Carlos,25 de agosto 773,,25 de agosto 773,20,42668513,hogarecildasancarlos@gmail.com,,,Habilitación final MSP,True,False,True,False,1,149/2019,2019,2019,2026-06-30,2,2,-34.7908298,-54.9095382,baja,centroide de localidad,35,Direcciones Geográficas del Uruguay (IDE),"[""https://www.gub.uy/ministerio-salud-publica/sites/ministerio-salud-publica/files/2026-06/ELEPEM%20HABILITADOS%20JUNIO%202026.pdf"", ""https://www.gub.uy/ministerio-salud-publica/sites/ministerio-salud-publica/files/2024-03/ELEPEM%20CERTIFICADOS%207-3-2024.pdf""]"
ELP-0222,Hogar Q.F. Eva Gonzalez,Maldonado,Pan De Azucar,Ruta 93 Km92,Ruta 93,Km92,,44347474,,,,Certificado Social MIDES,False,True,False,False,0,,,,2024-07-15,1,1,-34.8659278,-55.0936789,media,puerta más cercana en la misma calle,89,Direcciones Geográficas del Uruguay (IDE),"[""https://www.gub.uy/ministerio-desarrollo-social/etiqueta/otros/maldonado-establecimientos-larga-estadia-para-personas-mayores-certificado-social""]"
ELP-0223,HOSTERÌA URUGUAY,Maldonado,PIRIAPOLIS,Calle Uruguay 1026,Calle Uruguay,1026,,,,,,Certificado de registro MSP (histórico),False,False,True,False,1,025/2023,2023,2023,2023,1,1,-34.8674753,-55.2705956,media,puerta más cercana en la misma calle,89,Direcciones Geográficas del Uruguay (IDE),"[""https://www.gub.uy/ministerio-salud-publica/sites/ministerio-salud-publica/files/2024-03/ELEPEM%20CERTIFICADOS%207-3-2024.pdf""]"
ELP-0224,Kamomila,Maldonado,,"Av. Francia Chalet ""Guaviyú"" - Punta del Este","Av. Francia Chalet ""Guaviyú"" - Punta del Este",,,,,,,Certificado de registro MSP (histórico),False,False,True,False,1,004/2018,2018,2018,2018,1,1,-34.949791,-54.9429268,media-baja,centroide de calle,70,Direcciones Geográficas del Uruguay (IDE),"[""https://www.gub.uy/ministerio-salud-publica/sites/ministerio-salud-publica/files/2024-03/ELEPEM%20CERTIFICADOS%207-3-2024.pdf""]"
ELP-0225,LA CANDELARIA,Maldonado,PTA DEL ESTE,MARTINIANO CHIOSSI Y FORT WAYNE,MARTINIANO CHIOSSI Y FORT WAYNE,,,,,,,Certificado de registro MSP (histórico),False,False,True,False,2,"050/2020, 072/2022",2020,2022,2022,2,1,-34.9346457,-54.9395137,media-baja,centroide de calle,70,Direcciones Geográficas del Uruguay (IDE),"[""https://www.gub.uy/ministerio-salud-publica/sites/ministerio-salud-publica/files/2024-03/ELEPEM%20CERTIFICADOS%207-3-2024.pdf""]"
ELP-0226,La Milonga,Maldonado,,JP Ramírez 555,JP Ramírez,555,,,,,,Certificado de registro MSP (histórico),False,False,True,False,1,106/2018,2018,2018,2018,1,1,-34.7948883,-54.9095728,alta,calle y puerta exacta,82,Direcciones Geográficas del Uruguay (IDE),"[""https://www.gub.uy/ministerio-salud-publica/sites/ministerio-salud-publica/files/2024-03/ELEPEM%20CERTIFICADOS%207-3-2024.pdf""]"
ELP-0227,La Tregua,Maldonado,Punta Ballena,“las antorchas” Camino Los Camalotes a 1.5 Km de Camino Lussich,“las antorchas” Camino Los Camalotes a,1.5 Km de Camino Lussich,21,42577513 - 095321855 44347474 - 099877976 - | 42577513 / 095321855,abril-247@hotmail.com,,,Habilitación final MSP,True,True,True,False,1,087/2019,2019,2019,2026-06-30,3,3,-34.794746,-55.2418006,media-baja,centroide de calle,70,Direcciones Geográficas del Uruguay (IDE),"[""https://www.gub.uy/ministerio-salud-publica/sites/ministerio-salud-publica/files/2026-06/ELEPEM%20HABILITADOS%20JUNIO%202026.pdf"", ""https://www.gub.uy/ministerio-desarrollo-social/etiqueta/otros/maldonado-establecimientos-larga-estadia-para-personas-mayores-certificado-social"", ""https://www.gub.uy/ministerio-salud-publica/sites/ministerio-salud-publica/files/2024-03/ELEPEM%20CERTIFICADOS%207-3-2024.pdf""]"
ELP-0228,La Villetta,Maldonado,,Pilcamayo s/n casi Pedragroso,Pilcamayo,S/N,,,,,,Certificado de registro MSP (histórico),False,False,True,False,1,025/2019,2019,2019,2019,1,1,-34.9429946,-54.9349986,media-baja,centroide de calle,70,Direcciones Geográficas del Uruguay (IDE),"[""https://www.gub.uy/ministerio-salud-publica/sites/ministerio-salud-publica/files/2024-03/ELEPEM%20CERTIFICADOS%207-3-2024.pdf""]"
ELP-0229,Las Lavandas,Maldonado,Punta del Este,5 Paso de la Cadena esq. Alamein,,5 Paso de la Cadena,21,(Santiago),sfernandez@asesoria21.com,,,Habilitación final MSP,True,False,False,False,0,,,,2026-06-30,1,1,-34.9250334,-54.9406117,baja,centroide de localidad,35,Direcciones Geográficas del Uruguay (IDE),"[""https://www.gub.uy/ministerio-salud-publica/sites/ministerio-salud-publica/files/2026-06/ELEPEM%20HABILITADOS%20JUNIO%202026.pdf""]"
ELP-0230,Las Lavandas,Maldonado,Punta Del Este,Paso De La Cadena S/N,Paso De La Cadena,S/N,,42480339,,,,Certificado Social MIDES,False,True,True,False,2,"151/2019, 132/2022",2019,2022,2024-07-15,3,2,-34.9174905,-54.919618,media-baja,centroide de calle,70,Direcciones Geográficas del Uruguay (IDE),"[""https://www.gub.uy/ministerio-desarrollo-social/etiqueta/otros/maldonado-establecimientos-larga-estadia-para-personas-mayores-certificado-social"", ""https://www.gub.uy/ministerio-salud-publica/sites/ministerio-salud-publica/files/2024-03/ELEPEM%20CERTIFICADOS%207-3-2024.pdf""]"
ELP-0231,Los Alamos,Maldonado,Punta del Este,Bilbao c/Pedragosa Sierra Pda.,Bilbao c/Pedragosa Sierra Pda.,,23,42481758 42480339 - 098856984,aamperez@hotmail.com,,,Habilitación final MSP,True,False,True,False,1,081/2019,2019,2019,2026-06-30,2,2,-34.9518244,-54.9279572,media-baja,centroide de calle,70,Direcciones Geográficas del Uruguay (IDE),"[""https://www.gub.uy/ministerio-salud-publica/sites/ministerio-salud-publica/files/2026-06/ELEPEM%20HABILITADOS%20JUNIO%202026.pdf"", ""https://www.gub.uy/ministerio-salud-publica/sites/ministerio-salud-publica/files/2024-03/ELEPEM%20CERTIFICADOS%207-3-2024.pdf""]"
ELP-0232,Los Alamos,Maldonado,Punta Del Este,Calle Pedragosa Sierra Esq. Bilbao S/N,Calle Pedragosa Sierra Esq. Bilbao,S/N,,42481758,,,,Certificado Social MIDES,False,True,False,False,0,,,,2024-07-15,1,1,-34.938495,-54.931631,media-baja,centroide de calle,70,Direcciones Geográficas del Uruguay (IDE),"[""https://www.gub.uy/ministerio-desarrollo-social/etiqueta/otros/maldonado-establecimientos-larga-estadia-para-personas-mayores-certificado-social""]"
ELP-0233,LOS GIRASOLES,Maldonado,Punta Del Este,Lenzina parada 2,Lenzina parada,2,,,,,,Certificado de registro MSP (histórico),False,False,True,False,1,070/2023,2023,2023,2023,1,1,-34.9254659,-54.9381259,baja,centroide de localidad,35,Direcciones Geográficas del Uruguay (IDE),"[""https://www.gub.uy/ministerio-salud-publica/sites/ministerio-salud-publica/files/2024-03/ELEPEM%20CERTIFICADOS%207-3-2024.pdf""]"
ELP-0234,Los Juncos,Maldonado,Maldonado,6 De Julio 1784,6 De Julio,1784,,42269878 / 092191647,,,,Certificado Social MIDES,False,True,False,False,0,,,,2024-07-15,1,1,-34.9261869,-54.9720865,media-baja,centroide de calle,70,Direcciones Geográficas del Uruguay (IDE),"[""https://www.gub.uy/ministerio-desarrollo-social/etiqueta/otros/maldonado-establecimientos-larga-estadia-para-personas-mayores-certificado-social""]"
ELP-0235,LOS OLIVOS,Maldonado,Punta Del Este,Santiago de Chile p.12,Santiago de Chile p.,12,,,,,,Certificado de registro MSP (histórico),False,False,True,False,1,072/2023,2023,2023,2023,1,1,-34.9367816,-54.9486574,alta,calle y puerta exacta,100,Direcciones Geográficas del Uruguay (IDE),"[""https://www.gub.uy/ministerio-salud-publica/sites/ministerio-salud-publica/files/2024-03/ELEPEM%20CERTIFICADOS%207-3-2024.pdf""]"
ELP-0236,Los Paraisos,Maldonado,San carlos,4 de octubre 962,4 de octubre,962,,42662810,,,,Certificado Social MIDES,False,True,False,False,0,,,,2024-07-15,1,1,-34.786458,-54.9300959,alta,calle y puerta exacta,100,Direcciones Geográficas del Uruguay (IDE),"[""https://www.gub.uy/ministerio-desarrollo-social/etiqueta/otros/maldonado-establecimientos-larga-estadia-para-personas-mayores-certificado-social""]"
ELP-0237,LOS PARAISOS,Maldonado,SAN CARLOS,4 de Octubre 962,,4 de Octubre 962,,,,,,Certificado de registro MSP (histórico),False,False,True,False,1,054/2023,2023,2023,2023,1,1,-34.7781008,-54.9281957,baja,centroide de localidad,35,Direcciones Geográficas del Uruguay (IDE),"[""https://www.gub.uy/ministerio-salud-publica/sites/ministerio-salud-publica/files/2024-03/ELEPEM%20CERTIFICADOS%207-3-2024.pdf""]"
ELP-0238,MARIA MERCEDES UN NUEVO AMANECER,Maldonado,MONTEVIDEO MALDONADO,CAMINO CARLOS DE PENA 4240 RAFAEL PEREZ DEL PUERTO 870,CAMINO CARLOS DE PENA,4240 RAFAEL PEREZ DEL PUERTO 870,,,,,,Certificado de registro MSP (histórico),False,False,True,False,1,135/2022,2022,2022,2022,1,1,-34.8819151,-55.0583839,media-baja,centroide de calle,70,Direcciones Geográficas del Uruguay (IDE),"[""https://www.gub.uy/ministerio-salud-publica/sites/ministerio-salud-publica/files/2024-03/ELEPEM%20CERTIFICADOS%207-3-2024.pdf""]"
ELP-0239,MIS ABUELOS,Maldonado,SAN CARLOS,Curbelo 685,Curbelo,685,,,,,,Certificado de registro MSP (histórico),False,False,True,False,3,"134/2019, 076/2022, 055/2023",2019,2023,2023,3,1,-34.7825118,-54.9084771,media,puerta más cercana en la misma calle,89,Direcciones Geográficas del Uruguay (IDE),"[""https://www.gub.uy/ministerio-salud-publica/sites/ministerio-salud-publica/files/2024-03/ELEPEM%20CERTIFICADOS%207-3-2024.pdf""]"
ELP-0240,Renacer,Maldonado,Pan De Azucar,Ceibal 404,Ceibal,404,,44349594,,,,Certificado Social MIDES,False,True,True,False,1,029/2021,2021,2021,2024-07-15,2,2,-34.7805399,-55.2310996,alta,calle y puerta exacta,100,Direcciones Geográficas del Uruguay (IDE),"[""https://www.gub.uy/ministerio-desarrollo-social/etiqueta/otros/maldonado-establecimientos-larga-estadia-para-personas-mayores-certificado-social"", ""https://www.gub.uy/ministerio-salud-publica/sites/ministerio-salud-publica/files/2024-03/ELEPEM%20CERTIFICADOS%207-3-2024.pdf""]"
ELP-0241,Residencial Adamar,Maldonado,,Zufriategui s/n esquina Cerrito,Zufriategui,S/N,,,,,,Certificado de registro MSP (histórico),False,False,True,False,1,178/2019,2019,2019,2019,1,1,-34.8454122,-55.213961,media-baja,centroide de calle,70,Direcciones Geográficas del Uruguay (IDE),"[""https://www.gub.uy/ministerio-salud-publica/sites/ministerio-salud-publica/files/2024-03/ELEPEM%20CERTIFICADOS%207-3-2024.pdf""]"
ELP-0242,Residencial Adonis,Maldonado,Maldonado,Ventura Alegre 465,Ventura Alegre,465,,,,,,Certificado de registro MSP (histórico),False,False,True,False,1,015/2021,2021,2021,2021,1,1,-34.9066338,-54.9509672,alta,calle y puerta exacta,100,Direcciones Geográficas del Uruguay (IDE),"[""https://www.gub.uy/ministerio-salud-publica/sites/ministerio-salud-publica/files/2024-03/ELEPEM%20CERTIFICADOS%207-3-2024.pdf""]"
ELP-0243,Residencial Amigos del Padre Pio,Maldonado,,Montevideo esq. Rio de Janeiro manzana 511,Montevideo esq. Rio de Janeiro manzana,511,,,,,,Certificado de registro MSP (histórico),False,False,True,False,1,168/2019,2019,2019,2019,1,1,-34.8241609,-55.3130666,media,puerta más cercana en la misma calle,89,Direcciones Geográficas del Uruguay (IDE),"[""https://www.gub.uy/ministerio-salud-publica/sites/ministerio-salud-publica/files/2024-03/ELEPEM%20CERTIFICADOS%207-3-2024.pdf""]"
ELP-0244,Residencial Anlor,Maldonado,,Florida 1062,Florida,1062,,,,,,Certificado de registro MSP (histórico),False,False,True,False,1,089/2019,2019,2019,2019,1,1,-34.9085724,-54.9617551,media,puerta más cercana en la misma calle,89,Direcciones Geográficas del Uruguay (IDE),"[""https://www.gub.uy/ministerio-salud-publica/sites/ministerio-salud-publica/files/2024-03/ELEPEM%20CERTIFICADOS%207-3-2024.pdf""]"
ELP-0245,Residencial Casa de Mar,Maldonado,,Av. República Argentina y Fort Wayne,Av. República Argentina y Fort Wayne,,,,,,,Certificado de registro MSP (histórico),False,False,True,False,1,203/2019,2019,2019,2019,1,1,-34.9342877,-54.9604042,media-baja,centroide de calle,70,Direcciones Geográficas del Uruguay (IDE),"[""https://www.gub.uy/ministerio-salud-publica/sites/ministerio-salud-publica/files/2024-03/ELEPEM%20CERTIFICADOS%207-3-2024.pdf""]"
ELP-0246,Residencial Centro de Cuidados Alamos,Maldonado,Punta Del Este,"Av. Pedragosa Sierra y el Havre, padrón 7084","Av. Pedragosa Sierra y el Havre, padrón",7084,,,,,,Certificado de registro MSP (histórico),False,False,True,False,1,030/2021,2021,2021,2021,1,1,-34.9301047,-54.9379602,media-baja,centroide de calle,70,Direcciones Geográficas del Uruguay (IDE),"[""https://www.gub.uy/ministerio-salud-publica/sites/ministerio-salud-publica/files/2024-03/ELEPEM%20CERTIFICADOS%207-3-2024.pdf""]"
ELP-0247,Residencial En Familia,Maldonado,,25 de agosto 786,,25 de agosto 786,,,,,,Certificado de registro MSP (histórico),False,False,True,False,1,083/2019,2019,2019,2019,1,1,-34.8377945,-55.0187209,muy baja,centroide departamental,20,Direcciones Geográficas del Uruguay (IDE),"[""https://www.gub.uy/ministerio-salud-publica/sites/ministerio-salud-publica/files/2024-03/ELEPEM%20CERTIFICADOS%207-3-2024.pdf""]"
ELP-0248,Residencial En flia 2,Maldonado,,Roman Guerra 724,Roman Guerra,724,,,,,,Certificado de registro MSP (histórico),False,False,True,False,1,043/2021,2021,2021,2021,1,1,-34.9105037,-54.9566163,alta,calle y puerta exacta,100,Direcciones Geográficas del Uruguay (IDE),"[""https://www.gub.uy/ministerio-salud-publica/sites/ministerio-salud-publica/files/2024-03/ELEPEM%20CERTIFICADOS%207-3-2024.pdf""]"
ELP-0249,Residencial Guadalupe,Maldonado,,"Avenida Martiniano Chiossi y Arizona chalet ""La Almanzora""","Avenida Martiniano Chiossi y Arizona chalet ""La Almanzora""",,,,,,,Certificado de registro MSP (histórico),False,False,True,False,1,121/2019,2019,2019,2019,1,1,-34.9227642,-54.9422476,media-baja,centroide de calle,70,Direcciones Geográficas del Uruguay (IDE),"[""https://www.gub.uy/ministerio-salud-publica/sites/ministerio-salud-publica/files/2024-03/ELEPEM%20CERTIFICADOS%207-3-2024.pdf""]"
ELP-0250,Residencial Hogar Santa María,Maldonado,San Carlos,Dr. Andres Ceberio 678,Dr. Andres Ceberio,678,,,,,,Certificado de registro MSP (histórico),False,False,True,False,1,132/2020,2020,2020,2020,1,1,-34.7939483,-54.9219594,alta,calle y puerta exacta,100,Direcciones Geográficas del Uruguay (IDE),"[""https://www.gub.uy/ministerio-salud-publica/sites/ministerio-salud-publica/files/2024-03/ELEPEM%20CERTIFICADOS%207-3-2024.pdf""]"
ELP-0251,Residencial La Esmeralda,Maldonado,Punta del Este,"Av. Francia esquina Av. Brasil y Río Branco padrón 6875 , manzana 553",Av. Francia esquina Av. Brasil y Río Branco padrón,"6875 , manzana 553",,,,,,Certificado de registro MSP (histórico),False,False,True,False,1,007/2020,2020,2020,2020,1,1,-34.93616,-54.944286,media-baja,centroide de calle,70,Direcciones Geográficas del Uruguay (IDE),"[""https://www.gub.uy/ministerio-salud-publica/sites/ministerio-salud-publica/files/2024-03/ELEPEM%20CERTIFICADOS%207-3-2024.pdf""]"
ELP-0252,Residencial La Esperanza,Maldonado,Punta Del Este,Tenerife esq. Prado,Tenerife esq. Prado,,,,,,,Certificado de registro MSP (histórico),False,False,True,False,1,044/2021,2021,2021,2021,1,1,-34.9222115,-54.9486141,media-baja,centroide de calle,70,Direcciones Geográficas del Uruguay (IDE),"[""https://www.gub.uy/ministerio-salud-publica/sites/ministerio-salud-publica/files/2024-03/ELEPEM%20CERTIFICADOS%207-3-2024.pdf""]"
ELP-0253,Residencial Los Juncos,Maldonado,,6 de julio 1784,,6 de julio 1784,,,,,,Certificado de registro MSP (histórico),False,False,True,False,1,114/2019,2019,2019,2019,1,1,-34.840506,-54.9974634,muy baja,centroide departamental,20,Direcciones Geográficas del Uruguay (IDE),"[""https://www.gub.uy/ministerio-salud-publica/sites/ministerio-salud-publica/files/2024-03/ELEPEM%20CERTIFICADOS%207-3-2024.pdf""]"
ELP-0254,Residencial Mi Segunda Flia,Maldonado,Punta Del Este,Costa Rica y Nicaragua Chalet El Remanso,Costa Rica y Nicaragua Chalet El Remanso,,,,,,,Certificado de registro MSP (histórico),False,False,True,False,1,024/2021,2021,2021,2021,1,1,-34.9137332,-55.0244861,media-baja,centroide de calle,70,Direcciones Geográficas del Uruguay (IDE),"[""https://www.gub.uy/ministerio-salud-publica/sites/ministerio-salud-publica/files/2024-03/ELEPEM%20CERTIFICADOS%207-3-2024.pdf""]"
ELP-0255,Residencial Miramar,Maldonado,Piriápolis,Pasaje B casi calle 3 Parque Miramar,Pasaje B casi calle,3 Parque Miramar,,,,,,Certificado de registro MSP (histórico),False,False,True,False,1,100/2020,2020,2020,2020,1,1,-34.8442121,-55.2648672,alta,calle y puerta exacta,100,Direcciones Geográficas del Uruguay (IDE),"[""https://www.gub.uy/ministerio-salud-publica/sites/ministerio-salud-publica/files/2024-03/ELEPEM%20CERTIFICADOS%207-3-2024.pdf""]"
ELP-0256,Residencial Nouvelles Maison,Maldonado,Punta Del Este,"Calderón de la Barca, Solar 1, manzana 83, barrio Jardines de Córdoba","Calderón de la Barca, Solar","1, manzana 83, barrio Jardines de Córdoba",,,,,,Certificado de registro MSP (histórico),False,False,True,False,1,031/2021,2021,2021,2021,1,1,-34.9192223,-54.9419081,media,puerta más cercana en la misma calle,89,Direcciones Geográficas del Uruguay (IDE),"[""https://www.gub.uy/ministerio-salud-publica/sites/ministerio-salud-publica/files/2024-03/ELEPEM%20CERTIFICADOS%207-3-2024.pdf""]"
ELP-0257,Residencial Nuestros Años Felices,Maldonado,,Fort Wayne S/N,Fort Wayne,S/N,,,,,,Certificado de registro MSP (histórico),False,False,True,False,1,163/2019,2019,2019,2019,1,1,-34.9320772,-54.9553764,media-baja,centroide de calle,70,Direcciones Geográficas del Uruguay (IDE),"[""https://www.gub.uy/ministerio-salud-publica/sites/ministerio-salud-publica/files/2024-03/ELEPEM%20CERTIFICADOS%207-3-2024.pdf""]"
ELP-0258,Residencial Nuevo Amanecer,Maldonado,Maldonado,Piedras y Basilio Araújo 1076,Piedras y Basilio Araújo,1076,,,,,,Certificado de registro MSP (histórico),False,False,True,False,1,058/2020,2020,2020,2020,1,1,-34.8218458,-55.1198078,media-baja,centroide de calle,70,Direcciones Geográficas del Uruguay (IDE),"[""https://www.gub.uy/ministerio-salud-publica/sites/ministerio-salud-publica/files/2024-03/ELEPEM%20CERTIFICADOS%207-3-2024.pdf""]"
ELP-0259,Residencial para el adulto mayor,Maldonado,,Rincón 860,Rincón,860,,,,,,Certificado de registro MSP (histórico),False,False,True,False,1,088/2019,2019,2019,2019,1,1,-34.9079776,-54.9553847,alta,calle y puerta exacta,100,Direcciones Geográficas del Uruguay (IDE),"[""https://www.gub.uy/ministerio-salud-publica/sites/ministerio-salud-publica/files/2024-03/ELEPEM%20CERTIFICADOS%207-3-2024.pdf""]"
ELP-0260,Residencial Porvenir,Maldonado,,25 de Mayo 875,,25 de Mayo 875,,,,,,Certificado de registro MSP (histórico),False,False,True,False,1,205/2019,2019,2019,2019,1,1,-34.8564235,-55.0246745,muy baja,centroide departamental,20,Direcciones Geográficas del Uruguay (IDE),"[""https://www.gub.uy/ministerio-salud-publica/sites/ministerio-salud-publica/files/2024-03/ELEPEM%20CERTIFICADOS%207-3-2024.pdf""]"
ELP-0261,Residencial San Expedito,Maldonado,San Carlos,Nuble Gonzalez Olaza s/n,Nuble Gonzalez Olaza,S/N,,,,,,Certificado de registro MSP (histórico),False,False,True,False,1,036/2021,2021,2021,2021,1,1,-34.8048011,-54.9277039,media-baja,centroide de calle,70,Direcciones Geográficas del Uruguay (IDE),"[""https://www.gub.uy/ministerio-salud-publica/sites/ministerio-salud-publica/files/2024-03/ELEPEM%20CERTIFICADOS%207-3-2024.pdf""]"
ELP-0262,Residencial San Expedito,Maldonado,Maldonado,Tamaro 732,Tamaro,732,,,,,,Certificado de registro MSP (histórico),False,False,True,False,1,084/2020,2020,2020,2020,1,1,-34.8968621,-54.9592984,baja,centroide de localidad,35,Direcciones Geográficas del Uruguay (IDE),"[""https://www.gub.uy/ministerio-salud-publica/sites/ministerio-salud-publica/files/2024-03/ELEPEM%20CERTIFICADOS%207-3-2024.pdf""]"
ELP-0263,Residencial SAS,Maldonado,Montevideo,Luis de la Torre 712,Luis de la Torre,712,,,,,,Certificado de registro MSP (histórico),False,False,True,False,1,071/2021,2021,2021,2021,1,1,-34.9004252,-54.9476293,media,puerta más cercana en la misma calle,79,Direcciones Geográficas del Uruguay (IDE),"[""https://www.gub.uy/ministerio-salud-publica/sites/ministerio-salud-publica/files/2024-03/ELEPEM%20CERTIFICADOS%207-3-2024.pdf""]"
ELP-0264,Residencial Señoras,Maldonado,San Carlos,18 de Julio 665,,18 de Julio 665,,,,,,Certificado de registro MSP (histórico),False,False,True,False,1,027/2020,2020,2020,2020,1,1,-34.7877656,-54.9235784,baja,centroide de localidad,35,Direcciones Geográficas del Uruguay (IDE),"[""https://www.gub.uy/ministerio-salud-publica/sites/ministerio-salud-publica/files/2024-03/ELEPEM%20CERTIFICADOS%207-3-2024.pdf""]"
ELP-0265,RESIDENCIAL SEÑORAS Y SEÑORES,Maldonado,San Carlos,CALLE 33 838,CALLE,33 838,,,,,,Certificado de registro MSP (histórico),False,False,True,False,1,048/2020,2020,2020,2020,1,1,-34.8459784,-55.2918716,media,puerta más cercana en la misma calle,89,Direcciones Geográficas del Uruguay (IDE),"[""https://www.gub.uy/ministerio-salud-publica/sites/ministerio-salud-publica/files/2024-03/ELEPEM%20CERTIFICADOS%207-3-2024.pdf""]"
ELP-0266,Residencial VER BEL,Maldonado,Piriapolis,Rondeau 921,Rondeau,921,,,,,,Certificado de registro MSP (histórico),False,False,True,False,1,125/2020,2020,2020,2020,1,1,-34.8679232,-55.2678308,media,puerta más cercana en la misma calle,89,Direcciones Geográficas del Uruguay (IDE),"[""https://www.gub.uy/ministerio-salud-publica/sites/ministerio-salud-publica/files/2024-03/ELEPEM%20CERTIFICADOS%207-3-2024.pdf""]"
ELP-0267,Residencial Villa Paz,Maldonado,Punta del Este,Mercedes y Sucre manzana 420,Mercedes y Sucre manzana,420,,,,,,Certificado de registro MSP (histórico),False,False,True,False,1,061/2020,2020,2020,2020,1,1,-34.9078537,-54.9300848,media-baja,centroide de calle,70,Direcciones Geográficas del Uruguay (IDE),"[""https://www.gub.uy/ministerio-salud-publica/sites/ministerio-salud-publica/files/2024-03/ELEPEM%20CERTIFICADOS%207-3-2024.pdf""]"
ELP-0268,Residencial VITA BELLA,Maldonado,Maldonado,Luciano Romero s/n entre M. Melenedez y M Ortiz,Luciano Romero,S/N,,,,,,Certificado de registro MSP (histórico),False,False,True,False,1,123/2020,2020,2020,2020,1,1,-34.9181045,-54.9514118,media-baja,centroide de calle,70,Direcciones Geográficas del Uruguay (IDE),"[""https://www.gub.uy/ministerio-salud-publica/sites/ministerio-salud-publica/files/2024-03/ELEPEM%20CERTIFICADOS%207-3-2024.pdf""]"
ELP-0269,RIMAES,Maldonado,PIRIAPOLIS CIUDAD DE LA,DEFENSA ESQ. URQUIZA,DEFENSA ESQ. URQUIZA,,,,,,,Certificado de registro MSP (histórico),False,False,True,False,1,091/2022,2022,2022,2022,1,1,-34.8573321,-55.2847522,media-baja,centroide de calle,70,Direcciones Geográficas del Uruguay (IDE),"[""https://www.gub.uy/ministerio-salud-publica/sites/ministerio-salud-publica/files/2024-03/ELEPEM%20CERTIFICADOS%207-3-2024.pdf""]"
ELP-0270,SAN MIGUEL,Maldonado,MALDONADO,BOANES Y MAPUCHE S/N,BOANES Y MAPUCHE,S/N,,,,,,Certificado de registro MSP (histórico),False,False,True,False,1,059/2022,2022,2022,2022,1,1,-34.8785653,-54.931591,media-baja,centroide de calle,70,Direcciones Geográficas del Uruguay (IDE),"[""https://www.gub.uy/ministerio-salud-publica/sites/ministerio-salud-publica/files/2024-03/ELEPEM%20CERTIFICADOS%207-3-2024.pdf""]"
ELP-0271,Segunda Familia,Maldonado,,Nelson Feria S/N,Nelson Feria,S/N,,,,,,Certificado de registro MSP (histórico),False,False,True,False,1,018/2017,2017,2017,2017,1,1,-34.8892224,-54.9741842,media-baja,centroide de calle,70,Direcciones Geográficas del Uruguay (IDE),"[""https://www.gub.uy/ministerio-salud-publica/sites/ministerio-salud-publica/files/2024-03/ELEPEM%20CERTIFICADOS%207-3-2024.pdf""]"
ELP-0272,TOURMALINE,Maldonado,PIRIAPOLIS,Uruguay 906,Uruguay,906,,,,,,Certificado de registro MSP (histórico),False,False,True,False,1,053/2023,2023,2023,2023,1,1,-34.8712274,-55.273674,alta,calle y puerta exacta,100,Direcciones Geográficas del Uruguay (IDE),"[""https://www.gub.uy/ministerio-salud-publica/sites/ministerio-salud-publica/files/2024-03/ELEPEM%20CERTIFICADOS%207-3-2024.pdf""]"
ELP-0273,Abras,Montevideo,Montevideo,Gral. Enrique Martínez 2269,Gral. Enrique Martínez,2269,,24817025,,,,Certificado Social MIDES,False,True,True,False,1,034/2022,2022,2022,2024-07-15,2,2,-34.87161,-56.1667868,alta,calle y puerta exacta,100,Direcciones Geográficas del Uruguay (IDE),"[""https://www.gub.uy/ministerio-desarrollo-social/etiqueta/otros/montevideo-establecimientos-larga-estadia-para-personas-mayores-certificado-social"", ""https://www.gub.uy/ministerio-salud-publica/sites/ministerio-salud-publica/files/2024-03/ELEPEM%20CERTIFICADOS%207-3-2024.pdf""]"
ELP-0274,ABUELA CHACHI,Montevideo,MONTEVIDEO,MARCONI 1500,MARCONI,1500,,,,,,Certificado de registro MSP (histórico),False,False,True,False,1,049/2022,2022,2022,2022,1,1,-34.8268899,-56.2050137,alta,calle y puerta exacta,100,Direcciones Geográficas del Uruguay (IDE),"[""https://www.gub.uy/ministerio-salud-publica/sites/ministerio-salud-publica/files/2024-03/ELEPEM%20CERTIFICADOS%207-3-2024.pdf""]"
ELP-0275,Abuela Dominga,Montevideo,Montevideo,Perdro Bustamante 1721,Perdro Bustamante,1721,9,,residenciaadominga@gmail.com,,,Habilitación final MSP,True,False,True,False,1,056/2023,2023,2023,2026-06-30,2,2,-34.8536979,-56.1786231,media-baja,centroide de calle,70,Direcciones Geográficas del Uruguay (IDE),"[""https://www.gub.uy/ministerio-salud-publica/sites/ministerio-salud-publica/files/2026-06/ELEPEM%20HABILITADOS%20JUNIO%202026.pdf"", ""https://www.gub.uy/ministerio-salud-publica/sites/ministerio-salud-publica/files/2024-03/ELEPEM%20CERTIFICADOS%207-3-2024.pdf""]"
ELP-0276,Abuela Julia II,Montevideo,Montevideo,Geronimo Piccioli 2875,Geronimo Piccioli,2875,,25140216,,,,Certificado Social MIDES,False,True,True,False,3,"055/2019, 105/2020, 093/2021",2019,2021,2024-07-15,4,2,-34.8580137,-56.1342051,alta,calle y puerta exacta,100,Direcciones Geográficas del Uruguay (IDE),"[""https://www.gub.uy/ministerio-desarrollo-social/etiqueta/otros/montevideo-establecimientos-larga-estadia-para-personas-mayores-certificado-social"", ""https://www.gub.uy/ministerio-salud-publica/sites/ministerio-salud-publica/files/2024-03/ELEPEM%20CERTIFICADOS%207-3-2024.pdf""]"
ELP-0277,Abuela Lala,Montevideo,,Blanes 1125,Blanes,1125,,,,,,Certificado de registro MSP (histórico),False,False,True,False,1,017/2019,2019,2019,2019,1,1,-34.9088771,-56.1719346,alta,calle y puerta exacta,100,Direcciones Geográficas del Uruguay (IDE),"[""https://www.gub.uy/ministerio-salud-publica/sites/ministerio-salud-publica/files/2024-03/ELEPEM%20CERTIFICADOS%207-3-2024.pdf""]"
ELP-0278,Acompaña Residenciales,Montevideo,Montevideo,Francisco Bauzá 3372,Francisco Bauzá,3372,45,,anamiakits@gmail.com,,,Habilitación final MSP,True,False,True,False,1,031/2023,2023,2023,2026-06-30,2,2,-34.9005969,-56.1420526,alta,calle y puerta exacta,100,Direcciones Geográficas del Uruguay (IDE),"[""https://www.gub.uy/ministerio-salud-publica/sites/ministerio-salud-publica/files/2026-06/ELEPEM%20HABILITADOS%20JUNIO%202026.pdf"", ""https://www.gub.uy/ministerio-salud-publica/sites/ministerio-salud-publica/files/2024-03/ELEPEM%20CERTIFICADOS%207-3-2024.pdf""]"
ELP-0279,Agee II,Montevideo,Montevideo,Bulevar Artigas 4101,Bulevar Artigas,4101,34,,rodrigoboibo@hotmail.com,,,Habilitación final MSP,True,False,False,False,0,,,,2026-06-30,1,1,-34.8718467,-56.1940955,alta,calle y puerta exacta,100,Direcciones Geográficas del Uruguay (IDE),"[""https://www.gub.uy/ministerio-salud-publica/sites/ministerio-salud-publica/files/2026-06/ELEPEM%20HABILITADOS%20JUNIO%202026.pdf""]"
ELP-0280,Aguas de Reposo,Montevideo,Montevideo,Avenida Italia 6527,Avenida Italia,6527,18,26040203 | 26040203 – 099732263,aguasdereposo2019@gmail.com,MICA RESIDENCIALES LTDA.,21 852423 0019,Habilitación final MSP,True,True,True,True,2,"059/2018, 130/2019",2018,2019,2026-06-30,5,4,-34.8777443,-56.0668672,alta,calle y puerta exacta,100,Direcciones Geográficas del Uruguay (IDE),"[""https://www.gub.uy/ministerio-salud-publica/sites/ministerio-salud-publica/files/2026-06/ELEPEM%20HABILITADOS%20JUNIO%202026.pdf"", ""https://www.gub.uy/ministerio-desarrollo-social/etiqueta/otros/montevideo-establecimientos-larga-estadia-para-personas-mayores-certificado-social"", ""https://www.gub.uy/sistema-cuidados/comunicacion/comunicados/programa-apoyo-cuidado-permanente-pacp"", ""https://www.gub.uy/ministerio-salud-publica/sites/ministerio-salud-publica/files/2024-03/ELEPEM%20CERTIFICADOS%207-3-2024.pdf""]"
ELP-0281,AIRES DE CARRASCO,Montevideo,MONTEVIDEO,Av. Italia 7090,Av. Italia,7090,,,,,,Certificado de registro MSP (histórico),False,False,True,False,2,"031/2019, 015/2023",2019,2023,2023,2,1,-34.8773134,-56.0539897,alta,calle y puerta exacta,100,Direcciones Geográficas del Uruguay (IDE),"[""https://www.gub.uy/ministerio-salud-publica/sites/ministerio-salud-publica/files/2024-03/ELEPEM%20CERTIFICADOS%207-3-2024.pdf""]"
ELP-0282,Aires Del Parque,Montevideo,Montevideo,Pedro Campbell 1527,Pedro Campbell,1527,,27080512 – 099173409,,,,Certificado Social MIDES,False,True,True,False,1,042/2022,2022,2022,2024-07-15,2,2,-34.8990827,-56.1608035,alta,calle y puerta exacta,100,Direcciones Geográficas del Uruguay (IDE),"[""https://www.gub.uy/ministerio-desarrollo-social/etiqueta/otros/montevideo-establecimientos-larga-estadia-para-personas-mayores-certificado-social"", ""https://www.gub.uy/ministerio-salud-publica/sites/ministerio-salud-publica/files/2024-03/ELEPEM%20CERTIFICADOS%207-3-2024.pdf""]"
ELP-0283,Aires del Prado,Montevideo,Montevideo,Alejandro Fiol De Pereda 1102,Alejandro Fiol De Pereda,1102,,22009025,,,,Certificado Social MIDES,False,True,True,False,1,043/2022,2022,2022,2024-07-15,2,2,-34.8757807,-56.1960027,alta,calle y puerta exacta,100,Direcciones Geográficas del Uruguay (IDE),"[""https://www.gub.uy/ministerio-desarrollo-social/etiqueta/otros/montevideo-establecimientos-larga-estadia-para-personas-mayores-certificado-social"", ""https://www.gub.uy/ministerio-salud-publica/sites/ministerio-salud-publica/files/2024-03/ELEPEM%20CERTIFICADOS%207-3-2024.pdf""]"
ELP-0284,Aitana SA,Montevideo,,Bvar Artigas 1308 - Mdeo,Bvar Artigas,1308 - Mdeo,,,,,,Certificado de registro MSP (histórico),False,False,True,False,1,080/2018,2018,2018,2018,1,1,-34.8728004,-56.1705408,muy baja,centroide departamental,20,Direcciones Geográficas del Uruguay (IDE),"[""https://www.gub.uy/ministerio-salud-publica/sites/ministerio-salud-publica/files/2024-03/ELEPEM%20CERTIFICADOS%207-3-2024.pdf""]"
ELP-0285,Residencial Albas de Otoño,Montevideo,Montevideo,Tristan Narvaja 1622,Tristan Narvaja,1622,,,,,,Certificado de registro MSP (histórico),False,False,True,False,2,"068/2018, 081/2020",2018,2020,2020,2,1,-34.9003503,-56.178432,alta,calle y puerta exacta,100,Direcciones Geográficas del Uruguay (IDE),"[""https://www.gub.uy/ministerio-salud-publica/sites/ministerio-salud-publica/files/2024-03/ELEPEM%20CERTIFICADOS%207-3-2024.pdf""]"
ELP-0286,Alborada,Montevideo,Montevideo,H. Gutiérrez Ruiz 1223,H. Gutiérrez Ruiz,1223,13,29028951,carlaibarra042@gmail.com,,,Habilitación final MSP,True,True,True,False,2,"074/2018, 139/2019",2018,2019,2026-06-30,4,3,-34.8796333,-56.176036,media-baja,centroide de calle,70,Direcciones Geográficas del Uruguay (IDE),"[""https://www.gub.uy/ministerio-salud-publica/sites/ministerio-salud-publica/files/2026-06/ELEPEM%20HABILITADOS%20JUNIO%202026.pdf"", ""https://www.gub.uy/ministerio-desarrollo-social/etiqueta/otros/montevideo-establecimientos-larga-estadia-para-personas-mayores-certificado-social"", ""https://www.gub.uy/ministerio-salud-publica/sites/ministerio-salud-publica/files/2024-03/ELEPEM%20CERTIFICADOS%207-3-2024.pdf""]"
ELP-0287,Alborada,Montevideo,Montevideo,Jaime Cibils 2454,Jaime Cibils,2454,,24838092,,,,Certificado Social MIDES,False,True,True,False,1,111/2022,2022,2022,2024-07-15,2,2,-34.8812256,-56.1609526,alta,calle y puerta exacta,100,Direcciones Geográficas del Uruguay (IDE),"[""https://www.gub.uy/ministerio-desarrollo-social/etiqueta/otros/montevideo-establecimientos-larga-estadia-para-personas-mayores-certificado-social"", ""https://www.gub.uy/ministerio-salud-publica/sites/ministerio-salud-publica/files/2024-03/ELEPEM%20CERTIFICADOS%207-3-2024.pdf""]"
ELP-0288,Alborada,Montevideo,Montevideo,Martin C. Martínez 2593,Martin C. Martínez,2593,10,S/D,,,,Habilitación final MSP,True,True,True,False,1,045/2023,2023,2023,2026-06-30,3,3,-34.8813103,-56.1745699,alta,calle y puerta exacta,100,Direcciones Geográficas del Uruguay (IDE),"[""https://www.gub.uy/ministerio-salud-publica/sites/ministerio-salud-publica/files/2026-06/ELEPEM%20HABILITADOS%20JUNIO%202026.pdf"", ""https://www.gub.uy/ministerio-desarrollo-social/etiqueta/otros/montevideo-establecimientos-larga-estadia-para-personas-mayores-certificado-social"", ""https://www.gub.uy/ministerio-salud-publica/sites/ministerio-salud-publica/files/2024-03/ELEPEM%20CERTIFICADOS%207-3-2024.pdf""]"
ELP-0289,Allegra,Montevideo,Montevideo,Clemente Pradines 1775,Clemente Pradines,1775,,26832033,,,,Certificado Social MIDES,False,True,True,False,1,053/2020,2020,2020,2024-07-15,2,2,-34.8807552,-56.0512419,alta,calle y puerta exacta,100,Direcciones Geográficas del Uruguay (IDE),"[""https://www.gub.uy/ministerio-desarrollo-social/etiqueta/otros/montevideo-establecimientos-larga-estadia-para-personas-mayores-certificado-social"", ""https://www.gub.uy/ministerio-salud-publica/sites/ministerio-salud-publica/files/2024-03/ELEPEM%20CERTIFICADOS%207-3-2024.pdf""]"
ELP-0290,Altos de Bulevard,Montevideo,Montevideo,Bulevar Artigas 2188,Bulevar Artigas,2188,20,,residencial.altosdeboulevar@hotmail.com,,,Habilitación final MSP,True,False,True,False,1,122/2022,2022,2022,2026-06-30,2,2,-34.8871719,-56.1655929,alta,calle y puerta exacta,100,Direcciones Geográficas del Uruguay (IDE),"[""https://www.gub.uy/ministerio-salud-publica/sites/ministerio-salud-publica/files/2026-06/ELEPEM%20HABILITADOS%20JUNIO%202026.pdf"", ""https://www.gub.uy/ministerio-salud-publica/sites/ministerio-salud-publica/files/2024-03/ELEPEM%20CERTIFICADOS%207-3-2024.pdf""]"
ELP-0291,Altos de Carrasco,Montevideo,Montevideo,Camino Carrasco 6996,Camino Carrasco,6996,12,26004979 / 092644122,altosdecarrascoresidencial@gmail.com,,,Habilitación final MSP,True,True,True,False,1,022/2021,2021,2021,2026-06-30,3,3,-34.8704415,-56.0717709,alta,calle y puerta exacta,100,Direcciones Geográficas del Uruguay (IDE),"[""https://www.gub.uy/ministerio-salud-publica/sites/ministerio-salud-publica/files/2026-06/ELEPEM%20HABILITADOS%20JUNIO%202026.pdf"", ""https://www.gub.uy/ministerio-desarrollo-social/etiqueta/otros/montevideo-establecimientos-larga-estadia-para-personas-mayores-certificado-social"", ""https://www.gub.uy/ministerio-salud-publica/sites/ministerio-salud-publica/files/2024-03/ELEPEM%20CERTIFICADOS%207-3-2024.pdf""]"
ELP-0292,Altos De La Paz,Montevideo,Montevideo,Cno. A La Cuchilla Pereira 5290,Cno. A La Cuchilla Pereira,5290,,23201945,,,,Certificado Social MIDES,False,True,True,False,1,010/2023,2023,2023,2024-07-15,2,2,-34.7468856,-56.1994946,media-baja,centroide de calle,70,Direcciones Geográficas del Uruguay (IDE),"[""https://www.gub.uy/ministerio-desarrollo-social/etiqueta/otros/montevideo-establecimientos-larga-estadia-para-personas-mayores-certificado-social"", ""https://www.gub.uy/ministerio-salud-publica/sites/ministerio-salud-publica/files/2024-03/ELEPEM%20CERTIFICADOS%207-3-2024.pdf""]"
ELP-0293,Altos del Parque II,Montevideo,Montevideo,Americo Ricaldoni 1716,Americo Ricaldoni,1716,15,26227424,altosdelparque@gmail.com,,,Habilitación final MSP,True,True,True,False,1,035/2022,2022,2022,2026-06-30,3,3,-34.8970604,-56.1511437,alta,calle y puerta exacta,100,Direcciones Geográficas del Uruguay (IDE),"[""https://www.gub.uy/ministerio-salud-publica/sites/ministerio-salud-publica/files/2026-06/ELEPEM%20HABILITADOS%20JUNIO%202026.pdf"", ""https://www.gub.uy/ministerio-desarrollo-social/etiqueta/otros/montevideo-establecimientos-larga-estadia-para-personas-mayores-certificado-social"", ""https://www.gub.uy/ministerio-salud-publica/sites/ministerio-salud-publica/files/2024-03/ELEPEM%20CERTIFICADOS%207-3-2024.pdf""]"
ELP-0294,Altos de Ponce,Montevideo,,Luis Ponce 1319,Luis Ponce,1319,,,,,,Certificado de registro MSP (histórico),False,False,True,False,1,117/2018,2018,2018,2018,1,1,-34.9037887,-56.162278,alta,calle y puerta exacta,100,Direcciones Geográficas del Uruguay (IDE),"[""https://www.gub.uy/ministerio-salud-publica/sites/ministerio-salud-publica/files/2024-03/ELEPEM%20CERTIFICADOS%207-3-2024.pdf""]"
ELP-0295,Altos Del Centro,Montevideo,Montevideo,Yí 1363,Yí,1363,35,29046771,ryaltoscentro@gmail.com,,,Habilitación final MSP,True,False,True,False,1,049/2018,2018,2018,2026-06-30,2,2,-34.9055324,-56.1892409,alta,calle y puerta exacta,100,Direcciones Geográficas del Uruguay (IDE),"[""https://www.gub.uy/ministerio-salud-publica/sites/ministerio-salud-publica/files/2026-06/ELEPEM%20HABILITADOS%20JUNIO%202026.pdf"", ""https://www.gub.uy/ministerio-salud-publica/sites/ministerio-salud-publica/files/2024-03/ELEPEM%20CERTIFICADOS%207-3-2024.pdf""]"
ELP-0296,Altos del Parque,Montevideo,Montevideo,Américo Ricaldoni 1748,Américo Ricaldoni,1748,20,26231229,raltosdelparque@gmail.com,,,Habilitación final MSP,True,True,True,False,1,154/2019,2019,2019,2026-06-30,3,3,-34.8965096,-56.1508281,alta,calle y puerta exacta,100,Direcciones Geográficas del Uruguay (IDE),"[""https://www.gub.uy/ministerio-salud-publica/sites/ministerio-salud-publica/files/2026-06/ELEPEM%20HABILITADOS%20JUNIO%202026.pdf"", ""https://www.gub.uy/ministerio-desarrollo-social/etiqueta/otros/montevideo-establecimientos-larga-estadia-para-personas-mayores-certificado-social"", ""https://www.gub.uy/ministerio-salud-publica/sites/ministerio-salud-publica/files/2024-03/ELEPEM%20CERTIFICADOS%207-3-2024.pdf""]"
ELP-0297,Amanda I,Montevideo,Montevideo,Guillermo Tell 3888,Guillermo Tell,3888,11,22047030,njss_13@hotmail.com,,,Habilitación final MSP,True,True,True,False,1,166/2019,2019,2019,2026-06-30,3,3,-34.8621262,-56.1801911,alta,calle y puerta exacta,100,Direcciones Geográficas del Uruguay (IDE),"[""https://www.gub.uy/ministerio-salud-publica/sites/ministerio-salud-publica/files/2026-06/ELEPEM%20HABILITADOS%20JUNIO%202026.pdf"", ""https://www.gub.uy/ministerio-desarrollo-social/etiqueta/otros/montevideo-establecimientos-larga-estadia-para-personas-mayores-certificado-social"", ""https://www.gub.uy/ministerio-salud-publica/sites/ministerio-salud-publica/files/2024-03/ELEPEM%20CERTIFICADOS%207-3-2024.pdf""]"
ELP-0298,Amanda II,Montevideo,Montevideo,Millan 3600,Millan,3600,12,23377084,hjss_13@hotmail.com,,,Habilitación final MSP,True,True,True,False,1,032/2020,2020,2020,2026-06-30,3,3,-34.8612129,-56.1941378,alta,calle y puerta exacta,100,Direcciones Geográficas del Uruguay (IDE),"[""https://www.gub.uy/ministerio-salud-publica/sites/ministerio-salud-publica/files/2026-06/ELEPEM%20HABILITADOS%20JUNIO%202026.pdf"", ""https://www.gub.uy/ministerio-desarrollo-social/etiqueta/otros/montevideo-establecimientos-larga-estadia-para-personas-mayores-certificado-social"", ""https://www.gub.uy/ministerio-salud-publica/sites/ministerio-salud-publica/files/2024-03/ELEPEM%20CERTIFICADOS%207-3-2024.pdf""]"
ELP-0299,Amanecer,Montevideo,,Rivera 4837,Rivera,4837,,,,,,Certificado de registro MSP (histórico),False,False,True,False,1,101/2018,2018,2018,2018,1,1,-34.8909109,-56.1046558,alta,calle y puerta exacta,100,Direcciones Geográficas del Uruguay (IDE),"[""https://www.gub.uy/ministerio-salud-publica/sites/ministerio-salud-publica/files/2024-03/ELEPEM%20CERTIFICADOS%207-3-2024.pdf""]"
ELP-0300,Residencial Ángeles,Montevideo,Montevideo,Guaná 2015,Guaná,2015,22,24010149,residencialangeles11@gmail.com,,,Habilitación final MSP,True,True,True,False,1,109/2022,2022,2022,2026-06-30,3,3,-34.9051571,-56.1718433,alta,calle y puerta exacta,100,Direcciones Geográficas del Uruguay (IDE),"[""https://www.gub.uy/ministerio-salud-publica/sites/ministerio-salud-publica/files/2026-06/ELEPEM%20HABILITADOS%20JUNIO%202026.pdf"", ""https://www.gub.uy/ministerio-desarrollo-social/etiqueta/otros/montevideo-establecimientos-larga-estadia-para-personas-mayores-certificado-social"", ""https://www.gub.uy/ministerio-salud-publica/sites/ministerio-salud-publica/files/2024-03/ELEPEM%20CERTIFICADOS%207-3-2024.pdf""]"
ELP-0301,Años Luz,Montevideo,Montevideo,Juan Paullier 1330,Juan Paullier,1330,,96698169,,,,Certificado Social MIDES,False,True,True,False,1,107/2022,2022,2022,2024-07-15,2,2,-34.9035293,-56.1677453,alta,calle y puerta exacta,100,Direcciones Geográficas del Uruguay (IDE),"[""https://www.gub.uy/ministerio-desarrollo-social/etiqueta/otros/montevideo-establecimientos-larga-estadia-para-personas-mayores-certificado-social"", ""https://www.gub.uy/ministerio-salud-publica/sites/ministerio-salud-publica/files/2024-03/ELEPEM%20CERTIFICADOS%207-3-2024.pdf""]"
ELP-0302,Años Luz SRL,Montevideo,,Inca 1886,Inca,1886,,,,,,Certificado de registro MSP (histórico),False,False,True,False,1,064/2019,2019,2019,2019,1,1,-34.8938585,-56.177385,alta,calle y puerta exacta,100,Direcciones Geográficas del Uruguay (IDE),"[""https://www.gub.uy/ministerio-salud-publica/sites/ministerio-salud-publica/files/2024-03/ELEPEM%20CERTIFICADOS%207-3-2024.pdf""]"
ELP-0303,Antares,Montevideo,Montevideo,Bulevar Artigas 1308,Bulevar Artigas,1308,27,,residencial.antares@hotmail.com,,,Habilitación final MSP,True,False,False,False,0,,,,2026-06-30,1,1,-34.9034454,-56.1642492,media,puerta más cercana en la misma calle,89,Direcciones Geográficas del Uruguay (IDE),"[""https://www.gub.uy/ministerio-salud-publica/sites/ministerio-salud-publica/files/2026-06/ELEPEM%20HABILITADOS%20JUNIO%202026.pdf""]"
ELP-0304,Residencial Apart Hotel,Montevideo,Montevideo,Mateo Vidal 3328,Mateo Vidal,3328,24,24814403 / 098890232,residenciallowe@gmail.com,,,Habilitación final MSP,True,True,True,False,1,013/2023,2023,2023,2026-06-30,3,3,-34.8817653,-56.1479872,alta,calle y puerta exacta,100,Direcciones Geográficas del Uruguay (IDE),"[""https://www.gub.uy/ministerio-salud-publica/sites/ministerio-salud-publica/files/2026-06/ELEPEM%20HABILITADOS%20JUNIO%202026.pdf"", ""https://www.gub.uy/ministerio-desarrollo-social/etiqueta/otros/montevideo-establecimientos-larga-estadia-para-personas-mayores-certificado-social"", ""https://www.gub.uy/ministerio-salud-publica/sites/ministerio-salud-publica/files/2024-03/ELEPEM%20CERTIFICADOS%207-3-2024.pdf""]"
ELP-0305,Árbol De La Vida,Montevideo,Montevideo,Tomas Villalba 3281,Tomas Villalba,3281,,23053856,,,,Certificado Social MIDES,False,True,True,False,1,097/2021,2021,2021,2024-07-15,2,2,-34.8696416,-56.2027222,alta,calle y puerta exacta,100,Direcciones Geográficas del Uruguay (IDE),"[""https://www.gub.uy/ministerio-desarrollo-social/etiqueta/otros/montevideo-establecimientos-larga-estadia-para-personas-mayores-certificado-social"", ""https://www.gub.uy/ministerio-salud-publica/sites/ministerio-salud-publica/files/2024-03/ELEPEM%20CERTIFICADOS%207-3-2024.pdf""]"
ELP-0306,Aripuca,Montevideo,Montevideo,Uruguayana 3395,Uruguayana,3395,10,23061680,fernandopsi@vera.com.uy,,,Habilitación final MSP,True,True,True,False,1,009/2021,2021,2021,2026-06-30,3,3,-34.8719667,-56.2072637,alta,calle y puerta exacta,100,Direcciones Geográficas del Uruguay (IDE),"[""https://www.gub.uy/ministerio-salud-publica/sites/ministerio-salud-publica/files/2026-06/ELEPEM%20HABILITADOS%20JUNIO%202026.pdf"", ""https://www.gub.uy/ministerio-desarrollo-social/etiqueta/otros/montevideo-establecimientos-larga-estadia-para-personas-mayores-certificado-social"", ""https://www.gub.uy/ministerio-salud-publica/sites/ministerio-salud-publica/files/2024-03/ELEPEM%20CERTIFICADOS%207-3-2024.pdf""]"
ELP-0307,Armon Residencial,Montevideo,Montevideo,21 de Setiembre 2885,,21 de Setiembre 2885,,,,,,Certificado de registro MSP (histórico),False,False,True,False,1,009/2024,2024,2024,2024,1,1,-34.8522424,-56.1797276,baja,centroide de localidad,35,Direcciones Geográficas del Uruguay (IDE),"[""https://www.gub.uy/ministerio-salud-publica/sites/ministerio-salud-publica/files/2024-03/ELEPEM%20CERTIFICADOS%207-3-2024.pdf""]"
ELP-0308,Ascasubí,Montevideo,Montevideo,Ascasubí 4114,Ascasubí,4114,18,23092260 / 099427195,residencialascasubi@gmail.com,,,Habilitación final MSP,True,True,True,False,1,035/2021,2021,2021,2026-06-30,3,3,-34.8674056,-56.2301444,alta,calle y puerta exacta,100,Direcciones Geográficas del Uruguay (IDE),"[""https://www.gub.uy/ministerio-salud-publica/sites/ministerio-salud-publica/files/2026-06/ELEPEM%20HABILITADOS%20JUNIO%202026.pdf"", ""https://www.gub.uy/ministerio-desarrollo-social/etiqueta/otros/montevideo-establecimientos-larga-estadia-para-personas-mayores-certificado-social"", ""https://www.gub.uy/ministerio-salud-publica/sites/ministerio-salud-publica/files/2024-03/ELEPEM%20CERTIFICADOS%207-3-2024.pdf""]"
ELP-0309,Hermanas Del Perpetuo Socorro,Montevideo,Montevideo,Avda. Millán 2934,Avda. Millán,2934,29,22002417,alebrigio@gmail.com,,,Habilitación final MSP,True,True,True,False,1,030/2020,2020,2020,2026-06-30,3,3,-34.8730753,-56.1892146,alta,calle y puerta exacta,100,Direcciones Geográficas del Uruguay (IDE),"[""https://www.gub.uy/ministerio-salud-publica/sites/ministerio-salud-publica/files/2026-06/ELEPEM%20HABILITADOS%20JUNIO%202026.pdf"", ""https://www.gub.uy/ministerio-desarrollo-social/etiqueta/otros/montevideo-establecimientos-larga-estadia-para-personas-mayores-certificado-social"", ""https://www.gub.uy/ministerio-salud-publica/sites/ministerio-salud-publica/files/2024-03/ELEPEM%20CERTIFICADOS%207-3-2024.pdf""]"
ELP-0310,AUDAM,Montevideo,MONTEVIDEO,Edison 4691,Edison,4691,,,,,,Certificado de registro MSP (histórico),False,False,True,False,1,012/2023,2023,2023,2023,1,1,-34.8275807,-56.2066181,alta,calle y puerta exacta,100,Direcciones Geográficas del Uruguay (IDE),"[""https://www.gub.uy/ministerio-salud-publica/sites/ministerio-salud-publica/files/2024-03/ELEPEM%20CERTIFICADOS%207-3-2024.pdf""]"
ELP-0311,Audam,Montevideo,,Luis A de Herrera 3886 - Mdeo,Luis A de Herrera,3886 - Mdeo,,,,,,Certificado de registro MSP (histórico),False,False,True,False,1,063/2018,2018,2018,2018,1,1,-34.8629034,-56.1803667,alta,calle y puerta exacta,93,Direcciones Geográficas del Uruguay (IDE),"[""https://www.gub.uy/ministerio-salud-publica/sites/ministerio-salud-publica/files/2024-03/ELEPEM%20CERTIFICADOS%207-3-2024.pdf""]"
ELP-0312,Babel Residel Boutique,Montevideo,Montevideo,Mariano Uriarte 6537,Mariano Uriarte,6537,,26005617,,,,Certificado Social MIDES,False,True,True,False,1,075/2021,2021,2021,2024-07-15,2,2,-34.8830508,-56.063999,alta,calle y puerta exacta,100,Direcciones Geográficas del Uruguay (IDE),"[""https://www.gub.uy/ministerio-desarrollo-social/etiqueta/otros/montevideo-establecimientos-larga-estadia-para-personas-mayores-certificado-social"", ""https://www.gub.uy/ministerio-salud-publica/sites/ministerio-salud-publica/files/2024-03/ELEPEM%20CERTIFICADOS%207-3-2024.pdf""]"
ELP-0313,Basilea Suites,Montevideo,Montevideo,Bolivia 1338,Bolivia,1338,16,26029106,basilea@basileasuites.com.uy,,,Habilitación final MSP,True,True,True,False,1,082/2021,2021,2021,2026-06-30,3,3,-34.8940188,-56.0631661,alta,calle y puerta exacta,100,Direcciones Geográficas del Uruguay (IDE),"[""https://www.gub.uy/ministerio-salud-publica/sites/ministerio-salud-publica/files/2026-06/ELEPEM%20HABILITADOS%20JUNIO%202026.pdf"", ""https://www.gub.uy/ministerio-desarrollo-social/etiqueta/otros/montevideo-establecimientos-larga-estadia-para-personas-mayores-certificado-social"", ""https://www.gub.uy/ministerio-salud-publica/sites/ministerio-salud-publica/files/2024-03/ELEPEM%20CERTIFICADOS%207-3-2024.pdf""]"
ELP-0314,BEL-AIR,Montevideo,Montevideo,Dr. Carlos Nery 3431,Dr. Carlos Nery,3431,32,098362324 - 26964774,andrestasende@gmail.com,,,Habilitación final MSP,True,False,False,False,0,,,,2026-06-30,1,1,-34.8404217,-56.12871,alta,calle y puerta exacta,100,Direcciones Geográficas del Uruguay (IDE),"[""https://www.gub.uy/ministerio-salud-publica/sites/ministerio-salud-publica/files/2026-06/ELEPEM%20HABILITADOS%20JUNIO%202026.pdf""]"
ELP-0315,Belen,Montevideo,,Comercio 2177 Bis,Comercio,2177 Bis,,,,,,Certificado de registro MSP (histórico),False,False,True,False,1,116/2018,2018,2018,2018,1,1,-34.8821334,-56.1359929,alta,calle y puerta exacta,100,Direcciones Geográficas del Uruguay (IDE),"[""https://www.gub.uy/ministerio-salud-publica/sites/ministerio-salud-publica/files/2024-03/ELEPEM%20CERTIFICADOS%207-3-2024.pdf""]"
ELP-0316,Belleville,Montevideo,,Deauville 1758,Deauville,1758,,,,,,Certificado de registro MSP (histórico),False,False,True,False,1,005/2017,2017,2017,2017,1,1,-34.8966254,-56.0546746,media-baja,centroide de calle,70,Direcciones Geográficas del Uruguay (IDE),"[""https://www.gub.uy/ministerio-salud-publica/sites/ministerio-salud-publica/files/2024-03/ELEPEM%20CERTIFICADOS%207-3-2024.pdf""]"
ELP-0317,Bellos Años,Montevideo,Montevideo,Luis Alberto de Herrera 3159,Luis Alberto de Herrera,3159,20,24814286,hogarbellosa@gmail.com,,,Habilitación final MSP,True,True,True,False,1,120/2019,2019,2019,2026-06-30,3,3,-34.872295,-56.1624931,alta,calle y puerta exacta,100,Direcciones Geográficas del Uruguay (IDE),"[""https://www.gub.uy/ministerio-salud-publica/sites/ministerio-salud-publica/files/2026-06/ELEPEM%20HABILITADOS%20JUNIO%202026.pdf"", ""https://www.gub.uy/ministerio-desarrollo-social/etiqueta/otros/montevideo-establecimientos-larga-estadia-para-personas-mayores-certificado-social"", ""https://www.gub.uy/ministerio-salud-publica/sites/ministerio-salud-publica/files/2024-03/ELEPEM%20CERTIFICADOS%207-3-2024.pdf""]"
ELP-0318,BLANES,Montevideo,MONTEVIDEO COLONIA DEL,BLANES 935,BLANES,935,,,,,,Certificado de registro MSP (histórico),False,False,True,False,1,062/2022,2022,2022,2022,1,1,-34.9120229,-56.1713929,media,puerta más cercana en la misma calle,89,Direcciones Geográficas del Uruguay (IDE),"[""https://www.gub.uy/ministerio-salud-publica/sites/ministerio-salud-publica/files/2024-03/ELEPEM%20CERTIFICADOS%207-3-2024.pdf""]"
ELP-0319,Residencial Blanes,Montevideo,Montevideo,Juan Manuel Blanes 965,Juan Manuel Blanes,965,16,24134663,salernomontevideo@gmail.com basileasuites.com.uy - ggdegener@gmail.com -,,,Habilitación final MSP,True,True,False,False,0,,,,2026-06-30,2,2,-34.9115043,-56.1716382,alta,calle y puerta exacta,100,Direcciones Geográficas del Uruguay (IDE),"[""https://www.gub.uy/ministerio-salud-publica/sites/ministerio-salud-publica/files/2026-06/ELEPEM%20HABILITADOS%20JUNIO%202026.pdf"", ""https://www.gub.uy/ministerio-desarrollo-social/etiqueta/otros/montevideo-establecimientos-larga-estadia-para-personas-mayores-certificado-social""]"
ELP-0320,Bonsejour (Paal Familia Srl),Montevideo,Montevideo,Pedro Blanes Viale 6222,Pedro Blanes Viale,6222,,91916222,,,,Certificado Social MIDES,False,True,True,False,1,017/2021,2021,2021,2024-07-15,2,2,-34.8906551,-56.0633837,alta,calle y puerta exacta,100,Direcciones Geográficas del Uruguay (IDE),"[""https://www.gub.uy/ministerio-desarrollo-social/etiqueta/otros/montevideo-establecimientos-larga-estadia-para-personas-mayores-certificado-social"", ""https://www.gub.uy/ministerio-salud-publica/sites/ministerio-salud-publica/files/2024-03/ELEPEM%20CERTIFICADOS%207-3-2024.pdf""]"
ELP-0321,Residencial Boulevard,Montevideo,Montevideo,Bulevar Artigas 3028,Bulevar Artigas,3028,12,24810810 / 099695648,aliceleites@gmail.com taniahekimian@gmail.com -,,,Habilitación final MSP,True,True,True,False,1,013/2022,2022,2022,2026-06-30,3,3,-34.8711932,-56.1673165,alta,calle y puerta exacta,100,Direcciones Geográficas del Uruguay (IDE),"[""https://www.gub.uy/ministerio-salud-publica/sites/ministerio-salud-publica/files/2026-06/ELEPEM%20HABILITADOS%20JUNIO%202026.pdf"", ""https://www.gub.uy/ministerio-desarrollo-social/etiqueta/otros/montevideo-establecimientos-larga-estadia-para-personas-mayores-certificado-social"", ""https://www.gub.uy/ministerio-salud-publica/sites/ministerio-salud-publica/files/2024-03/ELEPEM%20CERTIFICADOS%207-3-2024.pdf""]"
ELP-0322,BRISAS DEL SOL,Montevideo,MONTEVIDEO,José Belloni 4903,José Belloni,4903,,,,,,Certificado de registro MSP (histórico),False,False,True,False,2,"146/2019, 066/2023",2019,2023,2023,2,1,-34.815869,-56.13922,alta,calle y puerta exacta,100,Direcciones Geográficas del Uruguay (IDE),"[""https://www.gub.uy/ministerio-salud-publica/sites/ministerio-salud-publica/files/2024-03/ELEPEM%20CERTIFICADOS%207-3-2024.pdf""]"
ELP-0323,Buenos Tiempos,Montevideo,Montevideo,Dr. Anzalone 6263,Dr. Anzalone,6263,,23214851,,,,Certificado Social MIDES,False,True,True,False,2,"086/2022, 143/2022",2022,2022,2024-07-15,3,2,-34.7988022,-56.2467676,alta,calle y puerta exacta,100,Direcciones Geográficas del Uruguay (IDE),"[""https://www.gub.uy/ministerio-desarrollo-social/etiqueta/otros/montevideo-establecimientos-larga-estadia-para-personas-mayores-certificado-social"", ""https://www.gub.uy/ministerio-salud-publica/sites/ministerio-salud-publica/files/2024-03/ELEPEM%20CERTIFICADOS%207-3-2024.pdf""]"
ELP-0324,Cala,Montevideo,Montevideo,Prudencio de Pena 2521,Prudencio de Pena,2521,18,27051007 / 091956821,residencial.cala@hotmal.com,,,Habilitación final MSP,True,True,True,False,1,038/2022,2022,2022,2026-06-30,3,3,-34.8974908,-56.1607177,alta,calle y puerta exacta,100,Direcciones Geográficas del Uruguay (IDE),"[""https://www.gub.uy/ministerio-salud-publica/sites/ministerio-salud-publica/files/2026-06/ELEPEM%20HABILITADOS%20JUNIO%202026.pdf"", ""https://www.gub.uy/ministerio-desarrollo-social/etiqueta/otros/montevideo-establecimientos-larga-estadia-para-personas-mayores-certificado-social"", ""https://www.gub.uy/ministerio-salud-publica/sites/ministerio-salud-publica/files/2024-03/ELEPEM%20CERTIFICADOS%207-3-2024.pdf""]"
ELP-0325,Campodimele,Montevideo,Montevideo,Alejandro Fleming 1776,Alejandro Fleming,1776,15,26138670,hernancervetto@gmail.com,,,Habilitación final MSP,True,True,True,False,1,077/2022,2022,2022,2026-06-30,3,3,-34.8869417,-56.0959806,alta,calle y puerta exacta,100,Direcciones Geográficas del Uruguay (IDE),"[""https://www.gub.uy/ministerio-salud-publica/sites/ministerio-salud-publica/files/2026-06/ELEPEM%20HABILITADOS%20JUNIO%202026.pdf"", ""https://www.gub.uy/ministerio-desarrollo-social/etiqueta/otros/montevideo-establecimientos-larga-estadia-para-personas-mayores-certificado-social"", ""https://www.gub.uy/ministerio-salud-publica/sites/ministerio-salud-publica/files/2024-03/ELEPEM%20CERTIFICADOS%207-3-2024.pdf""]"
ELP-0326,Carrasco Home,Montevideo,Montevideo,Rivera 7110,Rivera,7110,10,26059849,aguisadri@hotmail.com,,,Habilitación final MSP,True,True,True,False,1,050/2022,2022,2022,2026-06-30,3,3,-34.8823193,-56.0469561,alta,calle y puerta exacta,100,Direcciones Geográficas del Uruguay (IDE),"[""https://www.gub.uy/ministerio-salud-publica/sites/ministerio-salud-publica/files/2026-06/ELEPEM%20HABILITADOS%20JUNIO%202026.pdf"", ""https://www.gub.uy/ministerio-desarrollo-social/etiqueta/otros/montevideo-establecimientos-larga-estadia-para-personas-mayores-certificado-social"", ""https://www.gub.uy/ministerio-salud-publica/sites/ministerio-salud-publica/files/2024-03/ELEPEM%20CERTIFICADOS%207-3-2024.pdf""]"
ELP-0327,Casa Andreoni,Montevideo,Montevideo,Ing. Luis Andreoni 7228,Ing. Luis Andreoni,7228,10,26056952,pabloscremini@hotmail.com,,,Habilitación final MSP,True,True,True,False,1,072/2020,2020,2020,2026-06-30,3,3,-34.8790018,-56.0453686,media,puerta más cercana en la misma calle,89,Direcciones Geográficas del Uruguay (IDE),"[""https://www.gub.uy/ministerio-salud-publica/sites/ministerio-salud-publica/files/2026-06/ELEPEM%20HABILITADOS%20JUNIO%202026.pdf"", ""https://www.gub.uy/ministerio-desarrollo-social/etiqueta/otros/montevideo-establecimientos-larga-estadia-para-personas-mayores-certificado-social"", ""https://www.gub.uy/ministerio-salud-publica/sites/ministerio-salud-publica/files/2024-03/ELEPEM%20CERTIFICADOS%207-3-2024.pdf""]"
ELP-0328,Casa Azul,Montevideo,,Hocquart 2163,Hocquart,2163,,,,,,Certificado de registro MSP (histórico),False,False,True,False,1,111/2018,2018,2018,2018,1,1,-34.88908,-56.1690121,alta,calle y puerta exacta,100,Direcciones Geográficas del Uruguay (IDE),"[""https://www.gub.uy/ministerio-salud-publica/sites/ministerio-salud-publica/files/2024-03/ELEPEM%20CERTIFICADOS%207-3-2024.pdf""]"
ELP-0329,Casa de descanso,Montevideo,,Maria Vittori 4940,Maria Vittori,4940,,,,,,Certificado de registro MSP (histórico),False,False,True,False,1,120/2018,2018,2018,2018,1,1,-34.818474,-56.2047954,alta,calle y puerta exacta,100,Direcciones Geográficas del Uruguay (IDE),"[""https://www.gub.uy/ministerio-salud-publica/sites/ministerio-salud-publica/files/2024-03/ELEPEM%20CERTIFICADOS%207-3-2024.pdf""]"
ELP-0330,Casa Del Sol,Montevideo,Montevideo,Av. Damaso Antonio Larrañaga 4104,Av. Damaso Antonio Larrañaga,4104,,25095533,,,,Certificado Social MIDES,False,True,True,False,1,036/2019,2019,2019,2024-07-15,2,2,-34.8603657,-56.1508446,alta,calle y puerta exacta,100,Direcciones Geográficas del Uruguay (IDE),"[""https://www.gub.uy/ministerio-desarrollo-social/etiqueta/otros/montevideo-establecimientos-larga-estadia-para-personas-mayores-certificado-social"", ""https://www.gub.uy/ministerio-salud-publica/sites/ministerio-salud-publica/files/2024-03/ELEPEM%20CERTIFICADOS%207-3-2024.pdf""]"
ELP-0331,Casa del Sol,Montevideo,Montevideo,D. A. Larrañaga 4104,D. A. Larrañaga,4104,16,,noeliaruiz2003@hotmail.com,,,Habilitación final MSP,True,False,False,False,0,,,,2026-06-30,1,1,-34.8603657,-56.1508446,alta,calle y puerta exacta,81,Direcciones Geográficas del Uruguay (IDE),"[""https://www.gub.uy/ministerio-salud-publica/sites/ministerio-salud-publica/files/2026-06/ELEPEM%20HABILITADOS%20JUNIO%202026.pdf""]"
ELP-0332,CASA DEL SOL,Montevideo,MONTEVIDEO,Eduardo Raiz 1919,Eduardo Raiz,1919,,,,,,Certificado de registro MSP (histórico),False,False,True,False,1,026/2023,2023,2023,2023,1,1,-34.8054836,-56.2238389,alta,calle y puerta exacta,100,Direcciones Geográficas del Uruguay (IDE),"[""https://www.gub.uy/ministerio-salud-publica/sites/ministerio-salud-publica/files/2024-03/ELEPEM%20CERTIFICADOS%207-3-2024.pdf""]"
ELP-0333,Casa del Sol,Montevideo,,Fonseca 4639,Fonseca,4639,,,,,,Certificado de registro MSP (histórico),False,False,True,False,1,021/2019,2019,2019,2019,1,1,-34.8538112,-56.1425406,alta,calle y puerta exacta,100,Direcciones Geográficas del Uruguay (IDE),"[""https://www.gub.uy/ministerio-salud-publica/sites/ministerio-salud-publica/files/2024-03/ELEPEM%20CERTIFICADOS%207-3-2024.pdf""]"
ELP-0334,CASA DI RIPOSO ITALIANA,Montevideo,MONTEVIDEO,8 de octubre 2631,,8 de octubre 2631,,,,,,Certificado de registro MSP (histórico),False,False,True,False,1,020/2023,2023,2023,2023,1,1,-34.8586706,-56.1663943,baja,centroide de localidad,35,Direcciones Geográficas del Uruguay (IDE),"[""https://www.gub.uy/ministerio-salud-publica/sites/ministerio-salud-publica/files/2024-03/ELEPEM%20CERTIFICADOS%207-3-2024.pdf""]"
ELP-0335,Casa Flora,Montevideo,Montevideo,French 1726,French,1726,22,26051486,casafloraresidencial@gmail.com,,,Habilitación final MSP,True,True,True,False,1,092/2021,2021,2021,2026-06-30,3,3,-34.8822636,-56.0446161,alta,calle y puerta exacta,100,Direcciones Geográficas del Uruguay (IDE),"[""https://www.gub.uy/ministerio-salud-publica/sites/ministerio-salud-publica/files/2026-06/ELEPEM%20HABILITADOS%20JUNIO%202026.pdf"", ""https://www.gub.uy/ministerio-desarrollo-social/etiqueta/otros/montevideo-establecimientos-larga-estadia-para-personas-mayores-certificado-social"", ""https://www.gub.uy/ministerio-salud-publica/sites/ministerio-salud-publica/files/2024-03/ELEPEM%20CERTIFICADOS%207-3-2024.pdf""]"
ELP-0336,CASA LOS TILOS,Montevideo,MONTEVIDEO,DANIEL ZORRILLA 5446,DANIEL ZORRILLA,5446,,,,,,Certificado de registro MSP (histórico),False,False,True,False,2,"025/2022, 046/2022",2022,2022,2022,2,1,-34.8080473,-56.2165465,alta,calle y puerta exacta,100,Direcciones Geográficas del Uruguay (IDE),"[""https://www.gub.uy/ministerio-salud-publica/sites/ministerio-salud-publica/files/2024-03/ELEPEM%20CERTIFICADOS%207-3-2024.pdf""]"
ELP-0337,Casa Tranquila,Montevideo,Montevideo,Américo Ricaldoni 2876,Américo Ricaldoni,2876,16,92245094,residencialcasatranquila@gmail.com,,,Habilitación final MSP,True,True,True,False,1,036/2020,2020,2020,2026-06-30,3,3,-34.8988517,-56.153736,alta,calle y puerta exacta,100,Direcciones Geográficas del Uruguay (IDE),"[""https://www.gub.uy/ministerio-salud-publica/sites/ministerio-salud-publica/files/2026-06/ELEPEM%20HABILITADOS%20JUNIO%202026.pdf"", ""https://www.gub.uy/ministerio-desarrollo-social/etiqueta/otros/montevideo-establecimientos-larga-estadia-para-personas-mayores-certificado-social"", ""https://www.gub.uy/ministerio-salud-publica/sites/ministerio-salud-publica/files/2024-03/ELEPEM%20CERTIFICADOS%207-3-2024.pdf""]"
ELP-0338,Casablanca,Montevideo,,Pablo de María 1172,Pablo de María,1172,,,,,,Certificado de registro MSP (histórico),False,False,True,False,1,020/2017,2017,2017,2017,1,1,-34.9067609,-56.1707624,alta,calle y puerta exacta,100,Direcciones Geográficas del Uruguay (IDE),"[""https://www.gub.uy/ministerio-salud-publica/sites/ministerio-salud-publica/files/2024-03/ELEPEM%20CERTIFICADOS%207-3-2024.pdf""]"
ELP-0339,Casona Carrasco,Montevideo,Montevideo,Beyroutht 1428,Beyroutht,1428,18,,marisaferbra@gmail.com,,,Habilitación final MSP,True,False,False,False,0,,,,2026-06-30,1,1,-34.8936545,-56.0698848,alta,calle y puerta exacta,94,Direcciones Geográficas del Uruguay (IDE),"[""https://www.gub.uy/ministerio-salud-publica/sites/ministerio-salud-publica/files/2026-06/ELEPEM%20HABILITADOS%20JUNIO%202026.pdf""]"
ELP-0340,CASONA DE CARRASCO,Montevideo,MONTEVIDEO,Calle Beyrouth 1428,Calle Beyrouth,1428,,,,,,Certificado de registro MSP (histórico),False,False,True,False,1,073/2023,2023,2023,2023,1,1,-34.8936545,-56.0698848,alta,calle y puerta exacta,100,Direcciones Geográficas del Uruguay (IDE),"[""https://www.gub.uy/ministerio-salud-publica/sites/ministerio-salud-publica/files/2024-03/ELEPEM%20CERTIFICADOS%207-3-2024.pdf""]"
ELP-0341,CAYETANO,Montevideo,MONTEVIDEO,COMERCIO 2149,COMERCIO,2149,,,,,,Certificado de registro MSP (histórico),False,False,True,False,2,"058/2019, 044/2022",2019,2022,2022,2,1,-34.8827388,-56.1352555,alta,calle y puerta exacta,100,Direcciones Geográficas del Uruguay (IDE),"[""https://www.gub.uy/ministerio-salud-publica/sites/ministerio-salud-publica/files/2024-03/ELEPEM%20CERTIFICADOS%207-3-2024.pdf""]"
ELP-0342,Cecilia,Montevideo,Montevideo,Fray Bentos 3689,Fray Bentos,3689,,25087835,,AMARO PEREIRA CARLOS ANESIS y VARELA SILVEIRA CECILIA,21 871400 0014,Certificado Social MIDES,False,True,True,True,1,084/2021,2021,2021,2024-07-15,3,3,-34.8735541,-56.1439047,alta,calle y puerta exacta,100,Direcciones Geográficas del Uruguay (IDE),"[""https://www.gub.uy/ministerio-desarrollo-social/etiqueta/otros/montevideo-establecimientos-larga-estadia-para-personas-mayores-certificado-social"", ""https://www.gub.uy/sistema-cuidados/comunicacion/comunicados/programa-apoyo-cuidado-permanente-pacp"", ""https://www.gub.uy/ministerio-salud-publica/sites/ministerio-salud-publica/files/2024-03/ELEPEM%20CERTIFICADOS%207-3-2024.pdf""]"
ELP-0343,Celina,Montevideo,,Antonio Machado 1635 - Mdeo,Antonio Machado,1635 - Mdeo,,,,,,Certificado de registro MSP (histórico),False,False,True,False,2,"070/2018, 112/2018",2018,2018,2018,2,1,-34.8717809,-56.1820351,alta,calle y puerta exacta,100,Direcciones Geográficas del Uruguay (IDE),"[""https://www.gub.uy/ministerio-salud-publica/sites/ministerio-salud-publica/files/2024-03/ELEPEM%20CERTIFICADOS%207-3-2024.pdf""]"
ELP-0344,Centro del Ad. Mayor,Montevideo,Montevideo,Luis de la Torre 712,Luis de la Torre,712,28,27118584,gustavocusati@gmail.com,,,Habilitación final MSP,True,True,False,False,0,,,,2026-06-30,2,2,-34.9168652,-56.1562681,alta,calle y puerta exacta,100,Direcciones Geográficas del Uruguay (IDE),"[""https://www.gub.uy/ministerio-salud-publica/sites/ministerio-salud-publica/files/2026-06/ELEPEM%20HABILITADOS%20JUNIO%202026.pdf"", ""https://www.gub.uy/ministerio-desarrollo-social/etiqueta/otros/montevideo-establecimientos-larga-estadia-para-personas-mayores-certificado-social""]"
ELP-0345,CENTRO DEL ADULTO MAYOR,Montevideo,Montevideo,Av. Almirante Harwood 6346/6350 y Havre,Av. Almirante Harwood,6346/6350,,,,CLAMERICA S.A.,21 766305 0011,Proveedor PACP,False,False,True,True,2,"104/2018, 152/2019",2018,2019,2023-08-11,3,2,-34.8879116,-56.0663834,alta,calle y puerta exacta,100,Direcciones Geográficas del Uruguay (IDE),"[""https://www.gub.uy/sistema-cuidados/comunicacion/comunicados/programa-apoyo-cuidado-permanente-pacp"", ""https://www.gub.uy/ministerio-salud-publica/sites/ministerio-salud-publica/files/2024-03/ELEPEM%20CERTIFICADOS%207-3-2024.pdf""]"
ELP-0346,Centro Del Adulto Mayor Agraciada (Clamerica SA),Montevideo,Montevideo,Av. Agraciada 3373,Av. Agraciada,3373,,23000080,,CLAMERICA S.A.,21 766305 0011,Certificado Social MIDES,False,True,True,True,1,182/2019,2019,2019,2024-07-15,3,3,-34.8701472,-56.2043167,alta,calle y puerta exacta,100,Direcciones Geográficas del Uruguay (IDE),"[""https://www.gub.uy/ministerio-desarrollo-social/etiqueta/otros/montevideo-establecimientos-larga-estadia-para-personas-mayores-certificado-social"", ""https://www.gub.uy/sistema-cuidados/comunicacion/comunicados/programa-apoyo-cuidado-permanente-pacp"", ""https://www.gub.uy/ministerio-salud-publica/sites/ministerio-salud-publica/files/2024-03/ELEPEM%20CERTIFICADOS%207-3-2024.pdf""]"
ELP-0347,Centro Del Adulto Mayor Central,Montevideo,Montevideo,Bv. España 2526,Bv. España,2526,,27095211,,CLAMERICA S.A.,21 766305 0011,Certificado Social MIDES,False,True,True,True,1,183/2019,2019,2019,2024-07-15,3,3,-34.9122991,-56.1595943,alta,calle y puerta exacta,100,Direcciones Geográficas del Uruguay (IDE),"[""https://www.gub.uy/ministerio-desarrollo-social/etiqueta/otros/montevideo-establecimientos-larga-estadia-para-personas-mayores-certificado-social"", ""https://www.gub.uy/sistema-cuidados/comunicacion/comunicados/programa-apoyo-cuidado-permanente-pacp"", ""https://www.gub.uy/ministerio-salud-publica/sites/ministerio-salud-publica/files/2024-03/ELEPEM%20CERTIFICADOS%207-3-2024.pdf""]"
ELP-0348,CENTRO DEL ADULTO MAYOR,Montevideo,Montevideo,Br. España 2583 y Enrique Muñoz,Br. España,2583,,,,CLAMERICA S.A.,21 766305 0011,Proveedor PACP,False,False,True,True,1,161/2019,2019,2019,2023-08-11,2,2,-34.9124756,-56.1582487,alta,calle y puerta exacta,100,Direcciones Geográficas del Uruguay (IDE),"[""https://www.gub.uy/sistema-cuidados/comunicacion/comunicados/programa-apoyo-cuidado-permanente-pacp"", ""https://www.gub.uy/ministerio-salud-publica/sites/ministerio-salud-publica/files/2024-03/ELEPEM%20CERTIFICADOS%207-3-2024.pdf""]"
ELP-0349,CENTRO DEL ADULTO MAYOR,Montevideo,Montevideo,Juan M. Espinosa 1369 y Donizetti,Juan M. Espinosa,1369,,,,CLAMERICA S.A.,21 766305 0011,Proveedor PACP,False,False,True,True,1,162/2019,2019,2019,2023-08-11,2,2,-34.8976363,-56.1213646,alta,calle y puerta exacta,100,Direcciones Geográficas del Uruguay (IDE),"[""https://www.gub.uy/sistema-cuidados/comunicacion/comunicados/programa-apoyo-cuidado-permanente-pacp"", ""https://www.gub.uy/ministerio-salud-publica/sites/ministerio-salud-publica/files/2024-03/ELEPEM%20CERTIFICADOS%207-3-2024.pdf""]"
ELP-0350,Moirú,Montevideo,Montevideo,Juan Carlos Blanco 3362,Juan Carlos Blanco,3362,24,23563421 – 099876084,centromoiru@gmail.com,,,Habilitación final MSP,True,True,True,False,1,042/2021,2021,2021,2026-06-30,3,3,-34.8690924,-56.2021064,alta,calle y puerta exacta,100,Direcciones Geográficas del Uruguay (IDE),"[""https://www.gub.uy/ministerio-salud-publica/sites/ministerio-salud-publica/files/2026-06/ELEPEM%20HABILITADOS%20JUNIO%202026.pdf"", ""https://www.gub.uy/ministerio-desarrollo-social/etiqueta/otros/montevideo-establecimientos-larga-estadia-para-personas-mayores-certificado-social"", ""https://www.gub.uy/ministerio-salud-publica/sites/ministerio-salud-publica/files/2024-03/ELEPEM%20CERTIFICADOS%207-3-2024.pdf""]"
ELP-0351,Centro Zeus,Montevideo,Montevideo,Francisco Vidal 733,Francisco Vidal,733,24,,cusatinatalia@gmail.com,,,Habilitación final MSP,True,False,True,False,1,003/2024,2024,2024,2026-06-30,2,2,-34.9186177,-56.1498743,alta,calle y puerta exacta,100,Direcciones Geográficas del Uruguay (IDE),"[""https://www.gub.uy/ministerio-salud-publica/sites/ministerio-salud-publica/files/2026-06/ELEPEM%20HABILITADOS%20JUNIO%202026.pdf"", ""https://www.gub.uy/ministerio-salud-publica/sites/ministerio-salud-publica/files/2024-03/ELEPEM%20CERTIFICADOS%207-3-2024.pdf""]"
ELP-0352,CHEZ MOI,Montevideo,MONTEVIDEO,AV FCRO SOCA 1539,AV FCRO SOCA,1539,,,,,,Certificado de registro MSP (histórico),False,False,True,False,1,152/2022,2022,2022,2022,1,1,-34.8521936,-56.2403018,media-baja,centroide de calle,70,Direcciones Geográficas del Uruguay (IDE),"[""https://www.gub.uy/ministerio-salud-publica/sites/ministerio-salud-publica/files/2024-03/ELEPEM%20CERTIFICADOS%207-3-2024.pdf""]"
ELP-0353,CIRCULO,Montevideo,MONTEVIDEO,JUAN JACOBO ROUSSEAU 3403,JUAN JACOBO ROUSSEAU,3403,,,,,,Certificado de registro MSP (histórico),False,False,True,False,1,133/2022,2022,2022,2022,1,1,-34.8777819,-56.1494519,alta,calle y puerta exacta,100,Direcciones Geográficas del Uruguay (IDE),"[""https://www.gub.uy/ministerio-salud-publica/sites/ministerio-salud-publica/files/2024-03/ELEPEM%20CERTIFICADOS%207-3-2024.pdf""]"
ELP-0354,Círculo Católico,Montevideo,,Niña 1868,Niña,1868,,,,,,Certificado de registro MSP (histórico),False,False,True,False,1,066/2019,2019,2019,2019,1,1,-34.8010682,-56.2448761,alta,calle y puerta exacta,100,Direcciones Geográficas del Uruguay (IDE),"[""https://www.gub.uy/ministerio-salud-publica/sites/ministerio-salud-publica/files/2024-03/ELEPEM%20CERTIFICADOS%207-3-2024.pdf""]"
ELP-0355,Claro de Luna,Montevideo,Montevideo,Santiago Gadea 3582,Santiago Gadea,3582,20,24800442,graciencia@gmail.com - aliciancio@gmail.com,,,Habilitación final MSP,True,True,True,False,1,069/2018,2018,2018,2026-06-30,3,3,-34.8907018,-56.141197,alta,calle y puerta exacta,100,Direcciones Geográficas del Uruguay (IDE),"[""https://www.gub.uy/ministerio-salud-publica/sites/ministerio-salud-publica/files/2026-06/ELEPEM%20HABILITADOS%20JUNIO%202026.pdf"", ""https://www.gub.uy/ministerio-desarrollo-social/etiqueta/otros/montevideo-establecimientos-larga-estadia-para-personas-mayores-certificado-social"", ""https://www.gub.uy/ministerio-salud-publica/sites/ministerio-salud-publica/files/2024-03/ELEPEM%20CERTIFICADOS%207-3-2024.pdf""]"
ELP-0356,CLUB DE ABUELOS DEL PRADO,Montevideo,MONTEVIDEO,AV.AGRACIADA 3705,AV.AGRACIADA,3705,,,,,,Certificado de registro MSP (histórico),False,False,True,False,2,"026/2017, 022/2022",2017,2022,2022,2,1,-34.8642753,-56.2102085,alta,calle y puerta exacta,100,Direcciones Geográficas del Uruguay (IDE),"[""https://www.gub.uy/ministerio-salud-publica/sites/ministerio-salud-publica/files/2024-03/ELEPEM%20CERTIFICADOS%207-3-2024.pdf""]"
ELP-0357,Colonial,Montevideo,,Emilio Frugoni 1121 - Mdeo,Emilio Frugoni,1121 - Mdeo,,,,,,Certificado de registro MSP (histórico),False,False,True,False,1,088/2018,2018,2018,2018,1,1,-34.9093488,-56.1751747,alta,calle y puerta exacta,100,Direcciones Geográficas del Uruguay (IDE),"[""https://www.gub.uy/ministerio-salud-publica/sites/ministerio-salud-publica/files/2024-03/ELEPEM%20CERTIFICADOS%207-3-2024.pdf""]"
ELP-0358,Como Antes,Montevideo,Montevideo,Arechaga 3285,Arechaga,3285,10,22095857,vampis88@hotmail.com,,,Habilitación final MSP,True,True,True,False,1,037/2022,2022,2022,2026-06-30,3,3,-34.8436559,-56.1219158,alta,calle y puerta exacta,100,Direcciones Geográficas del Uruguay (IDE),"[""https://www.gub.uy/ministerio-salud-publica/sites/ministerio-salud-publica/files/2026-06/ELEPEM%20HABILITADOS%20JUNIO%202026.pdf"", ""https://www.gub.uy/ministerio-desarrollo-social/etiqueta/otros/montevideo-establecimientos-larga-estadia-para-personas-mayores-certificado-social"", ""https://www.gub.uy/ministerio-salud-publica/sites/ministerio-salud-publica/files/2024-03/ELEPEM%20CERTIFICADOS%207-3-2024.pdf""]"
ELP-0359,Corazón de Oro,Montevideo,Montevideo,Margarita 5707,Margarita,5707,13,23228385,residencialcorazondeoro@gmail.com,,,Habilitación final MSP,True,True,True,False,1,059/2021,2021,2021,2026-06-30,3,3,-34.8528613,-56.168019,media-baja,centroide de calle,70,Direcciones Geográficas del Uruguay (IDE),"[""https://www.gub.uy/ministerio-salud-publica/sites/ministerio-salud-publica/files/2026-06/ELEPEM%20HABILITADOS%20JUNIO%202026.pdf"", ""https://www.gub.uy/ministerio-desarrollo-social/etiqueta/otros/montevideo-establecimientos-larga-estadia-para-personas-mayores-certificado-social"", ""https://www.gub.uy/ministerio-salud-publica/sites/ministerio-salud-publica/files/2024-03/ELEPEM%20CERTIFICADOS%207-3-2024.pdf""]"
ELP-0360,CORAZON DE ORO II,Montevideo,MONTEVIDEO,Plaza Vidella 5619,Plaza Vidella,5619,,,,,,Certificado de registro MSP (histórico),False,False,True,False,1,063/2023,2023,2023,2023,1,1,-34.80649,-56.2213751,alta,calle y puerta exacta,96,Direcciones Geográficas del Uruguay (IDE),"[""https://www.gub.uy/ministerio-salud-publica/sites/ministerio-salud-publica/files/2024-03/ELEPEM%20CERTIFICADOS%207-3-2024.pdf""]"
ELP-0361,Costa del Sol,Montevideo,Montevideo,Rivera 4831,Rivera,4831,14,26147306,residencialcostadelsol.uy@gmail.com,,,Habilitación final MSP,True,True,True,False,1,069/2022,2022,2022,2026-06-30,3,3,-34.8909241,-56.1046801,alta,calle y puerta exacta,100,Direcciones Geográficas del Uruguay (IDE),"[""https://www.gub.uy/ministerio-salud-publica/sites/ministerio-salud-publica/files/2026-06/ELEPEM%20HABILITADOS%20JUNIO%202026.pdf"", ""https://www.gub.uy/ministerio-desarrollo-social/etiqueta/otros/montevideo-establecimientos-larga-estadia-para-personas-mayores-certificado-social"", ""https://www.gub.uy/ministerio-salud-publica/sites/ministerio-salud-publica/files/2024-03/ELEPEM%20CERTIFICADOS%207-3-2024.pdf""]"
ELP-0362,Crann Bethadh,Montevideo,Montevideo,Av. Millán 3372,Av. Millán,3372,,.098445549,,,,Certificado Social MIDES,False,True,True,False,1,087/2022,2022,2022,2024-07-15,2,2,-34.8657742,-56.1923921,alta,calle y puerta exacta,100,Direcciones Geográficas del Uruguay (IDE),"[""https://www.gub.uy/ministerio-desarrollo-social/etiqueta/otros/montevideo-establecimientos-larga-estadia-para-personas-mayores-certificado-social"", ""https://www.gub.uy/ministerio-salud-publica/sites/ministerio-salud-publica/files/2024-03/ELEPEM%20CERTIFICADOS%207-3-2024.pdf""]"
ELP-0363,Crannbethaeh,Montevideo,Montevideo,Millan 3372 esq. Cisplatina,Millan,3372,16,,admresidencial13@gmail.com,,,Habilitación final MSP,True,False,False,False,0,,,,2026-06-30,1,1,-34.8657742,-56.1923921,alta,calle y puerta exacta,100,Direcciones Geográficas del Uruguay (IDE),"[""https://www.gub.uy/ministerio-salud-publica/sites/ministerio-salud-publica/files/2026-06/ELEPEM%20HABILITADOS%20JUNIO%202026.pdf""]"
ELP-0364,Cuatro Estaciones,Montevideo,Montevideo,República del Salvador 2968,República del Salvador,2968,19,24879453,laoficina720@adinet.com.uy,,,Habilitación final MSP,True,True,True,False,1,052/2018,2018,2018,2026-06-30,3,3,-34.8939753,-56.1794975,media-baja,centroide de calle,70,Direcciones Geográficas del Uruguay (IDE),"[""https://www.gub.uy/ministerio-salud-publica/sites/ministerio-salud-publica/files/2026-06/ELEPEM%20HABILITADOS%20JUNIO%202026.pdf"", ""https://www.gub.uy/ministerio-desarrollo-social/etiqueta/otros/montevideo-establecimientos-larga-estadia-para-personas-mayores-certificado-social"", ""https://www.gub.uy/ministerio-salud-publica/sites/ministerio-salud-publica/files/2024-03/ELEPEM%20CERTIFICADOS%207-3-2024.pdf""]"
ELP-0365,Danubio Azul,Montevideo,Montevideo,Cno. Carrasco 4607 esq. Veracierto,Cno. Carrasco,4607,50,25250711,,,,Habilitación final MSP,True,True,True,False,2,"068/2020, 119/2022",2020,2022,2026-06-30,4,3,-34.8717279,-56.1186133,alta,calle y puerta exacta,100,Direcciones Geográficas del Uruguay (IDE),"[""https://www.gub.uy/ministerio-salud-publica/sites/ministerio-salud-publica/files/2026-06/ELEPEM%20HABILITADOS%20JUNIO%202026.pdf"", ""https://www.gub.uy/ministerio-desarrollo-social/etiqueta/otros/montevideo-establecimientos-larga-estadia-para-personas-mayores-certificado-social"", ""https://www.gub.uy/ministerio-salud-publica/sites/ministerio-salud-publica/files/2024-03/ELEPEM%20CERTIFICADOS%207-3-2024.pdf""]"
ELP-0366,De Los Pocitos,Montevideo,Montevideo,Echevarriarza 3333-3335,Echevarriarza,3333-3335,,26280267,,,,Certificado Social MIDES,False,True,True,False,1,086/2021,2021,2021,2024-07-15,2,2,-34.9085881,-56.1409085,alta,calle y puerta exacta,100,Direcciones Geográficas del Uruguay (IDE),"[""https://www.gub.uy/ministerio-desarrollo-social/etiqueta/otros/montevideo-establecimientos-larga-estadia-para-personas-mayores-certificado-social"", ""https://www.gub.uy/ministerio-salud-publica/sites/ministerio-salud-publica/files/2024-03/ELEPEM%20CERTIFICADOS%207-3-2024.pdf""]"
ELP-0367,Del Parque,Montevideo,Montevideo,Pedro Berro 1320,Pedro Berro,1320,15,27099844,marinagfuentes@gmail.com,,,Habilitación final MSP,True,True,True,False,1,004/2021,2021,2021,2026-06-30,3,3,-34.9090706,-56.1462235,alta,calle y puerta exacta,100,Direcciones Geográficas del Uruguay (IDE),"[""https://www.gub.uy/ministerio-salud-publica/sites/ministerio-salud-publica/files/2026-06/ELEPEM%20HABILITADOS%20JUNIO%202026.pdf"", ""https://www.gub.uy/ministerio-desarrollo-social/etiqueta/otros/montevideo-establecimientos-larga-estadia-para-personas-mayores-certificado-social"", ""https://www.gub.uy/ministerio-salud-publica/sites/ministerio-salud-publica/files/2024-03/ELEPEM%20CERTIFICADOS%207-3-2024.pdf""]"
ELP-0368,DEL PRADO,Montevideo,MONTEVIDEO,MILLAN 3730,MILLAN,3730,,,,,,Certificado de registro MSP (histórico),False,False,True,False,1,096/2022,2022,2022,2022,1,1,-34.8594422,-56.1953368,alta,calle y puerta exacta,100,Direcciones Geográficas del Uruguay (IDE),"[""https://www.gub.uy/ministerio-salud-publica/sites/ministerio-salud-publica/files/2024-03/ELEPEM%20CERTIFICADOS%207-3-2024.pdf""]"
ELP-0369,Diamante,Montevideo,Montevideo,Waldemar Hansen 1764,Waldemar Hansen,1764,23,23216116 - 092071173,diamanteresidenciales@gmail.com residencialcampodimele@gmail.com -,,,Habilitación final MSP,True,True,True,False,1,034/2021,2021,2021,2026-06-30,3,3,-34.8104993,-56.2199443,alta,calle y puerta exacta,100,Direcciones Geográficas del Uruguay (IDE),"[""https://www.gub.uy/ministerio-salud-publica/sites/ministerio-salud-publica/files/2026-06/ELEPEM%20HABILITADOS%20JUNIO%202026.pdf"", ""https://www.gub.uy/ministerio-desarrollo-social/etiqueta/otros/montevideo-establecimientos-larga-estadia-para-personas-mayores-certificado-social"", ""https://www.gub.uy/ministerio-salud-publica/sites/ministerio-salud-publica/files/2024-03/ELEPEM%20CERTIFICADOS%207-3-2024.pdf""]"
ELP-0370,Dolce Primavera,Montevideo,Montevideo,Balastiqui 1517. Punta Gorda,Balastiqui,1517. Punta Gorda,12,096 126 001 - 2603 6626,residencialdolceprimavera@gmail.com,,,Habilitación final MSP,True,True,True,False,1,124/2022,2022,2022,2026-06-30,3,3,-34.891456,-56.0760048,alta,calle y puerta exacta,90,Direcciones Geográficas del Uruguay (IDE),"[""https://www.gub.uy/ministerio-salud-publica/sites/ministerio-salud-publica/files/2026-06/ELEPEM%20HABILITADOS%20JUNIO%202026.pdf"", ""https://www.gub.uy/ministerio-desarrollo-social/etiqueta/otros/montevideo-establecimientos-larga-estadia-para-personas-mayores-certificado-social"", ""https://www.gub.uy/ministerio-salud-publica/sites/ministerio-salud-publica/files/2024-03/ELEPEM%20CERTIFICADOS%207-3-2024.pdf""]"
ELP-0371,Dolce Vita,Montevideo,,Avda. Eugenio Garzón 582,Avda. Eugenio Garzón,582,,,,,,Certificado de registro MSP (histórico),False,False,True,False,1,029/2018,2018,2018,2018,1,1,-34.8424146,-56.221524,alta,calle y puerta exacta,100,Direcciones Geográficas del Uruguay (IDE),"[""https://www.gub.uy/ministerio-salud-publica/sites/ministerio-salud-publica/files/2024-03/ELEPEM%20CERTIFICADOS%207-3-2024.pdf""]"
ELP-0372,Doña Cata,Montevideo,Montevideo,Luis.Alberto De Herrera 3819,Luis.Alberto De Herrera,3819,,22035297,,,,Certificado Social MIDES,False,True,True,False,1,037/2019,2019,2019,2024-07-15,2,2,-34.8633929,-56.1781182,alta,calle y puerta exacta,100,Direcciones Geográficas del Uruguay (IDE),"[""https://www.gub.uy/ministerio-desarrollo-social/etiqueta/otros/montevideo-establecimientos-larga-estadia-para-personas-mayores-certificado-social"", ""https://www.gub.uy/ministerio-salud-publica/sites/ministerio-salud-publica/files/2024-03/ELEPEM%20CERTIFICADOS%207-3-2024.pdf""]"
ELP-0373,Doña Juana,Montevideo,Montevideo,Francisco Simón 2416,Francisco Simón,2416,17,24833219 / 095190530,mathiasmeneses1606@gmail.com,,,Habilitación final MSP,True,True,True,False,2,"089/2020, 094/2021",2020,2021,2026-06-30,4,3,-34.8841725,-56.1504801,alta,calle y puerta exacta,100,Direcciones Geográficas del Uruguay (IDE),"[""https://www.gub.uy/ministerio-salud-publica/sites/ministerio-salud-publica/files/2026-06/ELEPEM%20HABILITADOS%20JUNIO%202026.pdf"", ""https://www.gub.uy/ministerio-desarrollo-social/etiqueta/otros/montevideo-establecimientos-larga-estadia-para-personas-mayores-certificado-social"", ""https://www.gub.uy/ministerio-salud-publica/sites/ministerio-salud-publica/files/2024-03/ELEPEM%20CERTIFICADOS%207-3-2024.pdf""]"
ELP-0374,Doña María,Montevideo,Montevideo,Humachiri 4126,Humachiri,4126,11,25067962,residencialdonamaria1@gmai.com,SÚAREZ NUÑEZ BEATRIZ,21 820778 0019,Habilitación final MSP,True,True,True,True,1,202/2019,2019,2019,2026-06-30,4,4,-34.8711929,-56.1333523,alta,calle y puerta exacta,100,Direcciones Geográficas del Uruguay (IDE),"[""https://www.gub.uy/ministerio-salud-publica/sites/ministerio-salud-publica/files/2026-06/ELEPEM%20HABILITADOS%20JUNIO%202026.pdf"", ""https://www.gub.uy/ministerio-desarrollo-social/etiqueta/otros/montevideo-establecimientos-larga-estadia-para-personas-mayores-certificado-social"", ""https://www.gub.uy/sistema-cuidados/comunicacion/comunicados/programa-apoyo-cuidado-permanente-pacp"", ""https://www.gub.uy/ministerio-salud-publica/sites/ministerio-salud-publica/files/2024-03/ELEPEM%20CERTIFICADOS%207-3-2024.pdf""]"
ELP-0375,RESIDENCIAL DORA MORENO,Montevideo,Montevideo,Av. Agraciada 2810 BIS y Dr. Salvador García Pintos,Av. Agraciada,2810 BIS,,,,LULAVI S.R.L.,21 620177 0015,Proveedor PACP,False,False,True,True,1,072/2018,2018,2018,2023-08-11,2,2,-34.8790228,-56.1960241,alta,calle y puerta exacta,100,Direcciones Geográficas del Uruguay (IDE),"[""https://www.gub.uy/sistema-cuidados/comunicacion/comunicados/programa-apoyo-cuidado-permanente-pacp"", ""https://www.gub.uy/ministerio-salud-publica/sites/ministerio-salud-publica/files/2024-03/ELEPEM%20CERTIFICADOS%207-3-2024.pdf""]"
ELP-0376,Dorita,Montevideo,Montevideo,Gral. Flores 3674,Gral. Flores,3674,18,22168481,oliveramariela9070@gmail.com,,,Habilitación final MSP,True,True,False,False,0,,,,2026-06-30,2,2,-34.861003,-56.1671654,alta,calle y puerta exacta,100,Direcciones Geográficas del Uruguay (IDE),"[""https://www.gub.uy/ministerio-salud-publica/sites/ministerio-salud-publica/files/2026-06/ELEPEM%20HABILITADOS%20JUNIO%202026.pdf"", ""https://www.gub.uy/ministerio-desarrollo-social/etiqueta/otros/montevideo-establecimientos-larga-estadia-para-personas-mayores-certificado-social""]"
ELP-0377,Dos Lunas,Montevideo,,Canelones 1276,Canelones,1276,,,,,,Certificado de registro MSP (histórico),False,False,True,False,1,007/2017,2017,2017,2017,1,1,-34.9085809,-56.1883095,alta,calle y puerta exacta,100,Direcciones Geográficas del Uruguay (IDE),"[""https://www.gub.uy/ministerio-salud-publica/sites/ministerio-salud-publica/files/2024-03/ELEPEM%20CERTIFICADOS%207-3-2024.pdf""]"
ELP-0378,Dos Soles,Montevideo,Montevideo,Augusto Turenne 3322,Augusto Turenne,3322,21,24812120,residencialdossoles@gmail.com,,,Habilitación final MSP,True,True,True,False,1,006/2020,2020,2020,2026-06-30,3,3,-34.8817855,-56.1464336,alta,calle y puerta exacta,100,Direcciones Geográficas del Uruguay (IDE),"[""https://www.gub.uy/ministerio-salud-publica/sites/ministerio-salud-publica/files/2026-06/ELEPEM%20HABILITADOS%20JUNIO%202026.pdf"", ""https://www.gub.uy/ministerio-desarrollo-social/etiqueta/otros/montevideo-establecimientos-larga-estadia-para-personas-mayores-certificado-social"", ""https://www.gub.uy/ministerio-salud-publica/sites/ministerio-salud-publica/files/2024-03/ELEPEM%20CERTIFICADOS%207-3-2024.pdf""]"
ELP-0379,DR. LUIS PIÑEYRO DEL CAMPO,Montevideo,MONTEVIDEO,Larravide 2351,Larravide,2351,,,,,,Certificado de registro MSP (histórico),False,False,True,False,1,043/2023,2023,2023,2023,1,1,-34.8764229,-56.1361542,alta,calle y puerta exacta,100,Direcciones Geográficas del Uruguay (IDE),"[""https://www.gub.uy/ministerio-salud-publica/sites/ministerio-salud-publica/files/2024-03/ELEPEM%20CERTIFICADOS%207-3-2024.pdf""]"
ELP-0380,Edem,Montevideo,,Cam Manuel Las Flores 8246,Cam Manuel Las Flores,8246,,,,,,Certificado de registro MSP (histórico),False,False,True,False,1,119/2018,2018,2018,2018,1,1,-34.8259235,-56.1505704,media-baja,centroide de calle,70,Direcciones Geográficas del Uruguay (IDE),"[""https://www.gub.uy/ministerio-salud-publica/sites/ministerio-salud-publica/files/2024-03/ELEPEM%20CERTIFICADOS%207-3-2024.pdf""]"
ELP-0381,EDÈN CERRO,Montevideo,MONTEVIDEO,TURQUÌA 3326,TURQUÌA,3326,,,,,,Certificado de registro MSP (histórico),False,False,True,False,1,023/2022,2022,2022,2022,1,1,-34.8913387,-56.2468419,media,puerta más cercana en la misma calle,89,Direcciones Geográficas del Uruguay (IDE),"[""https://www.gub.uy/ministerio-salud-publica/sites/ministerio-salud-publica/files/2024-03/ELEPEM%20CERTIFICADOS%207-3-2024.pdf""]"
ELP-0382,EL ABUELO EN SU CASA,Montevideo,MONTEVIDEO,CLEMENTE CESAR 2312,CLEMENTE CESAR,2312,,,,,,Certificado de registro MSP (histórico),False,False,True,False,1,007/2022,2022,2022,2022,1,1,-34.8835417,-56.1880623,alta,calle y puerta exacta,100,Direcciones Geográficas del Uruguay (IDE),"[""https://www.gub.uy/ministerio-salud-publica/sites/ministerio-salud-publica/files/2024-03/ELEPEM%20CERTIFICADOS%207-3-2024.pdf""]"
ELP-0383,EL ATARDECER,Montevideo,MONTEVIDEO,AGRACIADA 3567,AGRACIADA,3567,,,,,,Certificado de registro MSP (histórico),False,False,True,False,2,"113/2021, 121/2022",2021,2022,2022,2,1,-34.8670515,-56.2075966,alta,calle y puerta exacta,100,Direcciones Geográficas del Uruguay (IDE),"[""https://www.gub.uy/ministerio-salud-publica/sites/ministerio-salud-publica/files/2024-03/ELEPEM%20CERTIFICADOS%207-3-2024.pdf""]"
ELP-0384,EL COLIBRÌ,Montevideo,MONTEVIDEO,GRECIA 3919,GRECIA,3919,,,,,,Certificado de registro MSP (histórico),False,False,True,False,1,024/2022,2022,2022,2022,1,1,-34.8809835,-56.2500482,alta,calle y puerta exacta,100,Direcciones Geográficas del Uruguay (IDE),"[""https://www.gub.uy/ministerio-salud-publica/sites/ministerio-salud-publica/files/2024-03/ELEPEM%20CERTIFICADOS%207-3-2024.pdf""]"
ELP-0385,El Despertar,Montevideo,Montevideo,Bulevar Artigas 2927,Bulevar Artigas,2927,14,22058271 / 092970849,administracion@residencialeldespertar.com.uy,,,Habilitación final MSP,True,True,True,False,1,054/2022,2022,2022,2026-06-30,3,3,-34.873414,-56.1675045,alta,calle y puerta exacta,100,Direcciones Geográficas del Uruguay (IDE),"[""https://www.gub.uy/ministerio-salud-publica/sites/ministerio-salud-publica/files/2026-06/ELEPEM%20HABILITADOS%20JUNIO%202026.pdf"", ""https://www.gub.uy/ministerio-desarrollo-social/etiqueta/otros/montevideo-establecimientos-larga-estadia-para-personas-mayores-certificado-social"", ""https://www.gub.uy/ministerio-salud-publica/sites/ministerio-salud-publica/files/2024-03/ELEPEM%20CERTIFICADOS%207-3-2024.pdf""]"
ELP-0386,El Jardín de los Abuelos,Montevideo,Montevideo,Cardal 3074,Cardal,3074,22,,eljardindelosabuelosoficial@gmail.com,,,Habilitación final MSP,True,False,True,False,1,190/2019,2019,2019,2026-06-30,2,2,-34.8855064,-56.1486895,alta,calle y puerta exacta,100,Direcciones Geográficas del Uruguay (IDE),"[""https://www.gub.uy/ministerio-salud-publica/sites/ministerio-salud-publica/files/2026-06/ELEPEM%20HABILITADOS%20JUNIO%202026.pdf"", ""https://www.gub.uy/ministerio-salud-publica/sites/ministerio-salud-publica/files/2024-03/ELEPEM%20CERTIFICADOS%207-3-2024.pdf""]"
ELP-0387,El Jardín de los Abuelos,Montevideo,Montevideo,Spikerman 2412,Spikerman,2412,18,,eljardindelosabuelosoficial@gmail.com,,,Habilitación final MSP,True,False,False,False,0,,,,2026-06-30,1,1,-34.8538219,-56.1757968,media-baja,centroide de calle,70,Direcciones Geográficas del Uruguay (IDE),"[""https://www.gub.uy/ministerio-salud-publica/sites/ministerio-salud-publica/files/2026-06/ELEPEM%20HABILITADOS%20JUNIO%202026.pdf""]"
ELP-0388,El Nahuel,Montevideo,,Hermanos Ruíz 3495,Hermanos Ruíz,3495,,,,,,Certificado de registro MSP (histórico),False,False,True,False,1,060/2019,2019,2019,2019,1,1,-34.8636598,-56.2039347,alta,calle y puerta exacta,100,Direcciones Geográficas del Uruguay (IDE),"[""https://www.gub.uy/ministerio-salud-publica/sites/ministerio-salud-publica/files/2024-03/ELEPEM%20CERTIFICADOS%207-3-2024.pdf""]"
ELP-0389,EL REENCUENTRO,Montevideo,MONTEVIDEO,CAMINO VILLARÒN 4575,CAMINO VILLARÒN,4575,,,,,,Certificado de registro MSP (histórico),False,False,True,False,1,065/2022,2022,2022,2022,1,1,-34.7741302,-56.2249447,media-baja,centroide de calle,70,Direcciones Geográficas del Uruguay (IDE),"[""https://www.gub.uy/ministerio-salud-publica/sites/ministerio-salud-publica/files/2024-03/ELEPEM%20CERTIFICADOS%207-3-2024.pdf""]"
ELP-0390,El Remanso,Montevideo,Montevideo,Jaime Cibils 2848,Jaime Cibils,2848,37,24872181,polloetcheverry@hotmail.com,,,Habilitación final MSP,True,True,False,False,0,,,,2026-06-30,2,2,-34.8866282,-56.1549427,alta,calle y puerta exacta,100,Direcciones Geográficas del Uruguay (IDE),"[""https://www.gub.uy/ministerio-salud-publica/sites/ministerio-salud-publica/files/2026-06/ELEPEM%20HABILITADOS%20JUNIO%202026.pdf"", ""https://www.gub.uy/ministerio-desarrollo-social/etiqueta/otros/montevideo-establecimientos-larga-estadia-para-personas-mayores-certificado-social""]"
ELP-0391,Residencial Empatía,Montevideo,Montevideo,Hipolito Irigoyen 1482,Hipolito Irigoyen,1482,17,26146646,residencialempatia@gmail.com,,,Habilitación final MSP,True,True,True,False,2,"103/2020, 032/2022",2020,2022,2026-06-30,4,3,-34.8937851,-56.1079861,alta,calle y puerta exacta,94,Direcciones Geográficas del Uruguay (IDE),"[""https://www.gub.uy/ministerio-salud-publica/sites/ministerio-salud-publica/files/2026-06/ELEPEM%20HABILITADOS%20JUNIO%202026.pdf"", ""https://www.gub.uy/ministerio-desarrollo-social/etiqueta/otros/montevideo-establecimientos-larga-estadia-para-personas-mayores-certificado-social"", ""https://www.gub.uy/ministerio-salud-publica/sites/ministerio-salud-publica/files/2024-03/ELEPEM%20CERTIFICADOS%207-3-2024.pdf""]"
ELP-0392,EMPATÍA II,Montevideo,Montevideo,Valiente 4839,Valiente,4839,13,2614 98 11,residencialempatia@gmail.com,,,Habilitación final MSP,True,False,False,False,0,,,,2026-06-30,1,1,-34.8868087,-56.1047087,alta,calle y puerta exacta,100,Direcciones Geográficas del Uruguay (IDE),"[""https://www.gub.uy/ministerio-salud-publica/sites/ministerio-salud-publica/files/2026-06/ELEPEM%20HABILITADOS%20JUNIO%202026.pdf""]"
ELP-0393,En Compañia II,Montevideo,Montevideo,Arq. Horacio Acosta y Lara 7286 18,Arq. Horacio Acosta y Lara,7286 18,,26058530,gencompania@hotmail.com,,,Habilitación final MSP,True,True,True,False,2,"087/2020, 063/2021",2020,2021,2026-06-30,4,3,-34.8918301,-56.1460246,media-baja,centroide de calle,70,Direcciones Geográficas del Uruguay (IDE),"[""https://www.gub.uy/ministerio-salud-publica/sites/ministerio-salud-publica/files/2026-06/ELEPEM%20HABILITADOS%20JUNIO%202026.pdf"", ""https://www.gub.uy/ministerio-desarrollo-social/etiqueta/otros/montevideo-establecimientos-larga-estadia-para-personas-mayores-certificado-social"", ""https://www.gub.uy/ministerio-salud-publica/sites/ministerio-salud-publica/files/2024-03/ELEPEM%20CERTIFICADOS%207-3-2024.pdf""]"
ELP-0394,En Compañía I,Montevideo,Montevideo,French 2391 (anexo 1),French,2391 (anexo 1),11,26015292 / 095985580,gencompania@hotmail.com,,,Habilitación final MSP,True,True,True,False,1,088/2020,2020,2020,2026-06-30,3,3,-34.870706,-56.0483279,alta,calle y puerta exacta,100,Direcciones Geográficas del Uruguay (IDE),"[""https://www.gub.uy/ministerio-salud-publica/sites/ministerio-salud-publica/files/2026-06/ELEPEM%20HABILITADOS%20JUNIO%202026.pdf"", ""https://www.gub.uy/ministerio-desarrollo-social/etiqueta/otros/montevideo-establecimientos-larga-estadia-para-personas-mayores-certificado-social"", ""https://www.gub.uy/ministerio-salud-publica/sites/ministerio-salud-publica/files/2024-03/ELEPEM%20CERTIFICADOS%207-3-2024.pdf""]"
ELP-0395,En Familia,Montevideo,Montevideo,Matto Grosso 5577,Matto Grosso,5577,18,23213380 / 094813892,residencialenfamilia@gmail.com,,,Habilitación final MSP,True,True,True,False,1,101/2019,2019,2019,2026-06-30,3,3,-34.8097038,-56.2221308,alta,calle y puerta exacta,100,Direcciones Geográficas del Uruguay (IDE),"[""https://www.gub.uy/ministerio-salud-publica/sites/ministerio-salud-publica/files/2026-06/ELEPEM%20HABILITADOS%20JUNIO%202026.pdf"", ""https://www.gub.uy/ministerio-desarrollo-social/etiqueta/otros/montevideo-establecimientos-larga-estadia-para-personas-mayores-certificado-social"", ""https://www.gub.uy/ministerio-salud-publica/sites/ministerio-salud-publica/files/2024-03/ELEPEM%20CERTIFICADOS%207-3-2024.pdf""]"
ELP-0396,EN FLIA,Montevideo,MONTEVIDEO,GRAL SANTANDER 1972,GRAL SANTANDER,1972,,,,,,Certificado de registro MSP (histórico),False,False,True,False,1,052/2022,2022,2022,2022,1,1,-34.8774931,-56.0497824,media,puerta más cercana en la misma calle,89,Direcciones Geográficas del Uruguay (IDE),"[""https://www.gub.uy/ministerio-salud-publica/sites/ministerio-salud-publica/files/2024-03/ELEPEM%20CERTIFICADOS%207-3-2024.pdf""]"
ELP-0397,Erika,Montevideo,Montevideo,Arismendi 1425,Arismendi,1425,,24033651,,,,Certificado Social MIDES,False,True,True,False,1,015/2017,2017,2017,2024-07-15,2,2,-34.9040619,-56.177197,alta,calle y puerta exacta,100,Direcciones Geográficas del Uruguay (IDE),"[""https://www.gub.uy/ministerio-desarrollo-social/etiqueta/otros/montevideo-establecimientos-larga-estadia-para-personas-mayores-certificado-social"", ""https://www.gub.uy/ministerio-salud-publica/sites/ministerio-salud-publica/files/2024-03/ELEPEM%20CERTIFICADOS%207-3-2024.pdf""]"
ELP-0398,Estancia Alberdi,Montevideo,Montevideo,Juan Bautista Alberdi 6261 entre Corcega y Dublir,Juan Bautista Alberdi,6261,15,97406900,residencialalberdi@gmail.com,,,Habilitación final MSP,True,True,False,False,0,,,,2026-06-30,2,2,-34.8820029,-56.0722764,alta,calle y puerta exacta,100,Direcciones Geográficas del Uruguay (IDE),"[""https://www.gub.uy/ministerio-salud-publica/sites/ministerio-salud-publica/files/2026-06/ELEPEM%20HABILITADOS%20JUNIO%202026.pdf"", ""https://www.gub.uy/ministerio-desarrollo-social/etiqueta/otros/montevideo-establecimientos-larga-estadia-para-personas-mayores-certificado-social""]"
ELP-0399,Estilo de Vida 1 Y 2,Montevideo,Montevideo,Bulevar España 2516,Bulevar España,2516,40,27106026,rv1@estilodevida.com.uy,,,Habilitación final MSP,True,True,True,False,2,"050/2021, 098/2022",2021,2022,2026-06-30,4,3,-34.9121947,-56.1599174,alta,calle y puerta exacta,100,Direcciones Geográficas del Uruguay (IDE),"[""https://www.gub.uy/ministerio-salud-publica/sites/ministerio-salud-publica/files/2026-06/ELEPEM%20HABILITADOS%20JUNIO%202026.pdf"", ""https://www.gub.uy/ministerio-desarrollo-social/etiqueta/otros/montevideo-establecimientos-larga-estadia-para-personas-mayores-certificado-social"", ""https://www.gub.uy/ministerio-salud-publica/sites/ministerio-salud-publica/files/2024-03/ELEPEM%20CERTIFICADOS%207-3-2024.pdf""]"
ELP-0400,Estilo de Vida 3,Montevideo,Montevideo,Luis Cavia 2996,Luis Cavia,2996,39,27076257 / 27087808,estilodevida.com.uy,,,Habilitación final MSP,True,True,True,False,3,"189/2019, 051/2021, 099/2022",2019,2022,2026-06-30,5,3,-34.9127405,-56.152131,alta,calle y puerta exacta,100,Direcciones Geográficas del Uruguay (IDE),"[""https://www.gub.uy/ministerio-salud-publica/sites/ministerio-salud-publica/files/2026-06/ELEPEM%20HABILITADOS%20JUNIO%202026.pdf"", ""https://www.gub.uy/ministerio-desarrollo-social/etiqueta/otros/montevideo-establecimientos-larga-estadia-para-personas-mayores-certificado-social"", ""https://www.gub.uy/ministerio-salud-publica/sites/ministerio-salud-publica/files/2024-03/ELEPEM%20CERTIFICADOS%207-3-2024.pdf""]"
ELP-0401,Estilo de Vida,Montevideo,,Domingo Cullen 693,Domingo Cullen,693,,,,,,Certificado de registro MSP (histórico),False,False,True,False,1,096/2019,2019,2019,2019,1,1,-34.9160527,-56.1631098,alta,calle y puerta exacta,100,Direcciones Geográficas del Uruguay (IDE),"[""https://www.gub.uy/ministerio-salud-publica/sites/ministerio-salud-publica/files/2024-03/ELEPEM%20CERTIFICADOS%207-3-2024.pdf""]"
ELP-0402,Estilo De Vida,Montevideo,Montevideo,Echeverriarza 3453,Echeverriarza,3453,,27076257 / 26221673,,,,Certificado Social MIDES,False,True,True,False,3,"099/2019, 052/2021, 100/2022",2019,2022,2024-07-15,4,2,-34.9089277,-56.1370137,alta,calle y puerta exacta,92,Direcciones Geográficas del Uruguay (IDE),"[""https://www.gub.uy/ministerio-desarrollo-social/etiqueta/otros/montevideo-establecimientos-larga-estadia-para-personas-mayores-certificado-social"", ""https://www.gub.uy/ministerio-salud-publica/sites/ministerio-salud-publica/files/2024-03/ELEPEM%20CERTIFICADOS%207-3-2024.pdf""]"
ELP-0403,Facundo Zaccaron,Montevideo,Montevideo,Ignacio Núñez 2361,Ignacio Núñez,2361,15,,facundoresidencial@hotmail.com,,,Habilitación final MSP,True,False,True,False,1,062/2019,2019,2019,2026-06-30,2,2,-34.8823426,-56.1470026,alta,calle y puerta exacta,100,Direcciones Geográficas del Uruguay (IDE),"[""https://www.gub.uy/ministerio-salud-publica/sites/ministerio-salud-publica/files/2026-06/ELEPEM%20HABILITADOS%20JUNIO%202026.pdf"", ""https://www.gub.uy/ministerio-salud-publica/sites/ministerio-salud-publica/files/2024-03/ELEPEM%20CERTIFICADOS%207-3-2024.pdf""]"
ELP-0404,Filotea,Montevideo,,Blvr. Artigas 4394,Blvr. Artigas,4394,,,,,,Certificado de registro MSP (histórico),False,False,True,False,1,010/2018,2018,2018,2018,1,1,-34.8720106,-56.2016743,alta,calle y puerta exacta,100,Direcciones Geográficas del Uruguay (IDE),"[""https://www.gub.uy/ministerio-salud-publica/sites/ministerio-salud-publica/files/2024-03/ELEPEM%20CERTIFICADOS%207-3-2024.pdf""]"
ELP-0405,Fraternidad,Montevideo,,Emilio Romero 290,Emilio Romero,290,,,,,,Certificado de registro MSP (histórico),False,False,True,False,1,001/2017,2017,2017,2017,1,1,-34.8621283,-56.2216253,alta,calle y puerta exacta,100,Direcciones Geográficas del Uruguay (IDE),"[""https://www.gub.uy/ministerio-salud-publica/sites/ministerio-salud-publica/files/2024-03/ELEPEM%20CERTIFICADOS%207-3-2024.pdf""]"
ELP-0406,French House,Montevideo,,General French 1759,General French,1759,,,,,,Certificado de registro MSP (histórico),False,False,True,False,1,005/2019,2019,2019,2019,1,1,-34.8805085,-56.0461867,alta,calle y puerta exacta,100,Direcciones Geográficas del Uruguay (IDE),"[""https://www.gub.uy/ministerio-salud-publica/sites/ministerio-salud-publica/files/2024-03/ELEPEM%20CERTIFICADOS%207-3-2024.pdf""]"
ELP-0407,French House Residencia Arkadia,Montevideo,Montevideo,Celedonio Nin y Silva 2358,Celedonio Nin y Silva,2358,66,26058624,frencharkadia@frenchhouse.com.uy,,,Habilitación final MSP,True,True,True,False,1,011/2021,2021,2021,2026-06-30,3,3,-34.8713997,-56.0498748,alta,calle y puerta exacta,100,Direcciones Geográficas del Uruguay (IDE),"[""https://www.gub.uy/ministerio-salud-publica/sites/ministerio-salud-publica/files/2026-06/ELEPEM%20HABILITADOS%20JUNIO%202026.pdf"", ""https://www.gub.uy/ministerio-desarrollo-social/etiqueta/otros/montevideo-establecimientos-larga-estadia-para-personas-mayores-certificado-social"", ""https://www.gub.uy/ministerio-salud-publica/sites/ministerio-salud-publica/files/2024-03/ELEPEM%20CERTIFICADOS%207-3-2024.pdf""]"
ELP-0408,French House Residencia Uriarte,Montevideo,Montevideo,Mariano Uriarte 6567,Mariano Uriarte,6567,,26048442,,,,Certificado Social MIDES,False,True,True,False,1,077/2020,2020,2020,2024-07-15,2,2,-34.8827628,-56.0631646,alta,calle y puerta exacta,100,Direcciones Geográficas del Uruguay (IDE),"[""https://www.gub.uy/ministerio-desarrollo-social/etiqueta/otros/montevideo-establecimientos-larga-estadia-para-personas-mayores-certificado-social"", ""https://www.gub.uy/ministerio-salud-publica/sites/ministerio-salud-publica/files/2024-03/ELEPEM%20CERTIFICADOS%207-3-2024.pdf""]"
ELP-0409,Fundación Algarrobo,Montevideo,Montevideo,Palmar 2560,Palmar,2560,53,,fundacionalgarrobo@gmail.com,,,Habilitación final MSP,True,False,True,False,1,018/2022,2022,2022,2026-06-30,2,2,-34.9019028,-56.1593554,alta,calle y puerta exacta,100,Direcciones Geográficas del Uruguay (IDE),"[""https://www.gub.uy/ministerio-salud-publica/sites/ministerio-salud-publica/files/2026-06/ELEPEM%20HABILITADOS%20JUNIO%202026.pdf"", ""https://www.gub.uy/ministerio-salud-publica/sites/ministerio-salud-publica/files/2024-03/ELEPEM%20CERTIFICADOS%207-3-2024.pdf""]"
ELP-0410,Fundación Luis Manuel Calleja,Montevideo,Montevideo,Uruguayana 3393,Uruguayana,3393,6,98850245,,,,Habilitación final MSP,True,True,True,False,1,139/2022,2022,2022,2026-06-30,3,3,-34.8720589,-56.2071225,alta,calle y puerta exacta,100,Direcciones Geográficas del Uruguay (IDE),"[""https://www.gub.uy/ministerio-salud-publica/sites/ministerio-salud-publica/files/2026-06/ELEPEM%20HABILITADOS%20JUNIO%202026.pdf"", ""https://www.gub.uy/ministerio-desarrollo-social/etiqueta/otros/montevideo-establecimientos-larga-estadia-para-personas-mayores-certificado-social"", ""https://www.gub.uy/ministerio-salud-publica/sites/ministerio-salud-publica/files/2024-03/ELEPEM%20CERTIFICADOS%207-3-2024.pdf""]"
ELP-0411,Fundación Algarrobo,Montevideo,Montevideo,Palmar 2520,Palmar,2520,,27093842,,,,Certificado Social MIDES,False,True,False,False,0,,,,2024-07-15,1,1,-34.9017057,-56.1600498,media,puerta más cercana en la misma calle,89,Direcciones Geográficas del Uruguay (IDE),"[""https://www.gub.uy/ministerio-desarrollo-social/etiqueta/otros/montevideo-establecimientos-larga-estadia-para-personas-mayores-certificado-social""]"
ELP-0412,Garden House,Montevideo,,Martin C. Martinez 1866,Martin C. Martinez,1866,,,,,,Certificado de registro MSP (histórico),False,False,True,False,1,029/2019,2019,2019,2019,1,1,-34.8949134,-56.1727977,alta,calle y puerta exacta,100,Direcciones Geográficas del Uruguay (IDE),"[""https://www.gub.uy/ministerio-salud-publica/sites/ministerio-salud-publica/files/2024-03/ELEPEM%20CERTIFICADOS%207-3-2024.pdf""]"
ELP-0413,Gerardo S.R.L.,Montevideo,Montevideo,Uruguayana 3222,Uruguayana,3222,,22031222,,GERARDO S.R.L.,08 011769 0013,Certificado Social MIDES,False,True,True,True,1,001/2018,2018,2018,2024-07-15,3,3,-34.8740895,-56.2032327,alta,calle y puerta exacta,100,Direcciones Geográficas del Uruguay (IDE),"[""https://www.gub.uy/ministerio-desarrollo-social/etiqueta/otros/montevideo-establecimientos-larga-estadia-para-personas-mayores-certificado-social"", ""https://www.gub.uy/sistema-cuidados/comunicacion/comunicados/programa-apoyo-cuidado-permanente-pacp"", ""https://www.gub.uy/ministerio-salud-publica/sites/ministerio-salud-publica/files/2024-03/ELEPEM%20CERTIFICADOS%207-3-2024.pdf""]"
ELP-0414,Girasoles,Montevideo,Montevideo,Soca 1361,Soca,1361,17,27082604,silviaballesta@gmail.com - m.j27@hotmail.com dmariano@adinet.com.uy -,,,Habilitación final MSP,True,True,True,False,1,099/2021,2021,2021,2026-06-30,3,3,-34.9046039,-56.1555779,alta,calle y puerta exacta,100,Direcciones Geográficas del Uruguay (IDE),"[""https://www.gub.uy/ministerio-salud-publica/sites/ministerio-salud-publica/files/2026-06/ELEPEM%20HABILITADOS%20JUNIO%202026.pdf"", ""https://www.gub.uy/ministerio-desarrollo-social/etiqueta/otros/montevideo-establecimientos-larga-estadia-para-personas-mayores-certificado-social"", ""https://www.gub.uy/ministerio-salud-publica/sites/ministerio-salud-publica/files/2024-03/ELEPEM%20CERTIFICADOS%207-3-2024.pdf""]"
ELP-0415,Residencial Las dos Hermanas,Montevideo,Montevideo,Pernas 2571,Pernas,2571,,,,,,Certificado de registro MSP (histórico),False,False,True,False,2,"037/2018, 111/2021",2018,2021,2021,2,1,-34.8767314,-56.1444906,alta,calle y puerta exacta,100,Direcciones Geográficas del Uruguay (IDE),"[""https://www.gub.uy/ministerio-salud-publica/sites/ministerio-salud-publica/files/2024-03/ELEPEM%20CERTIFICADOS%207-3-2024.pdf""]"
ELP-0416,Gladys Godoy,Montevideo,Montevideo,Enrique Compte Y Rique 1327,Enrique Compte Y Rique,1327,,22017075,,,,Certificado Social MIDES,False,True,True,False,1,029/2022,2022,2022,2024-07-15,2,2,-34.8844744,-56.1887368,alta,calle y puerta exacta,93,Direcciones Geográficas del Uruguay (IDE),"[""https://www.gub.uy/ministerio-desarrollo-social/etiqueta/otros/montevideo-establecimientos-larga-estadia-para-personas-mayores-certificado-social"", ""https://www.gub.uy/ministerio-salud-publica/sites/ministerio-salud-publica/files/2024-03/ELEPEM%20CERTIFICADOS%207-3-2024.pdf""]"
ELP-0417,Gutiérrez,Montevideo,Montevideo,Cubo del Norte 3601,Cubo del Norte,3601,25,23363601,omoosakpatasi@gmail.com,,,Habilitación final MSP,True,True,True,False,1,010/2021,2021,2021,2026-06-30,3,3,-34.8617707,-56.1930053,alta,calle y puerta exacta,100,Direcciones Geográficas del Uruguay (IDE),"[""https://www.gub.uy/ministerio-salud-publica/sites/ministerio-salud-publica/files/2026-06/ELEPEM%20HABILITADOS%20JUNIO%202026.pdf"", ""https://www.gub.uy/ministerio-desarrollo-social/etiqueta/otros/montevideo-establecimientos-larga-estadia-para-personas-mayores-certificado-social"", ""https://www.gub.uy/ministerio-salud-publica/sites/ministerio-salud-publica/files/2024-03/ELEPEM%20CERTIFICADOS%207-3-2024.pdf""]"
ELP-0418,Happy Life,Montevideo,Montevideo,8 de Octubre 3205,,8 de Octubre 3205,30,,a.dure@hotmail.com - gerardo.notte@gmail.com,,,Habilitación final MSP,True,False,True,False,1,075/2019,2019,2019,2026-06-30,2,2,-34.8559599,-56.1827268,baja,centroide de localidad,35,Direcciones Geográficas del Uruguay (IDE),"[""https://www.gub.uy/ministerio-salud-publica/sites/ministerio-salud-publica/files/2026-06/ELEPEM%20HABILITADOS%20JUNIO%202026.pdf"", ""https://www.gub.uy/ministerio-salud-publica/sites/ministerio-salud-publica/files/2024-03/ELEPEM%20CERTIFICADOS%207-3-2024.pdf""]"
ELP-0419,Happy life,Montevideo,Montevideo,Av. 8 De Octubre 3205,Av. 8 De Octubre,3205,,24807940,,,,Certificado Social MIDES,False,True,False,False,0,,,,2024-07-15,1,1,-34.8811939,-56.1513393,alta,calle y puerta exacta,100,Direcciones Geográficas del Uruguay (IDE),"[""https://www.gub.uy/ministerio-desarrollo-social/etiqueta/otros/montevideo-establecimientos-larga-estadia-para-personas-mayores-certificado-social""]"
ELP-0420,Hebert Leiva,Montevideo,Montevideo,Cno. Carlos A. López 3944,Cno. Carlos A. López,3944,23,22271435,,,,Habilitación final MSP,True,True,True,False,1,080/2021,2021,2021,2026-06-30,3,3,-34.8045366,-56.1317989,alta,calle y puerta exacta,100,Direcciones Geográficas del Uruguay (IDE),"[""https://www.gub.uy/ministerio-salud-publica/sites/ministerio-salud-publica/files/2026-06/ELEPEM%20HABILITADOS%20JUNIO%202026.pdf"", ""https://www.gub.uy/ministerio-desarrollo-social/etiqueta/otros/montevideo-establecimientos-larga-estadia-para-personas-mayores-certificado-social"", ""https://www.gub.uy/ministerio-salud-publica/sites/ministerio-salud-publica/files/2024-03/ELEPEM%20CERTIFICADOS%207-3-2024.pdf""]"
ELP-0421,Hermanas Hospitalarias Benito Menini,Montevideo,Montevideo,Hno. Gil 927,Hno. Gil,927,100,23093525 / 23085012,hcsmenni@adinet.com.uy,,,Habilitación final MSP,True,True,True,False,1,091/2020,2020,2020,2026-06-30,3,3,-34.8713187,-56.2064773,alta,calle y puerta exacta,73,Direcciones Geográficas del Uruguay (IDE),"[""https://www.gub.uy/ministerio-salud-publica/sites/ministerio-salud-publica/files/2026-06/ELEPEM%20HABILITADOS%20JUNIO%202026.pdf"", ""https://www.gub.uy/ministerio-desarrollo-social/etiqueta/otros/montevideo-establecimientos-larga-estadia-para-personas-mayores-certificado-social"", ""https://www.gub.uy/ministerio-salud-publica/sites/ministerio-salud-publica/files/2024-03/ELEPEM%20CERTIFICADOS%207-3-2024.pdf""]"
ELP-0422,Higea,Montevideo,Montevideo,Marco Bruto 1264,Marco Bruto,1264,12,26281266,higea5@gmail.com,,,Habilitación final MSP,True,True,True,False,1,014/2019,2019,2019,2026-06-30,3,3,-34.9046975,-56.1387293,alta,calle y puerta exacta,100,Direcciones Geográficas del Uruguay (IDE),"[""https://www.gub.uy/ministerio-salud-publica/sites/ministerio-salud-publica/files/2026-06/ELEPEM%20HABILITADOS%20JUNIO%202026.pdf"", ""https://www.gub.uy/ministerio-desarrollo-social/etiqueta/otros/montevideo-establecimientos-larga-estadia-para-personas-mayores-certificado-social"", ""https://www.gub.uy/ministerio-salud-publica/sites/ministerio-salud-publica/files/2024-03/ELEPEM%20CERTIFICADOS%207-3-2024.pdf""]"
ELP-0423,Historias de Vida,Montevideo,Montevideo,Juan M. Perez 2785,Juan M. Perez,2785,13,27114864,sdopa@adinet.com.uy,,,Habilitación final MSP,True,True,True,False,1,076/2021,2021,2021,2026-06-30,3,3,-34.9173608,-56.1530138,alta,calle y puerta exacta,90,Direcciones Geográficas del Uruguay (IDE),"[""https://www.gub.uy/ministerio-salud-publica/sites/ministerio-salud-publica/files/2026-06/ELEPEM%20HABILITADOS%20JUNIO%202026.pdf"", ""https://www.gub.uy/ministerio-desarrollo-social/etiqueta/otros/montevideo-establecimientos-larga-estadia-para-personas-mayores-certificado-social"", ""https://www.gub.uy/ministerio-salud-publica/sites/ministerio-salud-publica/files/2024-03/ELEPEM%20CERTIFICADOS%207-3-2024.pdf""]"
ELP-0424,"Hno. Sol, Hna. Luna",Montevideo,,José E. Rodó 2382,José E. Rodó,2382,,,,,,Certificado de registro MSP (histórico),False,False,True,False,1,018/2019,2019,2019,2019,1,1,-34.9029278,-56.1647707,alta,calle y puerta exacta,90,Direcciones Geográficas del Uruguay (IDE),"[""https://www.gub.uy/ministerio-salud-publica/sites/ministerio-salud-publica/files/2024-03/ELEPEM%20CERTIFICADOS%207-3-2024.pdf""]"
ELP-0425,HOGAR ABUELAS DEL CERRO,Montevideo,MONTEVIDEO,Portugal 3481,Portugal,3481,,,,,,Certificado de registro MSP (histórico),False,False,True,False,1,062/2023,2023,2023,2023,1,1,-34.8890812,-56.2506267,alta,calle y puerta exacta,100,Direcciones Geográficas del Uruguay (IDE),"[""https://www.gub.uy/ministerio-salud-publica/sites/ministerio-salud-publica/files/2024-03/ELEPEM%20CERTIFICADOS%207-3-2024.pdf""]"
ELP-0426,Hogar Alemán,Montevideo,Montevideo,Cno. Las Tortolitas 6500,Cno. Las Tortolitas,6500,,23229707 / 23228082,,,,Certificado Social MIDES,False,True,True,False,1,003/2022,2022,2022,2024-07-15,3,2,-34.7979881,-56.2596916,alta,calle y puerta exacta,100,Direcciones Geográficas del Uruguay (IDE),"[""https://www.gub.uy/ministerio-desarrollo-social/etiqueta/otros/montevideo-establecimientos-larga-estadia-para-personas-mayores-certificado-social"", ""https://www.gub.uy/ministerio-salud-publica/sites/ministerio-salud-publica/files/2024-03/ELEPEM%20CERTIFICADOS%207-3-2024.pdf""]"
ELP-0427,Hogar Amelia Ruano De Schiaffino,Montevideo,Montevideo,Pedro Trapani 1197,Pedro Trapani,1197,,23361686 - 23361241 - 23364016,,,,Certificado Social MIDES,False,True,True,False,2,"072/2019, 009/2022",2019,2022,2024-07-15,3,2,-34.8504458,-56.1912713,alta,calle y puerta exacta,100,Direcciones Geográficas del Uruguay (IDE),"[""https://www.gub.uy/ministerio-desarrollo-social/etiqueta/otros/montevideo-establecimientos-larga-estadia-para-personas-mayores-certificado-social"", ""https://www.gub.uy/ministerio-salud-publica/sites/ministerio-salud-publica/files/2024-03/ELEPEM%20CERTIFICADOS%207-3-2024.pdf""]"
ELP-0428,Hogar Casa Campo (Grupo Life),Montevideo,Montevideo,Guardizabal 1634,Guardizabal,1634,17,26045753,casacamporesidencial@gmail.com,,,Habilitación final MSP,True,True,True,False,1,070/2020,2020,2020,2026-06-30,3,3,-34.8888517,-56.0645799,alta,calle y puerta exacta,100,Direcciones Geográficas del Uruguay (IDE),"[""https://www.gub.uy/ministerio-salud-publica/sites/ministerio-salud-publica/files/2026-06/ELEPEM%20HABILITADOS%20JUNIO%202026.pdf"", ""https://www.gub.uy/ministerio-desarrollo-social/etiqueta/otros/montevideo-establecimientos-larga-estadia-para-personas-mayores-certificado-social"", ""https://www.gub.uy/ministerio-salud-publica/sites/ministerio-salud-publica/files/2024-03/ELEPEM%20CERTIFICADOS%207-3-2024.pdf""]"
ELP-0429,Hogar Cocoon,Montevideo,Montevideo,Francisco Torres 3870,Francisco Torres,3870,,23376573,,,,Certificado Social MIDES,False,True,True,False,1,069/2020,2020,2020,2024-07-15,2,2,-34.8553601,-56.2000628,alta,calle y puerta exacta,100,Direcciones Geográficas del Uruguay (IDE),"[""https://www.gub.uy/ministerio-desarrollo-social/etiqueta/otros/montevideo-establecimientos-larga-estadia-para-personas-mayores-certificado-social"", ""https://www.gub.uy/ministerio-salud-publica/sites/ministerio-salud-publica/files/2024-03/ELEPEM%20CERTIFICADOS%207-3-2024.pdf""]"
ELP-0430,HOGAR DE ABUELOS,Montevideo,MONTEVIDEO,BRAZO LARGO 3773,BRAZO LARGO,3773,,,,,,Certificado de registro MSP (histórico),False,False,True,False,1,006/2022,2022,2022,2022,1,1,-34.8673014,-56.1478546,alta,calle y puerta exacta,100,Direcciones Geográficas del Uruguay (IDE),"[""https://www.gub.uy/ministerio-salud-publica/sites/ministerio-salud-publica/files/2024-03/ELEPEM%20CERTIFICADOS%207-3-2024.pdf""]"
ELP-0431,Hogar De Ancianos Piebu,Montevideo,Montevideo,Fernandez Crespo 1768/70,Fernandez Crespo,1768/70,20,24097678 / 4098744,piebu@vera.com.uy,,,Habilitación final MSP,True,True,True,False,1,133/2019,2019,2019,2026-06-30,3,3,-34.8981936,-56.178242,alta,calle y puerta exacta,100,Direcciones Geográficas del Uruguay (IDE),"[""https://www.gub.uy/ministerio-salud-publica/sites/ministerio-salud-publica/files/2026-06/ELEPEM%20HABILITADOS%20JUNIO%202026.pdf"", ""https://www.gub.uy/ministerio-desarrollo-social/etiqueta/otros/montevideo-establecimientos-larga-estadia-para-personas-mayores-certificado-social"", ""https://www.gub.uy/ministerio-salud-publica/sites/ministerio-salud-publica/files/2024-03/ELEPEM%20CERTIFICADOS%207-3-2024.pdf""]"
ELP-0432,Hogar Dulce Hogar,Montevideo,Montevideo,Manuel Albo 2733,Manuel Albo,2733,22,,trifulcagarcia@gmail.com anadoldan1952@gmail.com -,,,Habilitación final MSP,True,False,True,False,2,"078/2021, 005/2024",2021,2024,2026-06-30,3,2,-34.8901572,-56.1599953,alta,calle y puerta exacta,100,Direcciones Geográficas del Uruguay (IDE),"[""https://www.gub.uy/ministerio-salud-publica/sites/ministerio-salud-publica/files/2026-06/ELEPEM%20HABILITADOS%20JUNIO%202026.pdf"", ""https://www.gub.uy/ministerio-salud-publica/sites/ministerio-salud-publica/files/2024-03/ELEPEM%20CERTIFICADOS%207-3-2024.pdf""]"
ELP-0433,Hogar Español,Montevideo,Montevideo,Av. De Las Instrucciones 981,Av. De Las Instrucciones,981,,23597271 / 23593221,,,,Certificado Social MIDES,False,True,True,False,2,"082/2022, 017/2023",2022,2023,2024-07-15,3,2,-34.843892,-56.200529,alta,calle y puerta exacta,100,Direcciones Geográficas del Uruguay (IDE),"[""https://www.gub.uy/ministerio-desarrollo-social/etiqueta/otros/montevideo-establecimientos-larga-estadia-para-personas-mayores-certificado-social"", ""https://www.gub.uy/ministerio-salud-publica/sites/ministerio-salud-publica/files/2024-03/ELEPEM%20CERTIFICADOS%207-3-2024.pdf""]"
ELP-0434,HOGAR ESPERANZA,Montevideo,MONTEVIDEO,LLUPES 4365,LLUPES,4365,,,,,,Certificado de registro MSP (histórico),False,False,True,False,1,146/2022,2022,2022,2022,1,1,-34.8540548,-56.2239279,alta,calle y puerta exacta,100,Direcciones Geográficas del Uruguay (IDE),"[""https://www.gub.uy/ministerio-salud-publica/sites/ministerio-salud-publica/files/2024-03/ELEPEM%20CERTIFICADOS%207-3-2024.pdf""]"
ELP-0435,Hogar Israelita,Montevideo,Montevideo,Burgues 3194,Burgues,3194,140,22090836,carladicandia@hogarisraelita.org.uy lascuatroestaciones2968@hotmail.com -,,,Habilitación final MSP,True,True,True,False,1,023/2017,2017,2017,2026-06-30,3,3,-34.8670656,-56.1864452,alta,calle y puerta exacta,100,Direcciones Geográficas del Uruguay (IDE),"[""https://www.gub.uy/ministerio-salud-publica/sites/ministerio-salud-publica/files/2026-06/ELEPEM%20HABILITADOS%20JUNIO%202026.pdf"", ""https://www.gub.uy/ministerio-desarrollo-social/etiqueta/otros/montevideo-establecimientos-larga-estadia-para-personas-mayores-certificado-social"", ""https://www.gub.uy/ministerio-salud-publica/sites/ministerio-salud-publica/files/2024-03/ELEPEM%20CERTIFICADOS%207-3-2024.pdf""]"
ELP-0436,Hogar Italiano,Montevideo,Montevideo,Paysandú 1935,Paysandú,1935,29,24018609,gerardopilatti@hotmail.com,HOGAR ITALIANO,21 802381 0012,Habilitación final MSP,True,True,True,True,1,015/2020,2020,2020,2026-06-30,4,4,-34.8972617,-56.1765819,alta,calle y puerta exacta,100,Direcciones Geográficas del Uruguay (IDE),"[""https://www.gub.uy/ministerio-salud-publica/sites/ministerio-salud-publica/files/2026-06/ELEPEM%20HABILITADOS%20JUNIO%202026.pdf"", ""https://www.gub.uy/ministerio-desarrollo-social/etiqueta/otros/montevideo-establecimientos-larga-estadia-para-personas-mayores-certificado-social"", ""https://www.gub.uy/sistema-cuidados/comunicacion/comunicados/programa-apoyo-cuidado-permanente-pacp"", ""https://www.gub.uy/ministerio-salud-publica/sites/ministerio-salud-publica/files/2024-03/ELEPEM%20CERTIFICADOS%207-3-2024.pdf""]"
ELP-0437,La Capilla,Montevideo,Montevideo,Plutarco 4009,Plutarco,4009,30,,hogarcapilla@yahoo.com.ar,,,Habilitación final MSP,True,False,True,False,2,"033/2020, 069/2023",2020,2023,2026-06-30,3,2,-34.8900927,-56.128322,alta,calle y puerta exacta,100,Direcciones Geográficas del Uruguay (IDE),"[""https://www.gub.uy/ministerio-salud-publica/sites/ministerio-salud-publica/files/2026-06/ELEPEM%20HABILITADOS%20JUNIO%202026.pdf"", ""https://www.gub.uy/ministerio-salud-publica/sites/ministerio-salud-publica/files/2024-03/ELEPEM%20CERTIFICADOS%207-3-2024.pdf""]"
ELP-0438,Toscana Hogar,Montevideo,Montevideo,Av. Centenario 3076,Av. Centenario,3076,22,24803348,centroresidenciales.toscana@gmail.com,,,Habilitación final MSP,True,True,True,False,2,"007/2018, 046/2020",2018,2020,2026-06-30,4,3,-34.8839198,-56.1522424,alta,calle y puerta exacta,100,Direcciones Geográficas del Uruguay (IDE),"[""https://www.gub.uy/ministerio-salud-publica/sites/ministerio-salud-publica/files/2026-06/ELEPEM%20HABILITADOS%20JUNIO%202026.pdf"", ""https://www.gub.uy/ministerio-desarrollo-social/etiqueta/otros/montevideo-establecimientos-larga-estadia-para-personas-mayores-certificado-social"", ""https://www.gub.uy/ministerio-salud-publica/sites/ministerio-salud-publica/files/2024-03/ELEPEM%20CERTIFICADOS%207-3-2024.pdf""]"
ELP-0439,Hogar Madre Ana,Montevideo,Montevideo,Enrique Martinez 1409,Enrique Martinez,1409,69,22036273,amenendez@hotmail.com,,,Habilitación final MSP,True,True,True,False,1,158/2019,2019,2019,2026-06-30,3,3,-34.8731771,-56.1888234,alta,calle y puerta exacta,100,Direcciones Geográficas del Uruguay (IDE),"[""https://www.gub.uy/ministerio-salud-publica/sites/ministerio-salud-publica/files/2026-06/ELEPEM%20HABILITADOS%20JUNIO%202026.pdf"", ""https://www.gub.uy/ministerio-desarrollo-social/etiqueta/otros/montevideo-establecimientos-larga-estadia-para-personas-mayores-certificado-social"", ""https://www.gub.uy/ministerio-salud-publica/sites/ministerio-salud-publica/files/2024-03/ELEPEM%20CERTIFICADOS%207-3-2024.pdf""]"
ELP-0440,Marsella,Montevideo,Montevideo,Joaquín Núñez 3082,Joaquín Núñez,3082,18,,hogarmarsella@hotmail.com,,,Habilitación final MSP,True,False,True,False,1,070/2019,2019,2019,2026-06-30,2,2,-34.9237689,-56.1553208,alta,calle y puerta exacta,100,Direcciones Geográficas del Uruguay (IDE),"[""https://www.gub.uy/ministerio-salud-publica/sites/ministerio-salud-publica/files/2026-06/ELEPEM%20HABILITADOS%20JUNIO%202026.pdf"", ""https://www.gub.uy/ministerio-salud-publica/sites/ministerio-salud-publica/files/2024-03/ELEPEM%20CERTIFICADOS%207-3-2024.pdf""]"
ELP-0441,Hogar Montpellier,Montevideo,Montevideo,Luis A.Herrera 1112 1112,Luis A.Herrera 1112,1112,,26228906,,,,Certificado Social MIDES,False,True,True,False,1,080/2020,2020,2020,2024-07-15,2,2,-34.9074134,-56.1360827,alta,calle y puerta exacta,77,Direcciones Geográficas del Uruguay (IDE),"[""https://www.gub.uy/ministerio-desarrollo-social/etiqueta/otros/montevideo-establecimientos-larga-estadia-para-personas-mayores-certificado-social"", ""https://www.gub.uy/ministerio-salud-publica/sites/ministerio-salud-publica/files/2024-03/ELEPEM%20CERTIFICADOS%207-3-2024.pdf""]"
ELP-0442,Hogar Montpellier,Montevideo,Montevideo,Luis Alberto de Herrera 1112,Luis Alberto de Herrera,1112,17,,hogarmomtpellier@gmail.com,,,Habilitación final MSP,True,False,False,False,0,,,,2026-06-30,1,1,-34.9074134,-56.1360827,alta,calle y puerta exacta,100,Direcciones Geográficas del Uruguay (IDE),"[""https://www.gub.uy/ministerio-salud-publica/sites/ministerio-salud-publica/files/2026-06/ELEPEM%20HABILITADOS%20JUNIO%202026.pdf""]"
ELP-0443,Hogar Nazareth,Montevideo,Montevideo,Avenida Italia 3780,Avenida Italia,3780,16,25058283,,CASA PARA EL ADULTO MAYOR - HOGAR DE ACOGIDA Y ESPERANZA,21 689195 0019,Habilitación final MSP,True,True,True,True,1,105/2021,2021,2021,2026-06-30,4,4,-34.8870047,-56.1305842,alta,calle y puerta exacta,100,Direcciones Geográficas del Uruguay (IDE),"[""https://www.gub.uy/ministerio-salud-publica/sites/ministerio-salud-publica/files/2026-06/ELEPEM%20HABILITADOS%20JUNIO%202026.pdf"", ""https://www.gub.uy/ministerio-desarrollo-social/etiqueta/otros/montevideo-establecimientos-larga-estadia-para-personas-mayores-certificado-social"", ""https://www.gub.uy/sistema-cuidados/comunicacion/comunicados/programa-apoyo-cuidado-permanente-pacp"", ""https://www.gub.uy/ministerio-salud-publica/sites/ministerio-salud-publica/files/2024-03/ELEPEM%20CERTIFICADOS%207-3-2024.pdf""]"
ELP-0444,Hogar Nazareth,Montevideo,Montevideo,Bulevar Artigas 2255,Bulevar Artigas,2255,26,22012133,hogarnazareth2011@hotmail.com,,,Habilitación final MSP,True,True,True,False,1,062/2018,2018,2018,2026-06-30,3,3,-34.8858374,-56.1661686,alta,calle y puerta exacta,100,Direcciones Geográficas del Uruguay (IDE),"[""https://www.gub.uy/ministerio-salud-publica/sites/ministerio-salud-publica/files/2026-06/ELEPEM%20HABILITADOS%20JUNIO%202026.pdf"", ""https://www.gub.uy/ministerio-desarrollo-social/etiqueta/otros/montevideo-establecimientos-larga-estadia-para-personas-mayores-certificado-social"", ""https://www.gub.uy/ministerio-salud-publica/sites/ministerio-salud-publica/files/2024-03/ELEPEM%20CERTIFICADOS%207-3-2024.pdf""]"
ELP-0445,Hogar Nazareth,Montevideo,Montevideo,Campisteguy 2985,Campisteguy,2985,19,23561100 / 096715299 /22087803,hogarnazareth2011@hotmail.com,CASA PARA EL ADULTO MAYOR - HOGAR DE ACOGIDA Y ESPERANZA,21 689195 0019,Habilitación final MSP,True,True,True,True,2,"105/2018, 002/2020",2018,2020,2026-06-30,5,4,-34.8722192,-56.1688536,alta,calle y puerta exacta,100,Direcciones Geográficas del Uruguay (IDE),"[""https://www.gub.uy/ministerio-salud-publica/sites/ministerio-salud-publica/files/2026-06/ELEPEM%20HABILITADOS%20JUNIO%202026.pdf"", ""https://www.gub.uy/ministerio-desarrollo-social/etiqueta/otros/montevideo-establecimientos-larga-estadia-para-personas-mayores-certificado-social"", ""https://www.gub.uy/sistema-cuidados/comunicacion/comunicados/programa-apoyo-cuidado-permanente-pacp"", ""https://www.gub.uy/ministerio-salud-publica/sites/ministerio-salud-publica/files/2024-03/ELEPEM%20CERTIFICADOS%207-3-2024.pdf""]"
ELP-0446,Hogar Renacer,Montevideo,Montevideo,Zufriategui 984,Zufriategui,984,24,23046396,valeriagorlier@gmail.com,,,Habilitación final MSP,True,True,True,False,1,110/2022,2022,2022,2026-06-30,4,3,-34.8628916,-56.2124976,alta,calle y puerta exacta,100,Direcciones Geográficas del Uruguay (IDE),"[""https://www.gub.uy/ministerio-salud-publica/sites/ministerio-salud-publica/files/2026-06/ELEPEM%20HABILITADOS%20JUNIO%202026.pdf"", ""https://www.gub.uy/ministerio-desarrollo-social/etiqueta/otros/montevideo-establecimientos-larga-estadia-para-personas-mayores-certificado-social"", ""https://www.gub.uy/ministerio-salud-publica/sites/ministerio-salud-publica/files/2024-03/ELEPEM%20CERTIFICADOS%207-3-2024.pdf""]"
ELP-0447,Siena,Montevideo,Montevideo,Libertad 2840,Libertad,2840,23,27078650 / 27092867,hogarsiena@gmail.com,,,Habilitación final MSP,True,True,True,False,1,126/2019,2019,2019,2026-06-30,3,3,-34.9079,-56.1525368,alta,calle y puerta exacta,100,Direcciones Geográficas del Uruguay (IDE),"[""https://www.gub.uy/ministerio-salud-publica/sites/ministerio-salud-publica/files/2026-06/ELEPEM%20HABILITADOS%20JUNIO%202026.pdf"", ""https://www.gub.uy/ministerio-desarrollo-social/etiqueta/otros/montevideo-establecimientos-larga-estadia-para-personas-mayores-certificado-social"", ""https://www.gub.uy/ministerio-salud-publica/sites/ministerio-salud-publica/files/2024-03/ELEPEM%20CERTIFICADOS%207-3-2024.pdf""]"
ELP-0448,Hotel Continental,Montevideo,,Paraguay 1372,Paraguay,1372,,,,,,Certificado de registro MSP (histórico),False,False,True,False,1,011/2018,2018,2018,2018,1,1,-34.9057215,-56.1926315,media,puerta más cercana en la misma calle,89,Direcciones Geográficas del Uruguay (IDE),"[""https://www.gub.uy/ministerio-salud-publica/sites/ministerio-salud-publica/files/2024-03/ELEPEM%20CERTIFICADOS%207-3-2024.pdf""]"
ELP-0449,Hotel Lafayette,Montevideo,Montevideo,Soriano 1170,Soriano,1170,85,29024646,pablo@lafayette.com.uy,,,Habilitación final MSP,True,True,True,False,2,"100/2019, 137/2019",2019,2019,2026-06-30,4,3,-34.9078371,-56.1906889,alta,calle y puerta exacta,100,Direcciones Geográficas del Uruguay (IDE),"[""https://www.gub.uy/ministerio-salud-publica/sites/ministerio-salud-publica/files/2026-06/ELEPEM%20HABILITADOS%20JUNIO%202026.pdf"", ""https://www.gub.uy/ministerio-desarrollo-social/etiqueta/otros/montevideo-establecimientos-larga-estadia-para-personas-mayores-certificado-social"", ""https://www.gub.uy/ministerio-salud-publica/sites/ministerio-salud-publica/files/2024-03/ELEPEM%20CERTIFICADOS%207-3-2024.pdf""]"
ELP-0450,Hotel Residencial San Antonio,Montevideo,,Avda. Millán 4383,Avda. Millán,4383,,,,,,Certificado de registro MSP (histórico),False,False,True,False,1,092/2019,2019,2019,2019,1,1,-34.844492,-56.2050624,alta,calle y puerta exacta,100,Direcciones Geográficas del Uruguay (IDE),"[""https://www.gub.uy/ministerio-salud-publica/sites/ministerio-salud-publica/files/2024-03/ELEPEM%20CERTIFICADOS%207-3-2024.pdf""]"
ELP-0451,Irigoitía,Montevideo,Montevideo,Juan Carlos Blanco 3485,Juan Carlos Blanco,3485,16,23364530,www.irigoitia.com - info@irigoitia.com,,,Habilitación final MSP,True,True,True,False,1,188/2019,2019,2019,2026-06-30,3,3,-34.8665584,-56.1992292,alta,calle y puerta exacta,100,Direcciones Geográficas del Uruguay (IDE),"[""https://www.gub.uy/ministerio-salud-publica/sites/ministerio-salud-publica/files/2026-06/ELEPEM%20HABILITADOS%20JUNIO%202026.pdf"", ""https://www.gub.uy/ministerio-desarrollo-social/etiqueta/otros/montevideo-establecimientos-larga-estadia-para-personas-mayores-certificado-social"", ""https://www.gub.uy/ministerio-salud-publica/sites/ministerio-salud-publica/files/2024-03/ELEPEM%20CERTIFICADOS%207-3-2024.pdf""]"
ELP-0452,Itiel,Montevideo,,Jaime Cibils 2859,Jaime Cibils,2859,,,,,,Certificado de registro MSP (histórico),False,False,True,False,1,096/2018,2018,2018,2018,1,1,-34.8867281,-56.154591,alta,calle y puerta exacta,100,Direcciones Geográficas del Uruguay (IDE),"[""https://www.gub.uy/ministerio-salud-publica/sites/ministerio-salud-publica/files/2024-03/ELEPEM%20CERTIFICADOS%207-3-2024.pdf""]"
ELP-0453,Jackson,Montevideo,Montevideo,Jackson 936,Jackson,936,26,24112020,residenciajackson@gmail.com,,,Habilitación final MSP,True,True,True,False,2,"022/2017, 090/2020",2017,2020,2026-06-30,4,3,-34.9121464,-56.1725511,alta,calle y puerta exacta,100,Direcciones Geográficas del Uruguay (IDE),"[""https://www.gub.uy/ministerio-salud-publica/sites/ministerio-salud-publica/files/2026-06/ELEPEM%20HABILITADOS%20JUNIO%202026.pdf"", ""https://www.gub.uy/ministerio-desarrollo-social/etiqueta/otros/montevideo-establecimientos-larga-estadia-para-personas-mayores-certificado-social"", ""https://www.gub.uy/ministerio-salud-publica/sites/ministerio-salud-publica/files/2024-03/ELEPEM%20CERTIFICADOS%207-3-2024.pdf""]"
ELP-0454,Jardines de Setiembre,Montevideo,Montevideo,Lido 1685,Lido,1685,20,26008786,residencialjardines@vera.com.uy,,,Habilitación final MSP,True,True,True,False,1,063/2020,2020,2020,2026-06-30,3,3,-34.8812344,-56.0426305,alta,calle y puerta exacta,100,Direcciones Geográficas del Uruguay (IDE),"[""https://www.gub.uy/ministerio-salud-publica/sites/ministerio-salud-publica/files/2026-06/ELEPEM%20HABILITADOS%20JUNIO%202026.pdf"", ""https://www.gub.uy/ministerio-desarrollo-social/etiqueta/otros/montevideo-establecimientos-larga-estadia-para-personas-mayores-certificado-social"", ""https://www.gub.uy/ministerio-salud-publica/sites/ministerio-salud-publica/files/2024-03/ELEPEM%20CERTIFICADOS%207-3-2024.pdf""]"
ELP-0455,Jorge Darío Pérez,Montevideo,,Avda. Artigas 365,Avda. Artigas,365,,,,,,Certificado de registro MSP (histórico),False,False,True,False,1,091/2018,2018,2018,2018,1,1,-34.8503052,-56.2276299,media-baja,centroide de calle,70,Direcciones Geográficas del Uruguay (IDE),"[""https://www.gub.uy/ministerio-salud-publica/sites/ministerio-salud-publica/files/2024-03/ELEPEM%20CERTIFICADOS%207-3-2024.pdf""]"
ELP-0456,Juan XXIII,Montevideo,Montevideo,Dr. Pablo De Maria 1184,Dr. Pablo De Maria,1184,,24022679,,,,Certificado Social MIDES,False,True,True,False,1,159/2019,2019,2019,2024-07-15,2,2,-34.906529,-56.1707871,alta,calle y puerta exacta,100,Direcciones Geográficas del Uruguay (IDE),"[""https://www.gub.uy/ministerio-desarrollo-social/etiqueta/otros/montevideo-establecimientos-larga-estadia-para-personas-mayores-certificado-social"", ""https://www.gub.uy/ministerio-salud-publica/sites/ministerio-salud-publica/files/2024-03/ELEPEM%20CERTIFICADOS%207-3-2024.pdf""]"
ELP-0457,Kalas,Montevideo,Montevideo,Carabelas 3511,Carabelas,3511,17,22014156,residencial.kala@gmail.com,,,Habilitación final MSP,True,True,True,False,2,"017/2017, 039/2022",2017,2022,2026-06-30,4,3,-34.8598168,-56.1798505,alta,calle y puerta exacta,94,Direcciones Geográficas del Uruguay (IDE),"[""https://www.gub.uy/ministerio-salud-publica/sites/ministerio-salud-publica/files/2026-06/ELEPEM%20HABILITADOS%20JUNIO%202026.pdf"", ""https://www.gub.uy/ministerio-desarrollo-social/etiqueta/otros/montevideo-establecimientos-larga-estadia-para-personas-mayores-certificado-social"", ""https://www.gub.uy/ministerio-salud-publica/sites/ministerio-salud-publica/files/2024-03/ELEPEM%20CERTIFICADOS%207-3-2024.pdf""]"
ELP-0458,KIMARA,Montevideo,MONTEVIDEO,CAMINO CARMELO COLMAN 6319,CAMINO CARMELO COLMAN,6319,,,,,,Certificado de registro MSP (histórico),False,False,True,False,1,071/2022,2022,2022,2022,1,1,-34.7936237,-56.2340993,alta,calle y puerta exacta,100,Direcciones Geográficas del Uruguay (IDE),"[""https://www.gub.uy/ministerio-salud-publica/sites/ministerio-salud-publica/files/2024-03/ELEPEM%20CERTIFICADOS%207-3-2024.pdf""]"
ELP-0459,La Amistad,Montevideo,Montevideo,Nueva Palmira 2084,Nueva Palmira,2084,22,24025953,shirleyvegafaccio@hotmail.com,,,Habilitación final MSP,True,True,True,False,1,062/2020,2020,2020,2026-06-30,3,3,-34.8885121,-56.169969,alta,calle y puerta exacta,100,Direcciones Geográficas del Uruguay (IDE),"[""https://www.gub.uy/ministerio-salud-publica/sites/ministerio-salud-publica/files/2026-06/ELEPEM%20HABILITADOS%20JUNIO%202026.pdf"", ""https://www.gub.uy/ministerio-desarrollo-social/etiqueta/otros/montevideo-establecimientos-larga-estadia-para-personas-mayores-certificado-social"", ""https://www.gub.uy/ministerio-salud-publica/sites/ministerio-salud-publica/files/2024-03/ELEPEM%20CERTIFICADOS%207-3-2024.pdf""]"
ELP-0460,La Belle Epoque,Montevideo,Montevideo,Hugo de los Santos Recarte 1284/86,Hugo de los Santos Recarte,1284/86,26,27077294,belleepoqueuy@gmail.com,,,Habilitación final MSP,True,True,True,False,1,032/2021,2021,2021,2026-06-30,3,3,-34.9055456,-56.1572215,alta,calle y puerta exacta,100,Direcciones Geográficas del Uruguay (IDE),"[""https://www.gub.uy/ministerio-salud-publica/sites/ministerio-salud-publica/files/2026-06/ELEPEM%20HABILITADOS%20JUNIO%202026.pdf"", ""https://www.gub.uy/ministerio-desarrollo-social/etiqueta/otros/montevideo-establecimientos-larga-estadia-para-personas-mayores-certificado-social"", ""https://www.gub.uy/ministerio-salud-publica/sites/ministerio-salud-publica/files/2024-03/ELEPEM%20CERTIFICADOS%207-3-2024.pdf""]"
ELP-0461,La Belle Epoque 2,Montevideo,Montevideo,Marcos Bruto 1213,Marcos Bruto,1213,15,26231056,belleepoqueuy@gmail.com,,,Habilitación final MSP,True,True,True,False,1,027/2021,2021,2021,2026-06-30,3,3,-34.9057039,-56.1385394,alta,calle y puerta exacta,95,Direcciones Geográficas del Uruguay (IDE),"[""https://www.gub.uy/ministerio-salud-publica/sites/ministerio-salud-publica/files/2026-06/ELEPEM%20HABILITADOS%20JUNIO%202026.pdf"", ""https://www.gub.uy/ministerio-desarrollo-social/etiqueta/otros/montevideo-establecimientos-larga-estadia-para-personas-mayores-certificado-social"", ""https://www.gub.uy/ministerio-salud-publica/sites/ministerio-salud-publica/files/2024-03/ELEPEM%20CERTIFICADOS%207-3-2024.pdf""]"
ELP-0462,La Casa de Lea,Montevideo,Montevideo,Larrañaga 3228,Larrañaga,3228,28,24807806,a.dere@hotmail.com,,,Habilitación final MSP,True,True,False,False,0,,,,2026-06-30,2,2,-34.879686,-56.1520908,alta,calle y puerta exacta,100,Direcciones Geográficas del Uruguay (IDE),"[""https://www.gub.uy/ministerio-salud-publica/sites/ministerio-salud-publica/files/2026-06/ELEPEM%20HABILITADOS%20JUNIO%202026.pdf"", ""https://www.gub.uy/ministerio-desarrollo-social/etiqueta/otros/montevideo-establecimientos-larga-estadia-para-personas-mayores-certificado-social""]"
ELP-0463,La Casa de Lea,Montevideo,,Dámaso A.Larrrañaga 3228,Dámaso A.Larrrañaga,3228,,,,,,Certificado de registro MSP (histórico),False,False,True,False,1,081/2018,2018,2018,2018,1,1,-34.879686,-56.1520908,alta,calle y puerta exacta,70,Direcciones Geográficas del Uruguay (IDE),"[""https://www.gub.uy/ministerio-salud-publica/sites/ministerio-salud-publica/files/2024-03/ELEPEM%20CERTIFICADOS%207-3-2024.pdf""]"
ELP-0464,La Casa de los Abuelos,Montevideo,,Av. Gral. Flores 4918,Av. Gral. Flores,4918,,,,,,Certificado de registro MSP (histórico),False,False,True,False,1,138/2019,2019,2019,2019,1,1,-34.841307,-56.1510533,alta,calle y puerta exacta,100,Direcciones Geográficas del Uruguay (IDE),"[""https://www.gub.uy/ministerio-salud-publica/sites/ministerio-salud-publica/files/2024-03/ELEPEM%20CERTIFICADOS%207-3-2024.pdf""]"
ELP-0465,LA CASA RITA,Montevideo,MONTEVIDEO COLONIA DEL,"CAMINO O""HIGGINS 9105","CAMINO O""HIGGINS",9105,,,,,,Certificado de registro MSP (histórico),False,False,True,False,1,103/2022,2022,2022,2022,1,1,-34.8368099,-56.3422607,alta,calle y puerta exacta,100,Direcciones Geográficas del Uruguay (IDE),"[""https://www.gub.uy/ministerio-salud-publica/sites/ministerio-salud-publica/files/2024-03/ELEPEM%20CERTIFICADOS%207-3-2024.pdf""]"
ELP-0466,La Familia,Montevideo,Montevideo,Ing. Eduardo Canstatt 3187,Ing. Eduardo Canstatt,3187,,24879167,,,,Certificado Social MIDES,False,True,False,False,0,,,,2024-07-15,1,1,-34.8720831,-56.159075,alta,calle y puerta exacta,100,Direcciones Geográficas del Uruguay (IDE),"[""https://www.gub.uy/ministerio-desarrollo-social/etiqueta/otros/montevideo-establecimientos-larga-estadia-para-personas-mayores-certificado-social""]"
ELP-0467,La Familia,Montevideo,Montevideo,Zapican 3119,Zapican,3119,,22095732,,,,Certificado Social MIDES,False,True,True,False,1,129/2022,2022,2022,2024-07-15,2,2,-34.8709948,-56.1940921,alta,calle y puerta exacta,100,Direcciones Geográficas del Uruguay (IDE),"[""https://www.gub.uy/ministerio-desarrollo-social/etiqueta/otros/montevideo-establecimientos-larga-estadia-para-personas-mayores-certificado-social"", ""https://www.gub.uy/ministerio-salud-publica/sites/ministerio-salud-publica/files/2024-03/ELEPEM%20CERTIFICADOS%207-3-2024.pdf""]"
ELP-0468,Las Huellas,Montevideo,Montevideo,Constituyente 1845,Constituyente,1845,18,,daniel.6031@gmail.com,,,Habilitación final MSP,True,False,True,False,1,100/2018,2018,2018,2026-06-30,2,2,-34.9067576,-56.176479,alta,calle y puerta exacta,100,Direcciones Geográficas del Uruguay (IDE),"[""https://www.gub.uy/ministerio-salud-publica/sites/ministerio-salud-publica/files/2026-06/ELEPEM%20HABILITADOS%20JUNIO%202026.pdf"", ""https://www.gub.uy/ministerio-salud-publica/sites/ministerio-salud-publica/files/2024-03/ELEPEM%20CERTIFICADOS%207-3-2024.pdf""]"
ELP-0469,La Maison,Montevideo,Montevideo,26 De Marzo 3322,26 De Marzo,3322,,26233232,,,,Certificado Social MIDES,False,True,False,False,0,,,,2024-07-15,1,1,-34.9067951,-56.1417313,alta,calle y puerta exacta,100,Direcciones Geográficas del Uruguay (IDE),"[""https://www.gub.uy/ministerio-desarrollo-social/etiqueta/otros/montevideo-establecimientos-larga-estadia-para-personas-mayores-certificado-social""]"
ELP-0470,La Maison,Montevideo,Montevideo,26 de Marzo 3322,,26 de Marzo 3322,58,,lourdestel@gmail.com,,,Habilitación final MSP,True,False,True,False,1,062/2021,2021,2021,2026-06-30,2,2,-34.8750545,-56.1663557,baja,centroide de localidad,35,Direcciones Geográficas del Uruguay (IDE),"[""https://www.gub.uy/ministerio-salud-publica/sites/ministerio-salud-publica/files/2026-06/ELEPEM%20HABILITADOS%20JUNIO%202026.pdf"", ""https://www.gub.uy/ministerio-salud-publica/sites/ministerio-salud-publica/files/2024-03/ELEPEM%20CERTIFICADOS%207-3-2024.pdf""]"
ELP-0471,La Rosaleda,Montevideo,Montevideo,Agraciada 3157,Agraciada,3157,19,22092175,meditsalud@gmail.com,,,Habilitación final MSP,True,True,True,False,1,026/2019,2019,2019,2026-06-30,3,3,-34.8732808,-56.2015658,alta,calle y puerta exacta,100,Direcciones Geográficas del Uruguay (IDE),"[""https://www.gub.uy/ministerio-salud-publica/sites/ministerio-salud-publica/files/2026-06/ELEPEM%20HABILITADOS%20JUNIO%202026.pdf"", ""https://www.gub.uy/ministerio-desarrollo-social/etiqueta/otros/montevideo-establecimientos-larga-estadia-para-personas-mayores-certificado-social"", ""https://www.gub.uy/ministerio-salud-publica/sites/ministerio-salud-publica/files/2024-03/ELEPEM%20CERTIFICADOS%207-3-2024.pdf""]"
ELP-0472,La Serena,Montevideo,,Belastiqui 1372,Belastiqui,1372,,,,,,Certificado de registro MSP (histórico),False,False,True,False,1,021/2018,2018,2018,2018,1,1,-34.8947153,-56.0756758,alta,calle y puerta exacta,100,Direcciones Geográficas del Uruguay (IDE),"[""https://www.gub.uy/ministerio-salud-publica/sites/ministerio-salud-publica/files/2024-03/ELEPEM%20CERTIFICADOS%207-3-2024.pdf""]"
ELP-0473,La Serena,Montevideo,,Rambla O'Higgins 5315,Rambla O'Higgins,5315,,,,,,Certificado de registro MSP (histórico),False,False,True,False,1,118/2019,2019,2019,2019,1,1,-34.8948636,-56.0900502,alta,calle y puerta exacta,100,Direcciones Geográficas del Uruguay (IDE),"[""https://www.gub.uy/ministerio-salud-publica/sites/ministerio-salud-publica/files/2024-03/ELEPEM%20CERTIFICADOS%207-3-2024.pdf""]"
ELP-0474,La Serenita Srl,Montevideo,Montevideo,8 de Octubre 2856,,8 de Octubre 2856,27,,residencialserena2856@gmail.com,,,Habilitación final MSP,True,False,True,False,1,117/2020,2020,2020,2026-06-30,2,2,-34.8717733,-56.178962,baja,centroide de localidad,35,Direcciones Geográficas del Uruguay (IDE),"[""https://www.gub.uy/ministerio-salud-publica/sites/ministerio-salud-publica/files/2026-06/ELEPEM%20HABILITADOS%20JUNIO%202026.pdf"", ""https://www.gub.uy/ministerio-salud-publica/sites/ministerio-salud-publica/files/2024-03/ELEPEM%20CERTIFICADOS%207-3-2024.pdf""]"
ELP-0475,LA SYESTITA,Montevideo,MONTEVIDEO,Jacobo Rousseau 3927 bis,Jacobo Rousseau,3927 bis,,,,,,Certificado de registro MSP (histórico),False,False,True,False,1,061/2023,2023,2023,2023,1,1,-34.871506,-56.1384456,alta,calle y puerta exacta,100,Direcciones Geográficas del Uruguay (IDE),"[""https://www.gub.uy/ministerio-salud-publica/sites/ministerio-salud-publica/files/2024-03/ELEPEM%20CERTIFICADOS%207-3-2024.pdf""]"
ELP-0476,La Terraza,Montevideo,Montevideo,Ellauri 728,Ellauri,728,35,27105609,dinchausti@hotmail.com,,,Habilitación final MSP,True,True,True,False,1,045/2022,2022,2022,2026-06-30,3,3,-34.9175413,-56.1550816,alta,calle y puerta exacta,100,Direcciones Geográficas del Uruguay (IDE),"[""https://www.gub.uy/ministerio-salud-publica/sites/ministerio-salud-publica/files/2026-06/ELEPEM%20HABILITADOS%20JUNIO%202026.pdf"", ""https://www.gub.uy/ministerio-desarrollo-social/etiqueta/otros/montevideo-establecimientos-larga-estadia-para-personas-mayores-certificado-social"", ""https://www.gub.uy/ministerio-salud-publica/sites/ministerio-salud-publica/files/2024-03/ELEPEM%20CERTIFICADOS%207-3-2024.pdf""]"
ELP-0477,Laguna Dorada,Montevideo,,Cooper 2025,Cooper,2025,,,,,,Certificado de registro MSP (histórico),False,False,True,False,1,008/2017,2017,2017,2017,1,1,-34.8819084,-56.0662308,alta,calle y puerta exacta,100,Direcciones Geográficas del Uruguay (IDE),"[""https://www.gub.uy/ministerio-salud-publica/sites/ministerio-salud-publica/files/2024-03/ELEPEM%20CERTIFICADOS%207-3-2024.pdf""]"
ELP-0478,Las Gardenias 1,Montevideo,Montevideo,Caramurú 5812,Caramurú,5812,18,26002457,rositalaguardia@gmail.com,,,Habilitación final MSP,True,True,True,False,1,132/2019,2019,2019,2026-06-30,3,3,-34.8928465,-56.0813717,alta,calle y puerta exacta,100,Direcciones Geográficas del Uruguay (IDE),"[""https://www.gub.uy/ministerio-salud-publica/sites/ministerio-salud-publica/files/2026-06/ELEPEM%20HABILITADOS%20JUNIO%202026.pdf"", ""https://www.gub.uy/ministerio-desarrollo-social/etiqueta/otros/montevideo-establecimientos-larga-estadia-para-personas-mayores-certificado-social"", ""https://www.gub.uy/ministerio-salud-publica/sites/ministerio-salud-publica/files/2024-03/ELEPEM%20CERTIFICADOS%207-3-2024.pdf""]"
ELP-0479,LAR - CENTRO,Montevideo,,Juan M. Espinosa 1480,Juan M. Espinosa,1480,,,,,,Certificado de registro MSP (histórico),False,False,True,False,1,026/2018,2018,2018,2018,1,1,-34.8958721,-56.1229759,alta,calle y puerta exacta,100,Direcciones Geográficas del Uruguay (IDE),"[""https://www.gub.uy/ministerio-salud-publica/sites/ministerio-salud-publica/files/2024-03/ELEPEM%20CERTIFICADOS%207-3-2024.pdf""]"
ELP-0480,Las Brisas,Montevideo,Montevideo,Colonia 2179,Colonia,2179,36,24012833,mboramas@adinet.com.uy,,,Habilitación final MSP,True,True,True,False,1,022/2020,2020,2020,2026-06-30,3,3,-34.8977194,-56.1685854,alta,calle y puerta exacta,100,Direcciones Geográficas del Uruguay (IDE),"[""https://www.gub.uy/ministerio-salud-publica/sites/ministerio-salud-publica/files/2026-06/ELEPEM%20HABILITADOS%20JUNIO%202026.pdf"", ""https://www.gub.uy/ministerio-desarrollo-social/etiqueta/otros/montevideo-establecimientos-larga-estadia-para-personas-mayores-certificado-social"", ""https://www.gub.uy/ministerio-salud-publica/sites/ministerio-salud-publica/files/2024-03/ELEPEM%20CERTIFICADOS%207-3-2024.pdf""]"
ELP-0481,Las Calas,Montevideo,Montevideo,Coimbra 5854,Coimbra,5854,,26061810,,,,Certificado Social MIDES,False,True,True,False,1,201/2019,2019,2019,2024-07-15,2,2,-34.8962183,-56.0803604,alta,calle y puerta exacta,100,Direcciones Geográficas del Uruguay (IDE),"[""https://www.gub.uy/ministerio-desarrollo-social/etiqueta/otros/montevideo-establecimientos-larga-estadia-para-personas-mayores-certificado-social"", ""https://www.gub.uy/ministerio-salud-publica/sites/ministerio-salud-publica/files/2024-03/ELEPEM%20CERTIFICADOS%207-3-2024.pdf""]"
ELP-0482,Las Condes,Montevideo,Montevideo,Palmar 2644,Palmar,2644,16,27075499 / 091636387,a.anselmi85@hotmail.com carrascohomeresidencial@gmail.com -,,,Habilitación final MSP,True,True,True,False,2,"027/2017, 116/2022",2017,2022,2026-06-30,4,3,-34.9023795,-56.1577249,alta,calle y puerta exacta,100,Direcciones Geográficas del Uruguay (IDE),"[""https://www.gub.uy/ministerio-salud-publica/sites/ministerio-salud-publica/files/2026-06/ELEPEM%20HABILITADOS%20JUNIO%202026.pdf"", ""https://www.gub.uy/ministerio-desarrollo-social/etiqueta/otros/montevideo-establecimientos-larga-estadia-para-personas-mayores-certificado-social"", ""https://www.gub.uy/ministerio-salud-publica/sites/ministerio-salud-publica/files/2024-03/ELEPEM%20CERTIFICADOS%207-3-2024.pdf""]"
ELP-0483,LAS CUMBRES,Montevideo,MONTEVIDEO,Oscar Gestido 2495,Oscar Gestido,2495,,,,,,Certificado de registro MSP (histórico),False,False,True,False,1,033/2023,2023,2023,2023,1,1,-34.9063953,-56.1600008,alta,calle y puerta exacta,100,Direcciones Geográficas del Uruguay (IDE),"[""https://www.gub.uy/ministerio-salud-publica/sites/ministerio-salud-publica/files/2024-03/ELEPEM%20CERTIFICADOS%207-3-2024.pdf""]"
ELP-0484,Las Dos Hermanas,Montevideo,Montevideo,Pernas 2565-2571,Pernas,2565-2571,30,25087300,gladys-169731@hotmail.com,,,Habilitación final MSP,True,True,False,False,0,,,,2026-06-30,2,2,-34.8768031,-56.1444295,alta,calle y puerta exacta,100,Direcciones Geográficas del Uruguay (IDE),"[""https://www.gub.uy/ministerio-salud-publica/sites/ministerio-salud-publica/files/2026-06/ELEPEM%20HABILITADOS%20JUNIO%202026.pdf"", ""https://www.gub.uy/ministerio-desarrollo-social/etiqueta/otros/montevideo-establecimientos-larga-estadia-para-personas-mayores-certificado-social""]"
ELP-0485,LAS FLORES,Montevideo,MONTEVIDEO,ESTERO BELLACO 2667,ESTERO BELLACO,2667,,,,,,Certificado de registro MSP (histórico),False,False,True,False,1,123/2022,2022,2022,2022,1,1,-34.8871498,-56.1604664,alta,calle y puerta exacta,100,Direcciones Geográficas del Uruguay (IDE),"[""https://www.gub.uy/ministerio-salud-publica/sites/ministerio-salud-publica/files/2024-03/ELEPEM%20CERTIFICADOS%207-3-2024.pdf""]"
ELP-0486,Las Flores,Montevideo,,Turín 3543,Turín,3543,,,,,,Certificado de registro MSP (histórico),False,False,True,False,1,033/2019,2019,2019,2019,1,1,-34.8349663,-56.1204532,alta,calle y puerta exacta,100,Direcciones Geográficas del Uruguay (IDE),"[""https://www.gub.uy/ministerio-salud-publica/sites/ministerio-salud-publica/files/2024-03/ELEPEM%20CERTIFICADOS%207-3-2024.pdf""]"
ELP-0487,Las Gardenias,Montevideo,,Palmas y Ombúes 5610,Palmas y Ombúes,5610,,,,,,Certificado de registro MSP (histórico),False,False,True,False,1,019/2019,2019,2019,2019,1,1,-34.8938027,-56.0868371,alta,calle y puerta exacta,100,Direcciones Geográficas del Uruguay (IDE),"[""https://www.gub.uy/ministerio-salud-publica/sites/ministerio-salud-publica/files/2024-03/ELEPEM%20CERTIFICADOS%207-3-2024.pdf""]"
ELP-0488,Las Gardenias 2,Montevideo,Montevideo,Mariano Uriarte 6383,Mariano Uriarte,6383,18,26059543,rositalaguardia@gmail.com,,,Habilitación final MSP,True,True,True,False,1,115/2020,2020,2020,2026-06-30,4,3,-34.8842717,-56.0674333,alta,calle y puerta exacta,100,Direcciones Geográficas del Uruguay (IDE),"[""https://www.gub.uy/ministerio-salud-publica/sites/ministerio-salud-publica/files/2026-06/ELEPEM%20HABILITADOS%20JUNIO%202026.pdf"", ""https://www.gub.uy/ministerio-desarrollo-social/etiqueta/otros/montevideo-establecimientos-larga-estadia-para-personas-mayores-certificado-social"", ""https://www.gub.uy/ministerio-salud-publica/sites/ministerio-salud-publica/files/2024-03/ELEPEM%20CERTIFICADOS%207-3-2024.pdf""]"
ELP-0489,Las Gardenias 3,Montevideo,Montevideo,Belastiqui 1490,Belastiqui,1490,13,95489693,rositalaguardia@gmail.com thegreenhome@adinet.com.uy -,,,Habilitación final MSP,True,True,True,False,1,114/2020,2020,2020,2026-06-30,3,3,-34.8917557,-56.0757773,alta,calle y puerta exacta,100,Direcciones Geográficas del Uruguay (IDE),"[""https://www.gub.uy/ministerio-salud-publica/sites/ministerio-salud-publica/files/2026-06/ELEPEM%20HABILITADOS%20JUNIO%202026.pdf"", ""https://www.gub.uy/ministerio-desarrollo-social/etiqueta/otros/montevideo-establecimientos-larga-estadia-para-personas-mayores-certificado-social"", ""https://www.gub.uy/ministerio-salud-publica/sites/ministerio-salud-publica/files/2024-03/ELEPEM%20CERTIFICADOS%207-3-2024.pdf""]"
ELP-0490,Las Huellas,Montevideo,,Palmar 2378,Palmar,2378,,,,,,Certificado de registro MSP (histórico),False,False,True,False,1,097/2018,2018,2018,2018,1,1,-34.9009582,-56.1634671,alta,calle y puerta exacta,100,Direcciones Geográficas del Uruguay (IDE),"[""https://www.gub.uy/ministerio-salud-publica/sites/ministerio-salud-publica/files/2024-03/ELEPEM%20CERTIFICADOS%207-3-2024.pdf""]"
ELP-0491,Las Julietas,Montevideo,Montevideo,Camino Maldonado 4969,Camino Maldonado,4969,35,25119581,charito.l21@hotmail.com,LÓPEZ CARRERAS TERESA,21 821390 0012,Habilitación final MSP,True,True,True,True,1,044/2019,2019,2019,2026-06-30,4,4,-34.8541385,-56.1308888,alta,calle y puerta exacta,100,Direcciones Geográficas del Uruguay (IDE),"[""https://www.gub.uy/ministerio-salud-publica/sites/ministerio-salud-publica/files/2026-06/ELEPEM%20HABILITADOS%20JUNIO%202026.pdf"", ""https://www.gub.uy/ministerio-desarrollo-social/etiqueta/otros/montevideo-establecimientos-larga-estadia-para-personas-mayores-certificado-social"", ""https://www.gub.uy/sistema-cuidados/comunicacion/comunicados/programa-apoyo-cuidado-permanente-pacp"", ""https://www.gub.uy/ministerio-salud-publica/sites/ministerio-salud-publica/files/2024-03/ELEPEM%20CERTIFICADOS%207-3-2024.pdf""]"
ELP-0492,Las Marías,Montevideo,Montevideo,Pilar Costa 36,Pilar Costa,36,27,23059854,liliana-mazzei@hotmail.com,MAZZEI BENEVENTANO LILIANA MARÍA,21 321667 0017,Habilitación final MSP,True,True,True,True,1,043/2020,2020,2020,2026-06-30,4,4,-34.8584346,-56.2164838,alta,calle y puerta exacta,100,Direcciones Geográficas del Uruguay (IDE),"[""https://www.gub.uy/ministerio-salud-publica/sites/ministerio-salud-publica/files/2026-06/ELEPEM%20HABILITADOS%20JUNIO%202026.pdf"", ""https://www.gub.uy/ministerio-desarrollo-social/etiqueta/otros/montevideo-establecimientos-larga-estadia-para-personas-mayores-certificado-social"", ""https://www.gub.uy/sistema-cuidados/comunicacion/comunicados/programa-apoyo-cuidado-permanente-pacp"", ""https://www.gub.uy/ministerio-salud-publica/sites/ministerio-salud-publica/files/2024-03/ELEPEM%20CERTIFICADOS%207-3-2024.pdf""]"
ELP-0493,Las Olas,Montevideo,,Bvar. Artigas 3270,Bvar. Artigas,3270,,,,,,Certificado de registro MSP (histórico),False,False,True,False,1,098/2018,2018,2018,2018,1,1,-34.8547309,-56.1903285,muy baja,centroide departamental,20,Direcciones Geográficas del Uruguay (IDE),"[""https://www.gub.uy/ministerio-salud-publica/sites/ministerio-salud-publica/files/2024-03/ELEPEM%20CERTIFICADOS%207-3-2024.pdf""]"
ELP-0494,Las Reinas,Montevideo,Montevideo,Juan Carlos Blanco 3323,Juan Carlos Blanco,3323,,23033883,,,,Certificado Social MIDES,False,True,True,False,1,197/2019,2019,2019,2024-07-15,2,2,-34.8694301,-56.2038041,alta,calle y puerta exacta,100,Direcciones Geográficas del Uruguay (IDE),"[""https://www.gub.uy/ministerio-desarrollo-social/etiqueta/otros/montevideo-establecimientos-larga-estadia-para-personas-mayores-certificado-social"", ""https://www.gub.uy/ministerio-salud-publica/sites/ministerio-salud-publica/files/2024-03/ELEPEM%20CERTIFICADOS%207-3-2024.pdf""]"
ELP-0495,Tres Marías,Montevideo,Montevideo,Mario Cassinoni 1120,Mario Cassinoni,1120,21,24017998,mboramas@adinet.com.uy laoficina720@vera.com.uy,,,Habilitación final MSP,True,True,True,False,1,028/2020,2020,2020,2026-06-30,3,3,-34.9073078,-56.1647711,alta,calle y puerta exacta,100,Direcciones Geográficas del Uruguay (IDE),"[""https://www.gub.uy/ministerio-salud-publica/sites/ministerio-salud-publica/files/2026-06/ELEPEM%20HABILITADOS%20JUNIO%202026.pdf"", ""https://www.gub.uy/ministerio-desarrollo-social/etiqueta/otros/montevideo-establecimientos-larga-estadia-para-personas-mayores-certificado-social"", ""https://www.gub.uy/ministerio-salud-publica/sites/ministerio-salud-publica/files/2024-03/ELEPEM%20CERTIFICADOS%207-3-2024.pdf""]"
ELP-0496,Laurita,Montevideo,,Enrique Martínez 1425,Enrique Martínez,1425,,,,,,Certificado de registro MSP (histórico),False,False,True,False,1,016/2018,2018,2018,2018,1,1,-34.8731373,-56.1881467,alta,calle y puerta exacta,100,Direcciones Geográficas del Uruguay (IDE),"[""https://www.gub.uy/ministerio-salud-publica/sites/ministerio-salud-publica/files/2024-03/ELEPEM%20CERTIFICADOS%207-3-2024.pdf""]"
ELP-0497,LE PARC,Montevideo,MONTEVIDEO,SOCA 1595,SOCA,1595,,,,,,Certificado de registro MSP (histórico),False,False,True,False,1,019/2022,2022,2022,2022,1,1,-34.8991555,-56.1578417,alta,calle y puerta exacta,100,Direcciones Geográficas del Uruguay (IDE),"[""https://www.gub.uy/ministerio-salud-publica/sites/ministerio-salud-publica/files/2024-03/ELEPEM%20CERTIFICADOS%207-3-2024.pdf""]"
ELP-0498,Le Refuge,Montevideo,Montevideo,Av. Agraciada 2405,Av. Agraciada,2405,,29243072,,,,Certificado Social MIDES,False,True,True,False,1,056/2021,2021,2021,2024-07-15,2,2,-34.8875776,-56.1899189,alta,calle y puerta exacta,100,Direcciones Geográficas del Uruguay (IDE),"[""https://www.gub.uy/ministerio-desarrollo-social/etiqueta/otros/montevideo-establecimientos-larga-estadia-para-personas-mayores-certificado-social"", ""https://www.gub.uy/ministerio-salud-publica/sites/ministerio-salud-publica/files/2024-03/ELEPEM%20CERTIFICADOS%207-3-2024.pdf""]"
ELP-0499,LE SOLEIL,Montevideo,MONTEVIDEO,P. DE MARIA 1584,P. DE MARIA,1584,,,,,,Certificado de registro MSP (histórico),False,False,True,False,1,041/2022,2022,2022,2022,1,1,-34.887922,-56.1850359,media,puerta más cercana en la misma calle,88,Direcciones Geográficas del Uruguay (IDE),"[""https://www.gub.uy/ministerio-salud-publica/sites/ministerio-salud-publica/files/2024-03/ELEPEM%20CERTIFICADOS%207-3-2024.pdf""]"
ELP-0500,Lura Pingaro,Montevideo,Montevideo,Ignacio Nuñez 2346,Ignacio Nuñez,2346,19,24832754,l.pingaro@hotmail.com,,,Habilitación final MSP,True,True,True,False,2,"095/2021, 098/2021",2021,2021,2026-06-30,4,3,-34.8826621,-56.1462804,alta,calle y puerta exacta,100,Direcciones Geográficas del Uruguay (IDE),"[""https://www.gub.uy/ministerio-salud-publica/sites/ministerio-salud-publica/files/2026-06/ELEPEM%20HABILITADOS%20JUNIO%202026.pdf"", ""https://www.gub.uy/ministerio-desarrollo-social/etiqueta/otros/montevideo-establecimientos-larga-estadia-para-personas-mayores-certificado-social"", ""https://www.gub.uy/ministerio-salud-publica/sites/ministerio-salud-publica/files/2024-03/ELEPEM%20CERTIFICADOS%207-3-2024.pdf""]"
ELP-0501,Les Jardins,Montevideo,Montevideo,Avda. Italia 5910,Avda. Italia,5910,18,26058818 / 096414185,residencial@lesjardins.com donamaria1@gmail.com -,,,Habilitación final MSP,True,True,True,False,1,093/2019,2019,2019,2026-06-30,3,3,-34.8818736,-56.079278,alta,calle y puerta exacta,100,Direcciones Geográficas del Uruguay (IDE),"[""https://www.gub.uy/ministerio-salud-publica/sites/ministerio-salud-publica/files/2026-06/ELEPEM%20HABILITADOS%20JUNIO%202026.pdf"", ""https://www.gub.uy/ministerio-desarrollo-social/etiqueta/otros/montevideo-establecimientos-larga-estadia-para-personas-mayores-certificado-social"", ""https://www.gub.uy/ministerio-salud-publica/sites/ministerio-salud-publica/files/2024-03/ELEPEM%20CERTIFICADOS%207-3-2024.pdf""]"
ELP-0502,Les Sens,Montevideo,Montevideo,Av. Italia 6509,Av. Italia,6509,,93573260 / 26017957,,,,Certificado Social MIDES,False,True,False,False,0,,,,2024-07-15,1,1,-34.8777987,-56.0674542,alta,calle y puerta exacta,100,Direcciones Geográficas del Uruguay (IDE),"[""https://www.gub.uy/ministerio-desarrollo-social/etiqueta/otros/montevideo-establecimientos-larga-estadia-para-personas-mayores-certificado-social""]"
ELP-0503,Licorne,Montevideo,Montevideo,Libertad 2791,Libertad,2791,12,,ampezzosrl@gmail.com,,,Habilitación final MSP,True,False,True,False,1,118/2018,2018,2018,2026-06-30,2,2,-34.9081076,-56.1533255,alta,calle y puerta exacta,100,Direcciones Geográficas del Uruguay (IDE),"[""https://www.gub.uy/ministerio-salud-publica/sites/ministerio-salud-publica/files/2026-06/ELEPEM%20HABILITADOS%20JUNIO%202026.pdf"", ""https://www.gub.uy/ministerio-salud-publica/sites/ministerio-salud-publica/files/2024-03/ELEPEM%20CERTIFICADOS%207-3-2024.pdf""]"
ELP-0504,Lizsheyle,Montevideo,Montevideo,Santana 1729,Santana,1729,,26132795,,,,Certificado Social MIDES,False,True,True,False,1,051/2022,2022,2022,2024-07-15,2,2,-34.8879287,-56.1168846,alta,calle y puerta exacta,100,Direcciones Geográficas del Uruguay (IDE),"[""https://www.gub.uy/ministerio-desarrollo-social/etiqueta/otros/montevideo-establecimientos-larga-estadia-para-personas-mayores-certificado-social"", ""https://www.gub.uy/ministerio-salud-publica/sites/ministerio-salud-publica/files/2024-03/ELEPEM%20CERTIFICADOS%207-3-2024.pdf""]"
ELP-0505,Lo de Antonio,Montevideo,,Siete cerros 8049,Siete cerros,8049,,,,,,Certificado de registro MSP (histórico),False,False,True,False,1,024/2019,2019,2019,2019,1,1,-34.8037159,-56.0762083,alta,calle y puerta exacta,100,Direcciones Geográficas del Uruguay (IDE),"[""https://www.gub.uy/ministerio-salud-publica/sites/ministerio-salud-publica/files/2024-03/ELEPEM%20CERTIFICADOS%207-3-2024.pdf""]"
ELP-0506,London House Residencia,Montevideo,Montevideo,Rambla Tomás Berreta 6885,Rambla Tomás Berreta,6885,24,26060748,lozanojuan@gmail.com,,,Habilitación final MSP,True,True,True,False,1,169/2019,2019,2019,2026-06-30,3,3,-34.8868723,-56.045869,alta,calle y puerta exacta,100,Direcciones Geográficas del Uruguay (IDE),"[""https://www.gub.uy/ministerio-salud-publica/sites/ministerio-salud-publica/files/2026-06/ELEPEM%20HABILITADOS%20JUNIO%202026.pdf"", ""https://www.gub.uy/ministerio-desarrollo-social/etiqueta/otros/montevideo-establecimientos-larga-estadia-para-personas-mayores-certificado-social"", ""https://www.gub.uy/ministerio-salud-publica/sites/ministerio-salud-publica/files/2024-03/ELEPEM%20CERTIFICADOS%207-3-2024.pdf""]"
ELP-0507,Los Alpes,Montevideo,Montevideo,Fernandez Crespo 1776,Fernandez Crespo,1776,28,24000596,info@losalpes.com.uy,,,Habilitación final MSP,True,True,True,False,1,056/2020,2020,2020,2026-06-30,3,3,-34.8981293,-56.1783299,alta,calle y puerta exacta,100,Direcciones Geográficas del Uruguay (IDE),"[""https://www.gub.uy/ministerio-salud-publica/sites/ministerio-salud-publica/files/2026-06/ELEPEM%20HABILITADOS%20JUNIO%202026.pdf"", ""https://www.gub.uy/ministerio-desarrollo-social/etiqueta/otros/montevideo-establecimientos-larga-estadia-para-personas-mayores-certificado-social"", ""https://www.gub.uy/ministerio-salud-publica/sites/ministerio-salud-publica/files/2024-03/ELEPEM%20CERTIFICADOS%207-3-2024.pdf""]"
ELP-0508,LOS ÁNGELES,Montevideo,Montevideo,Antonio Luis Pereira 5640 y Agazzi,Antonio Luis Pereira,5640,,,,GARCÍA ROMERO LOURDES PAULA,21 727251 0014,Proveedor PACP,False,False,True,True,1,102/2018,2018,2018,2023-08-11,2,2,-34.8707327,-56.0971657,alta,calle y puerta exacta,93,Direcciones Geográficas del Uruguay (IDE),"[""https://www.gub.uy/sistema-cuidados/comunicacion/comunicados/programa-apoyo-cuidado-permanente-pacp"", ""https://www.gub.uy/ministerio-salud-publica/sites/ministerio-salud-publica/files/2024-03/ELEPEM%20CERTIFICADOS%207-3-2024.pdf""]"
ELP-0509,LOS MILAGROS DE MARIA ANGELICA,Montevideo,MONTEVIDEO,ALSACIA 3741,ALSACIA,3741,,,,,,Certificado de registro MSP (histórico),False,False,True,False,1,021/2022,2022,2022,2022,1,1,-34.8363901,-56.1290675,alta,calle y puerta exacta,100,Direcciones Geográficas del Uruguay (IDE),"[""https://www.gub.uy/ministerio-salud-publica/sites/ministerio-salud-publica/files/2024-03/ELEPEM%20CERTIFICADOS%207-3-2024.pdf""]"
ELP-0510,Los Nonos,Montevideo,Montevideo,Francisco Canaro 2290,Francisco Canaro,2290,14,24086831,menzalli@gmail.com,,,Habilitación final MSP,True,True,True,False,1,030/2019,2019,2019,2026-06-30,3,3,-34.8989862,-56.1649141,alta,calle y puerta exacta,100,Direcciones Geográficas del Uruguay (IDE),"[""https://www.gub.uy/ministerio-salud-publica/sites/ministerio-salud-publica/files/2026-06/ELEPEM%20HABILITADOS%20JUNIO%202026.pdf"", ""https://www.gub.uy/ministerio-desarrollo-social/etiqueta/otros/montevideo-establecimientos-larga-estadia-para-personas-mayores-certificado-social"", ""https://www.gub.uy/ministerio-salud-publica/sites/ministerio-salud-publica/files/2024-03/ELEPEM%20CERTIFICADOS%207-3-2024.pdf""]"
ELP-0511,Los Robles,Montevideo,Montevideo,Quicuyo 974,Quicuyo,974,32,23596544,aperciante@adinet.com.uy,PERCIANTE CASTELLS ADHEMAR,21 767237 0015,Habilitación final MSP,True,True,True,True,1,157/2019,2019,2019,2026-06-30,4,4,-34.8326214,-56.2192924,media,puerta más cercana en la misma calle,89,Direcciones Geográficas del Uruguay (IDE),"[""https://www.gub.uy/ministerio-salud-publica/sites/ministerio-salud-publica/files/2026-06/ELEPEM%20HABILITADOS%20JUNIO%202026.pdf"", ""https://www.gub.uy/ministerio-desarrollo-social/etiqueta/otros/montevideo-establecimientos-larga-estadia-para-personas-mayores-certificado-social"", ""https://www.gub.uy/sistema-cuidados/comunicacion/comunicados/programa-apoyo-cuidado-permanente-pacp"", ""https://www.gub.uy/ministerio-salud-publica/sites/ministerio-salud-publica/files/2024-03/ELEPEM%20CERTIFICADOS%207-3-2024.pdf""]"
ELP-0512,Los Rosales,Montevideo,Montevideo,Carreras Nacionales 3414,Carreras Nacionales,3414,10,25119412,sanitariabandera@gmail.com,,,Habilitación final MSP,True,True,True,False,1,174/2019,2019,2019,2026-06-30,3,3,-34.8506096,-56.1436605,alta,calle y puerta exacta,100,Direcciones Geográficas del Uruguay (IDE),"[""https://www.gub.uy/ministerio-salud-publica/sites/ministerio-salud-publica/files/2026-06/ELEPEM%20HABILITADOS%20JUNIO%202026.pdf"", ""https://www.gub.uy/ministerio-desarrollo-social/etiqueta/otros/montevideo-establecimientos-larga-estadia-para-personas-mayores-certificado-social"", ""https://www.gub.uy/ministerio-salud-publica/sites/ministerio-salud-publica/files/2024-03/ELEPEM%20CERTIFICADOS%207-3-2024.pdf""]"
ELP-0513,Los Viñedos,Montevideo,Montevideo,Av. Don Pedro de Mendoza 8626,Av. Don Pedro de Mendoza,8626,,,,,,Certificado de registro MSP (histórico),False,False,True,False,1,011/2024,2024,2024,2024,1,1,-34.8009839,-56.1755764,media-baja,centroide de calle,70,Direcciones Geográficas del Uruguay (IDE),"[""https://www.gub.uy/ministerio-salud-publica/sites/ministerio-salud-publica/files/2024-03/ELEPEM%20CERTIFICADOS%207-3-2024.pdf""]"
ELP-0514,Madre Paulina,Montevideo,Montevideo,Cno. Castro 435,Cno. Castro,435,,23089183 / 098468971,,,,Certificado Social MIDES,False,True,True,False,1,115/2022,2022,2022,2024-07-15,3,2,-34.8533885,-56.2088589,alta,calle y puerta exacta,100,Direcciones Geográficas del Uruguay (IDE),"[""https://www.gub.uy/ministerio-desarrollo-social/etiqueta/otros/montevideo-establecimientos-larga-estadia-para-personas-mayores-certificado-social"", ""https://www.gub.uy/ministerio-salud-publica/sites/ministerio-salud-publica/files/2024-03/ELEPEM%20CERTIFICADOS%207-3-2024.pdf""]"
ELP-0515,Manas Home,Montevideo,,Millington Drake 1993,Millington Drake,1993,,,,,,Certificado de registro MSP (histórico),False,False,True,False,1,006/2018,2018,2018,2018,1,1,-34.8801949,-56.0589104,alta,calle y puerta exacta,100,Direcciones Geográficas del Uruguay (IDE),"[""https://www.gub.uy/ministerio-salud-publica/sites/ministerio-salud-publica/files/2024-03/ELEPEM%20CERTIFICADOS%207-3-2024.pdf""]"
ELP-0516,MARIA,Montevideo,MONTEVIDEO,CALDERON DE LA BARCA 1867 esq 19 de junio,CALDERON DE LA BARCA,1867,,,,,,Certificado de registro MSP (histórico),False,False,True,False,1,118/2022,2022,2022,2022,1,1,-34.8065775,-56.2283423,alta,calle y puerta exacta,100,Direcciones Geográficas del Uruguay (IDE),"[""https://www.gub.uy/ministerio-salud-publica/sites/ministerio-salud-publica/files/2024-03/ELEPEM%20CERTIFICADOS%207-3-2024.pdf""]"
ELP-0517,María Belën,Montevideo,Montevideo,Rodó 1874,Rodó,1874,22,24022173 / 24021874,residencialmariabelen@gmail.com,,,Habilitación final MSP,True,True,True,False,2,"078/2018, 126/2020",2018,2020,2026-06-30,4,3,-34.9040993,-56.1757093,alta,calle y puerta exacta,100,Direcciones Geográficas del Uruguay (IDE),"[""https://www.gub.uy/ministerio-salud-publica/sites/ministerio-salud-publica/files/2026-06/ELEPEM%20HABILITADOS%20JUNIO%202026.pdf"", ""https://www.gub.uy/ministerio-desarrollo-social/etiqueta/otros/montevideo-establecimientos-larga-estadia-para-personas-mayores-certificado-social"", ""https://www.gub.uy/ministerio-salud-publica/sites/ministerio-salud-publica/files/2024-03/ELEPEM%20CERTIFICADOS%207-3-2024.pdf""]"
ELP-0518,María de los Angeles,Montevideo,Montevideo,Bulevar Batlle y Ordóñez 3019,Bulevar Batlle y Ordóñez,3019,20,24814054,diegogiambruno@hotmail.com gabriela.rodriguez@redbienestar.net -,,,Habilitación final MSP,True,False,True,False,1,030/2018,2018,2018,2026-06-30,2,2,-34.8771417,-56.1509677,alta,calle y puerta exacta,100,Direcciones Geográficas del Uruguay (IDE),"[""https://www.gub.uy/ministerio-salud-publica/sites/ministerio-salud-publica/files/2026-06/ELEPEM%20HABILITADOS%20JUNIO%202026.pdf"", ""https://www.gub.uy/ministerio-salud-publica/sites/ministerio-salud-publica/files/2024-03/ELEPEM%20CERTIFICADOS%207-3-2024.pdf""]"
ELP-0519,María Mercedes,Montevideo,Montevideo,Carlos Maria de Pena 4240,Carlos Maria de Pena,4240,29,23097141 / 23088151,karina1928@hotmail.com,,,Habilitación final MSP,True,True,False,False,0,,,,2026-06-30,2,2,-34.8536184,-56.2076264,alta,calle y puerta exacta,100,Direcciones Geográficas del Uruguay (IDE),"[""https://www.gub.uy/ministerio-salud-publica/sites/ministerio-salud-publica/files/2026-06/ELEPEM%20HABILITADOS%20JUNIO%202026.pdf"", ""https://www.gub.uy/ministerio-desarrollo-social/etiqueta/otros/montevideo-establecimientos-larga-estadia-para-personas-mayores-certificado-social""]"
ELP-0520,María Violeta,Montevideo,Montevideo,Burgues 2907 esquina E. Martinez,Burgues,2907,17,22099801 / 098072907,residencialmariavioleta@gmail.com,,,Habilitación final MSP,True,True,True,False,1,057/2022,2022,2022,2026-06-30,3,3,-34.8728608,-56.185842,alta,calle y puerta exacta,100,Direcciones Geográficas del Uruguay (IDE),"[""https://www.gub.uy/ministerio-salud-publica/sites/ministerio-salud-publica/files/2026-06/ELEPEM%20HABILITADOS%20JUNIO%202026.pdf"", ""https://www.gub.uy/ministerio-desarrollo-social/etiqueta/otros/montevideo-establecimientos-larga-estadia-para-personas-mayores-certificado-social"", ""https://www.gub.uy/ministerio-salud-publica/sites/ministerio-salud-publica/files/2024-03/ELEPEM%20CERTIFICADOS%207-3-2024.pdf""]"
ELP-0521,MARIA Y JOSÉ,Montevideo,MONTEVIDEO,BVAR ARTIGAS 4043,BVAR ARTIGAS,4043,,,,,,Certificado de registro MSP (histórico),False,False,True,False,1,149/2022,2022,2022,2022,1,1,-34.8557531,-56.1830294,baja,centroide de localidad,35,Direcciones Geográficas del Uruguay (IDE),"[""https://www.gub.uy/ministerio-salud-publica/sites/ministerio-salud-publica/files/2024-03/ELEPEM%20CERTIFICADOS%207-3-2024.pdf""]"
ELP-0522,Residencial Mariana,Montevideo,Montevideo,Gaboto 1323,Gaboto,1323,19,24010884,anamarrero4110@hotmail.com,MARRERO DEONOLLO ANA MARÍA,21 263767 0015,Habilitación final MSP,True,True,True,True,1,008/2020,2020,2020,2026-06-30,4,4,-34.9051678,-56.1773876,alta,calle y puerta exacta,100,Direcciones Geográficas del Uruguay (IDE),"[""https://www.gub.uy/ministerio-salud-publica/sites/ministerio-salud-publica/files/2026-06/ELEPEM%20HABILITADOS%20JUNIO%202026.pdf"", ""https://www.gub.uy/ministerio-desarrollo-social/etiqueta/otros/montevideo-establecimientos-larga-estadia-para-personas-mayores-certificado-social"", ""https://www.gub.uy/sistema-cuidados/comunicacion/comunicados/programa-apoyo-cuidado-permanente-pacp"", ""https://www.gub.uy/ministerio-salud-publica/sites/ministerio-salud-publica/files/2024-03/ELEPEM%20CERTIFICADOS%207-3-2024.pdf""]"
ELP-0523,MEDITERRÀNEO,Montevideo,MONTEVIDEO,LEONEL AGUIRRE 6515,LEONEL AGUIRRE,6515,,,,,,Certificado de registro MSP (histórico),False,False,True,False,1,047/2022,2022,2022,2022,1,1,-34.8831716,-56.0610634,alta,calle y puerta exacta,100,Direcciones Geográficas del Uruguay (IDE),"[""https://www.gub.uy/ministerio-salud-publica/sites/ministerio-salud-publica/files/2024-03/ELEPEM%20CERTIFICADOS%207-3-2024.pdf""]"
ELP-0524,Mediterráneo Salud,Montevideo,,Bulevar Artigas 3557,Bulevar Artigas,3557,,,,,,Certificado de registro MSP (histórico),False,False,True,False,2,"050/2018, 001/2019",2018,2019,2019,2,1,-34.8708816,-56.1802038,alta,calle y puerta exacta,100,Direcciones Geográficas del Uruguay (IDE),"[""https://www.gub.uy/ministerio-salud-publica/sites/ministerio-salud-publica/files/2024-03/ELEPEM%20CERTIFICADOS%207-3-2024.pdf""]"
ELP-0525,Melina House,Montevideo,Montevideo,Canovas del Castillo 4790,Canovas del Castillo,4790,9,25224790,crisgime50@gmail.com hogarsaintremy@gmail.com -,,,Habilitación final MSP,True,True,True,False,1,045/2020,2020,2020,2026-06-30,3,3,-34.8662399,-56.1193729,alta,calle y puerta exacta,100,Direcciones Geográficas del Uruguay (IDE),"[""https://www.gub.uy/ministerio-salud-publica/sites/ministerio-salud-publica/files/2026-06/ELEPEM%20HABILITADOS%20JUNIO%202026.pdf"", ""https://www.gub.uy/ministerio-desarrollo-social/etiqueta/otros/montevideo-establecimientos-larga-estadia-para-personas-mayores-certificado-social"", ""https://www.gub.uy/ministerio-salud-publica/sites/ministerio-salud-publica/files/2024-03/ELEPEM%20CERTIFICADOS%207-3-2024.pdf""]"
ELP-0526,MEMORY HOUSE,Montevideo,MONTEVIDEO,8 DE OCTUBRE 2563,,8 DE OCTUBRE 2563,,,,,,Certificado de registro MSP (histórico),False,False,True,False,1,020/2022,2022,2022,2022,1,1,-34.8530932,-56.182422,baja,centroide de localidad,35,Direcciones Geográficas del Uruguay (IDE),"[""https://www.gub.uy/ministerio-salud-publica/sites/ministerio-salud-publica/files/2024-03/ELEPEM%20CERTIFICADOS%207-3-2024.pdf""]"
ELP-0527,Mi Casa,Montevideo,Montevideo,Ramón Márquez 3069,Ramón Márquez,3069,24,22002757,gonzylos25@gmail.com,,,Habilitación final MSP,True,True,True,False,1,014/2022,2022,2022,2026-06-30,3,3,-34.8695806,-56.1852354,alta,calle y puerta exacta,100,Direcciones Geográficas del Uruguay (IDE),"[""https://www.gub.uy/ministerio-salud-publica/sites/ministerio-salud-publica/files/2026-06/ELEPEM%20HABILITADOS%20JUNIO%202026.pdf"", ""https://www.gub.uy/ministerio-desarrollo-social/etiqueta/otros/montevideo-establecimientos-larga-estadia-para-personas-mayores-certificado-social"", ""https://www.gub.uy/ministerio-salud-publica/sites/ministerio-salud-publica/files/2024-03/ELEPEM%20CERTIFICADOS%207-3-2024.pdf""]"
ELP-0528,Mi Encanto,Montevideo,Montevideo,Cno. Manuel Fortet 1904,Cno. Manuel Fortet,1904,,23201524,,,,Certificado Social MIDES,False,True,True,False,1,090/2022,2022,2022,2024-07-15,2,2,-34.8125658,-56.2100879,alta,calle y puerta exacta,100,Direcciones Geográficas del Uruguay (IDE),"[""https://www.gub.uy/ministerio-desarrollo-social/etiqueta/otros/montevideo-establecimientos-larga-estadia-para-personas-mayores-certificado-social"", ""https://www.gub.uy/ministerio-salud-publica/sites/ministerio-salud-publica/files/2024-03/ELEPEM%20CERTIFICADOS%207-3-2024.pdf""]"
ELP-0529,Mi Jazmín,Montevideo,Montevideo,Italia 4444,Italia,4444,28,26131106,agvalentini@hotmail.com,,,Habilitación final MSP,True,True,True,False,1,023/2021,2021,2021,2026-06-30,3,3,-34.8875305,-56.1133229,alta,calle y puerta exacta,100,Direcciones Geográficas del Uruguay (IDE),"[""https://www.gub.uy/ministerio-salud-publica/sites/ministerio-salud-publica/files/2026-06/ELEPEM%20HABILITADOS%20JUNIO%202026.pdf"", ""https://www.gub.uy/ministerio-desarrollo-social/etiqueta/otros/montevideo-establecimientos-larga-estadia-para-personas-mayores-certificado-social"", ""https://www.gub.uy/ministerio-salud-publica/sites/ministerio-salud-publica/files/2024-03/ELEPEM%20CERTIFICADOS%207-3-2024.pdf""]"
ELP-0530,MI LUGAR,Montevideo,MONTEVIDEO,ANTONIO MARQUEZ 5224,ANTONIO MARQUEZ,5224,,,,,,Certificado de registro MSP (histórico),False,False,True,False,1,058/2022,2022,2022,2022,1,1,-34.8694435,-56.1723496,media-baja,centroide de calle,70,Direcciones Geográficas del Uruguay (IDE),"[""https://www.gub.uy/ministerio-salud-publica/sites/ministerio-salud-publica/files/2024-03/ELEPEM%20CERTIFICADOS%207-3-2024.pdf""]"
ELP-0531,Mi Rinconcito,Montevideo,Montevideo,José B. Freire 88,José B. Freire,88,16,,,,,Habilitación final MSP,True,False,True,False,1,116/2020,2020,2020,2026-06-30,2,2,-34.8552077,-56.2197555,alta,calle y puerta exacta,100,Direcciones Geográficas del Uruguay (IDE),"[""https://www.gub.uy/ministerio-salud-publica/sites/ministerio-salud-publica/files/2026-06/ELEPEM%20HABILITADOS%20JUNIO%202026.pdf"", ""https://www.gub.uy/ministerio-salud-publica/sites/ministerio-salud-publica/files/2024-03/ELEPEM%20CERTIFICADOS%207-3-2024.pdf""]"
ELP-0532,Mi Sueño,Montevideo,Montevideo,Mariano Uriarte 6192,Mariano Uriarte,6192,14,099561446 / 26038590,omanarues1@hotmail.com,,,Habilitación final MSP,True,True,True,False,1,130/2020,2020,2020,2026-06-30,4,3,-34.8862628,-56.0727054,alta,calle y puerta exacta,100,Direcciones Geográficas del Uruguay (IDE),"[""https://www.gub.uy/ministerio-salud-publica/sites/ministerio-salud-publica/files/2026-06/ELEPEM%20HABILITADOS%20JUNIO%202026.pdf"", ""https://www.gub.uy/ministerio-desarrollo-social/etiqueta/otros/montevideo-establecimientos-larga-estadia-para-personas-mayores-certificado-social"", ""https://www.gub.uy/ministerio-salud-publica/sites/ministerio-salud-publica/files/2024-03/ELEPEM%20CERTIFICADOS%207-3-2024.pdf""]"
ELP-0533,Miguel Ángel,Montevideo,Montevideo,Batlle y Ordóñez 5781,Batlle y Ordóñez,5781,28,23587957,fabianapaola03@gmail.com,,,Habilitación final MSP,True,True,True,False,1,079/2018,2018,2018,2026-06-30,3,3,-34.8362453,-56.2055741,alta,calle y puerta exacta,100,Direcciones Geográficas del Uruguay (IDE),"[""https://www.gub.uy/ministerio-salud-publica/sites/ministerio-salud-publica/files/2026-06/ELEPEM%20HABILITADOS%20JUNIO%202026.pdf"", ""https://www.gub.uy/ministerio-desarrollo-social/etiqueta/otros/montevideo-establecimientos-larga-estadia-para-personas-mayores-certificado-social"", ""https://www.gub.uy/ministerio-salud-publica/sites/ministerio-salud-publica/files/2024-03/ELEPEM%20CERTIFICADOS%207-3-2024.pdf""]"
ELP-0534,MIS ABUELOS,Montevideo,MONTEVIDEO,AVELLANEDA 4624,AVELLANEDA,4624,,,,,,Certificado de registro MSP (histórico),False,False,True,False,1,140/2022,2022,2022,2022,1,1,-34.8588158,-56.136415,alta,calle y puerta exacta,100,Direcciones Geográficas del Uruguay (IDE),"[""https://www.gub.uy/ministerio-salud-publica/sites/ministerio-salud-publica/files/2024-03/ELEPEM%20CERTIFICADOS%207-3-2024.pdf""]"
ELP-0535,MIS ABUELOS,Montevideo,MONTEVIDEO,COMERCIO 2397,COMERCIO,2397,,,,,,Certificado de registro MSP (histórico),False,False,True,False,1,053/2022,2022,2022,2022,1,1,-34.8783112,-56.1406973,alta,calle y puerta exacta,100,Direcciones Geográficas del Uruguay (IDE),"[""https://www.gub.uy/ministerio-salud-publica/sites/ministerio-salud-publica/files/2024-03/ELEPEM%20CERTIFICADOS%207-3-2024.pdf""]"
ELP-0536,Mis Nietos,Montevideo,Montevideo,Bulevar Artigas 4251,Bulevar Artigas,4251,30,22086959,pelutictac@hotmail.com,REDEANC S.R.L.,21 507824 0019,Habilitación final MSP,True,True,True,True,2,"060/2018, 028/2019",2018,2019,2026-06-30,5,4,-34.872112,-56.1977881,alta,calle y puerta exacta,100,Direcciones Geográficas del Uruguay (IDE),"[""https://www.gub.uy/ministerio-salud-publica/sites/ministerio-salud-publica/files/2026-06/ELEPEM%20HABILITADOS%20JUNIO%202026.pdf"", ""https://www.gub.uy/ministerio-desarrollo-social/etiqueta/otros/montevideo-establecimientos-larga-estadia-para-personas-mayores-certificado-social"", ""https://www.gub.uy/sistema-cuidados/comunicacion/comunicados/programa-apoyo-cuidado-permanente-pacp"", ""https://www.gub.uy/ministerio-salud-publica/sites/ministerio-salud-publica/files/2024-03/ELEPEM%20CERTIFICADOS%207-3-2024.pdf""]"
ELP-0537,Mon Etoile,Montevideo,Montevideo,San Martín 3437,San Martín,3437,20,22060019,monetoileresidencial@hotmail.com,,,Habilitación final MSP,True,True,True,False,1,115/2019,2019,2019,2026-06-30,3,3,-34.861856,-56.1785723,alta,calle y puerta exacta,100,Direcciones Geográficas del Uruguay (IDE),"[""https://www.gub.uy/ministerio-salud-publica/sites/ministerio-salud-publica/files/2026-06/ELEPEM%20HABILITADOS%20JUNIO%202026.pdf"", ""https://www.gub.uy/ministerio-desarrollo-social/etiqueta/otros/montevideo-establecimientos-larga-estadia-para-personas-mayores-certificado-social"", ""https://www.gub.uy/ministerio-salud-publica/sites/ministerio-salud-publica/files/2024-03/ELEPEM%20CERTIFICADOS%207-3-2024.pdf""]"
ELP-0538,Ñandubay,Montevideo,,Américo Vespucio 1419,Américo Vespucio,1419,,,,,,Certificado de registro MSP (histórico),False,False,True,False,1,031/2018,2018,2018,2018,1,1,-34.8685346,-56.191089,alta,calle y puerta exacta,100,Direcciones Geográficas del Uruguay (IDE),"[""https://www.gub.uy/ministerio-salud-publica/sites/ministerio-salud-publica/files/2024-03/ELEPEM%20CERTIFICADOS%207-3-2024.pdf""]"
ELP-0539,NAPOLES,Montevideo,MONTEVIDEO,Av. Italia 6363,Av. Italia,6363,,,,,,Certificado de registro MSP (histórico),False,False,True,False,1,028/2023,2023,2023,2023,1,1,-34.8788842,-56.0724637,alta,calle y puerta exacta,100,Direcciones Geográficas del Uruguay (IDE),"[""https://www.gub.uy/ministerio-salud-publica/sites/ministerio-salud-publica/files/2024-03/ELEPEM%20CERTIFICADOS%207-3-2024.pdf""]"
ELP-0540,Nazareth,Montevideo,Montevideo,Maldonado 1474,Maldonado,1474,,,,,,Certificado de registro MSP (histórico),False,False,True,False,2,"004/2017, 006/2024",2017,2024,2024,2,1,-34.909168,-56.1835587,alta,calle y puerta exacta,100,Direcciones Geográficas del Uruguay (IDE),"[""https://www.gub.uy/ministerio-salud-publica/sites/ministerio-salud-publica/files/2024-03/ELEPEM%20CERTIFICADOS%207-3-2024.pdf""]"
ELP-0541,New Home,Montevideo,,Gerardo Grasso 2620 - Mdeo,Gerardo Grasso,2620 - Mdeo,,,,,,Certificado de registro MSP (histórico),False,False,True,False,1,075/2018,2018,2018,2018,1,1,-34.8914953,-56.1601643,alta,calle y puerta exacta,100,Direcciones Geográficas del Uruguay (IDE),"[""https://www.gub.uy/ministerio-salud-publica/sites/ministerio-salud-publica/files/2024-03/ELEPEM%20CERTIFICADOS%207-3-2024.pdf""]"
ELP-0542,NEW HOME,Montevideo,MONTEVIDEO,SURRACO 2461,SURRACO,2461,,,,,,Certificado de registro MSP (histórico),False,False,True,False,1,040/2022,2022,2022,2022,1,1,-34.8845918,-56.1639566,alta,calle y puerta exacta,100,Direcciones Geográficas del Uruguay (IDE),"[""https://www.gub.uy/ministerio-salud-publica/sites/ministerio-salud-publica/files/2024-03/ELEPEM%20CERTIFICADOS%207-3-2024.pdf""]"
ELP-0543,Nonna Elsa,Montevideo,Montevideo,Av. Agraciada 3080,Av. Agraciada,3080,,22097936,,,,Certificado Social MIDES,False,True,True,False,1,054/2021,2021,2021,2024-07-15,2,2,-34.8746669,-56.2001776,alta,calle y puerta exacta,100,Direcciones Geográficas del Uruguay (IDE),"[""https://www.gub.uy/ministerio-desarrollo-social/etiqueta/otros/montevideo-establecimientos-larga-estadia-para-personas-mayores-certificado-social"", ""https://www.gub.uy/ministerio-salud-publica/sites/ministerio-salud-publica/files/2024-03/ELEPEM%20CERTIFICADOS%207-3-2024.pdf""]"
ELP-0544,Nuestras Raíces,Montevideo,Montevideo,Santiago de Anca 1369,Santiago de Anca,1369,40,26140715,hogarnuestrasraices@gmail.com,,,Habilitación final MSP,True,True,True,False,1,069/2019,2019,2019,2026-06-30,3,3,-34.8954613,-56.1104693,alta,calle y puerta exacta,100,Direcciones Geográficas del Uruguay (IDE),"[""https://www.gub.uy/ministerio-salud-publica/sites/ministerio-salud-publica/files/2026-06/ELEPEM%20HABILITADOS%20JUNIO%202026.pdf"", ""https://www.gub.uy/ministerio-desarrollo-social/etiqueta/otros/montevideo-establecimientos-larga-estadia-para-personas-mayores-certificado-social"", ""https://www.gub.uy/ministerio-salud-publica/sites/ministerio-salud-publica/files/2024-03/ELEPEM%20CERTIFICADOS%207-3-2024.pdf""]"
ELP-0545,Nuestro Hogar,Montevideo,Montevideo,Bv. Artigas 1148,Bv. Artigas,1148,,27097647,,NUESTRO HOGAR S.R.L.,21 605209 0018,Certificado Social MIDES,False,True,True,True,1,200/2019,2019,2019,2024-07-15,3,3,-34.907825,-56.1633223,alta,calle y puerta exacta,100,Direcciones Geográficas del Uruguay (IDE),"[""https://www.gub.uy/ministerio-desarrollo-social/etiqueta/otros/montevideo-establecimientos-larga-estadia-para-personas-mayores-certificado-social"", ""https://www.gub.uy/sistema-cuidados/comunicacion/comunicados/programa-apoyo-cuidado-permanente-pacp"", ""https://www.gub.uy/ministerio-salud-publica/sites/ministerio-salud-publica/files/2024-03/ELEPEM%20CERTIFICADOS%207-3-2024.pdf""]"
ELP-0546,Nuestro Hogar,Montevideo,Montevideo,Martin .C.Martínez 1832,Martin .C.Martínez,1832,18,24095976,jaeolivera@hotmail.com,,,Habilitación final MSP,True,True,True,False,1,153/2019,2019,2019,2026-06-30,3,3,-34.8955888,-56.172714,alta,calle y puerta exacta,100,Direcciones Geográficas del Uruguay (IDE),"[""https://www.gub.uy/ministerio-salud-publica/sites/ministerio-salud-publica/files/2026-06/ELEPEM%20HABILITADOS%20JUNIO%202026.pdf"", ""https://www.gub.uy/ministerio-desarrollo-social/etiqueta/otros/montevideo-establecimientos-larga-estadia-para-personas-mayores-certificado-social"", ""https://www.gub.uy/ministerio-salud-publica/sites/ministerio-salud-publica/files/2024-03/ELEPEM%20CERTIFICADOS%207-3-2024.pdf""]"
ELP-0547,NUEVA VIDA,Montevideo,MONTEVIDEO,Salterain 1328,Salterain,1328,,,,,,Certificado de registro MSP (histórico),False,False,True,False,3,"008/2018, 073/2018, 003/2023",2018,2023,2023,3,1,-34.9044673,-56.1699104,alta,calle y puerta exacta,100,Direcciones Geográficas del Uruguay (IDE),"[""https://www.gub.uy/ministerio-salud-publica/sites/ministerio-salud-publica/files/2024-03/ELEPEM%20CERTIFICADOS%207-3-2024.pdf""]"
ELP-0548,Nuevo Amanecer,Montevideo,Montevideo,Gurmendez 2360 entre Goes y Miguelete,Gurmendez,2360,25,25056297,ulisescapo@adinet.com.uy administracion@lamaison.com.uy –,,,Habilitación final MSP,True,True,True,False,1,082/2020,2020,2020,2026-06-30,3,3,-34.8704059,-56.1255463,alta,calle y puerta exacta,100,Direcciones Geográficas del Uruguay (IDE),"[""https://www.gub.uy/ministerio-salud-publica/sites/ministerio-salud-publica/files/2026-06/ELEPEM%20HABILITADOS%20JUNIO%202026.pdf"", ""https://www.gub.uy/ministerio-desarrollo-social/etiqueta/otros/montevideo-establecimientos-larga-estadia-para-personas-mayores-certificado-social"", ""https://www.gub.uy/ministerio-salud-publica/sites/ministerio-salud-publica/files/2024-03/ELEPEM%20CERTIFICADOS%207-3-2024.pdf""]"
ELP-0549,Nuevo Rimac,Montevideo,Montevideo,Jackson 1025,Jackson,1025,,24182921 / 092250555,,,,Certificado Social MIDES,False,True,True,False,2,"038/2019, 181/2019",2019,2019,2024-07-15,3,2,-34.9105588,-56.1729189,alta,calle y puerta exacta,100,Direcciones Geográficas del Uruguay (IDE),"[""https://www.gub.uy/ministerio-desarrollo-social/etiqueta/otros/montevideo-establecimientos-larga-estadia-para-personas-mayores-certificado-social"", ""https://www.gub.uy/ministerio-salud-publica/sites/ministerio-salud-publica/files/2024-03/ELEPEM%20CERTIFICADOS%207-3-2024.pdf""]"
ELP-0550,NUEVOS COMIENZOS,Montevideo,MONTEVIDEO,BENITO ALVAREZ 610,BENITO ALVAREZ,610,,,,,,Certificado de registro MSP (histórico),False,False,True,False,1,147/2022,2022,2022,2022,1,1,-34.8454241,-56.2142482,alta,calle y puerta exacta,100,Direcciones Geográficas del Uruguay (IDE),"[""https://www.gub.uy/ministerio-salud-publica/sites/ministerio-salud-publica/files/2024-03/ELEPEM%20CERTIFICADOS%207-3-2024.pdf""]"
ELP-0551,NUEVOS MOMENTOS,Montevideo,MONTEVIDEO,CHIAVARI 3188,CHIAVARI,3188,,,,,,Certificado de registro MSP (histórico),False,False,True,False,1,070/2022,2022,2022,2022,1,1,-34.8728156,-56.1576172,alta,calle y puerta exacta,100,Direcciones Geográficas del Uruguay (IDE),"[""https://www.gub.uy/ministerio-salud-publica/sites/ministerio-salud-publica/files/2024-03/ELEPEM%20CERTIFICADOS%207-3-2024.pdf""]"
ELP-0552,Old Trafford,Montevideo,Montevideo,Jaime Cibils 2824,Jaime Cibils,2824,20,24830605,residencialoldtransford@gmail.com,,,Habilitación final MSP,True,True,True,False,2,"193/2019, 092/2020",2019,2020,2026-06-30,4,3,-34.8862287,-56.1553797,alta,calle y puerta exacta,100,Direcciones Geográficas del Uruguay (IDE),"[""https://www.gub.uy/ministerio-salud-publica/sites/ministerio-salud-publica/files/2026-06/ELEPEM%20HABILITADOS%20JUNIO%202026.pdf"", ""https://www.gub.uy/ministerio-desarrollo-social/etiqueta/otros/montevideo-establecimientos-larga-estadia-para-personas-mayores-certificado-social"", ""https://www.gub.uy/ministerio-salud-publica/sites/ministerio-salud-publica/files/2024-03/ELEPEM%20CERTIFICADOS%207-3-2024.pdf""]"
ELP-0553,ORENSE,Montevideo,MONTEVIDEO,Joanicó 3427,Joanicó,3427,,,,,,Certificado de registro MSP (histórico),False,False,True,False,1,074/2023,2023,2023,2023,1,1,-34.878166,-56.1482069,alta,calle y puerta exacta,100,Direcciones Geográficas del Uruguay (IDE),"[""https://www.gub.uy/ministerio-salud-publica/sites/ministerio-salud-publica/files/2024-03/ELEPEM%20CERTIFICADOS%207-3-2024.pdf""]"
ELP-0554,Pájaros Pintados,Montevideo,,Tomás de Tezanos 1029,Tomás de Tezanos,1029,,,,,,Certificado de registro MSP (histórico),False,False,True,False,1,021/2017,2017,2017,2017,1,1,-34.906925,-56.1341413,alta,calle y puerta exacta,100,Direcciones Geográficas del Uruguay (IDE),"[""https://www.gub.uy/ministerio-salud-publica/sites/ministerio-salud-publica/files/2024-03/ELEPEM%20CERTIFICADOS%207-3-2024.pdf""]"
ELP-0555,Palas Atenea (Pocitos),Montevideo,Montevideo,Bv. España 2488,Bv. España,2488,,27120590,,,,Certificado Social MIDES,False,True,True,False,1,011/2017,2017,2017,2024-07-15,2,2,-34.9119016,-56.1607834,alta,calle y puerta exacta,100,Direcciones Geográficas del Uruguay (IDE),"[""https://www.gub.uy/ministerio-desarrollo-social/etiqueta/otros/montevideo-establecimientos-larga-estadia-para-personas-mayores-certificado-social"", ""https://www.gub.uy/ministerio-salud-publica/sites/ministerio-salud-publica/files/2024-03/ELEPEM%20CERTIFICADOS%207-3-2024.pdf""]"
ELP-0556,Palas Atenea Prado,Montevideo,Montevideo,Carlos Vaz Ferreira 3665 bis,Carlos Vaz Ferreira,3665 bis,57,233367901-04,adariask@gmail.com,,,Habilitación final MSP,True,False,True,False,1,071/2018,2018,2018,2026-06-30,2,2,-34.8638706,-56.2280441,media-baja,centroide de calle,70,Direcciones Geográficas del Uruguay (IDE),"[""https://www.gub.uy/ministerio-salud-publica/sites/ministerio-salud-publica/files/2026-06/ELEPEM%20HABILITADOS%20JUNIO%202026.pdf"", ""https://www.gub.uy/ministerio-salud-publica/sites/ministerio-salud-publica/files/2024-03/ELEPEM%20CERTIFICADOS%207-3-2024.pdf""]"
ELP-0557,Palerno,Montevideo,Montevideo,Rivera 2287,Rivera,2287,18,24081845,salernomontevideo@gmail.com,,,Habilitación final MSP,True,True,True,False,2,"095/2018, 126/2022",2018,2022,2026-06-30,4,3,-34.9019287,-56.1657325,alta,calle y puerta exacta,100,Direcciones Geográficas del Uruguay (IDE),"[""https://www.gub.uy/ministerio-salud-publica/sites/ministerio-salud-publica/files/2026-06/ELEPEM%20HABILITADOS%20JUNIO%202026.pdf"", ""https://www.gub.uy/ministerio-desarrollo-social/etiqueta/otros/montevideo-establecimientos-larga-estadia-para-personas-mayores-certificado-social"", ""https://www.gub.uy/ministerio-salud-publica/sites/ministerio-salud-publica/files/2024-03/ELEPEM%20CERTIFICADOS%207-3-2024.pdf""]"
ELP-0558,Parque Sol,Montevideo,Montevideo,Americo Ricaldoni 1672,Americo Ricaldoni,1672,13,26228333 | 98442650,,,,Habilitación final MSP,True,True,True,False,1,054/2018,2018,2018,2026-06-30,3,3,-34.8980702,-56.1517027,alta,calle y puerta exacta,100,Direcciones Geográficas del Uruguay (IDE),"[""https://www.gub.uy/ministerio-salud-publica/sites/ministerio-salud-publica/files/2026-06/ELEPEM%20HABILITADOS%20JUNIO%202026.pdf"", ""https://www.gub.uy/ministerio-desarrollo-social/etiqueta/otros/montevideo-establecimientos-larga-estadia-para-personas-mayores-certificado-social"", ""https://www.gub.uy/ministerio-salud-publica/sites/ministerio-salud-publica/files/2024-03/ELEPEM%20CERTIFICADOS%207-3-2024.pdf""]"
ELP-0559,PERLITA “S,Montevideo,MONTEVIDEO,CAMINO CASTRO 535,CAMINO CASTRO,535,,,,,,Certificado de registro MSP (histórico),False,False,True,False,1,015/2022,2022,2022,2022,1,1,-34.851836,-56.2067251,alta,calle y puerta exacta,100,Direcciones Geográficas del Uruguay (IDE),"[""https://www.gub.uy/ministerio-salud-publica/sites/ministerio-salud-publica/files/2024-03/ELEPEM%20CERTIFICADOS%207-3-2024.pdf""]"
ELP-0560,Petit Home,Montevideo,Montevideo,Manuel Pintos Cardeiros 5647,Manuel Pintos Cardeiros,5647,25,,petithome16@gmail.com,,,Habilitación final MSP,True,False,True,False,1,054/2020,2020,2020,2026-06-30,2,2,-34.8168504,-56.2282418,alta,calle y puerta exacta,100,Direcciones Geográficas del Uruguay (IDE),"[""https://www.gub.uy/ministerio-salud-publica/sites/ministerio-salud-publica/files/2026-06/ELEPEM%20HABILITADOS%20JUNIO%202026.pdf"", ""https://www.gub.uy/ministerio-salud-publica/sites/ministerio-salud-publica/files/2024-03/ELEPEM%20CERTIFICADOS%207-3-2024.pdf""]"
ELP-0561,Polo House,Montevideo,Montevideo,Orleans 2504,Orleans,2504,11,26012375,rociospco@hotmail.com,,,Habilitación final MSP,True,True,True,False,1,120/2020,2020,2020,2026-06-30,3,3,-34.8696622,-56.0637533,alta,calle y puerta exacta,100,Direcciones Geográficas del Uruguay (IDE),"[""https://www.gub.uy/ministerio-salud-publica/sites/ministerio-salud-publica/files/2026-06/ELEPEM%20HABILITADOS%20JUNIO%202026.pdf"", ""https://www.gub.uy/ministerio-desarrollo-social/etiqueta/otros/montevideo-establecimientos-larga-estadia-para-personas-mayores-certificado-social"", ""https://www.gub.uy/ministerio-salud-publica/sites/ministerio-salud-publica/files/2024-03/ELEPEM%20CERTIFICADOS%207-3-2024.pdf""]"
ELP-0562,Procura Residencial,Montevideo,Montevideo,Batlle y Ordoñez 4143,Batlle y Ordoñez,4143,17,22023664,beatizacosta1679@hotmail.com,,,Habilitación final MSP,True,True,True,False,1,016/2023,2023,2023,2026-06-30,3,3,-34.8605094,-56.1726823,alta,calle y puerta exacta,100,Direcciones Geográficas del Uruguay (IDE),"[""https://www.gub.uy/ministerio-salud-publica/sites/ministerio-salud-publica/files/2026-06/ELEPEM%20HABILITADOS%20JUNIO%202026.pdf"", ""https://www.gub.uy/ministerio-desarrollo-social/etiqueta/otros/montevideo-establecimientos-larga-estadia-para-personas-mayores-certificado-social"", ""https://www.gub.uy/ministerio-salud-publica/sites/ministerio-salud-publica/files/2024-03/ELEPEM%20CERTIFICADOS%207-3-2024.pdf""]"
ELP-0563,Red Bienestar,Montevideo,Montevideo,Rivera 4589,Rivera,4589,21,26193342,contacto@redbienestar.net,,,Habilitación final MSP,True,True,True,False,1,187/2019,2019,2019,2026-06-30,3,3,-34.8917132,-56.1127413,alta,calle y puerta exacta,100,Direcciones Geográficas del Uruguay (IDE),"[""https://www.gub.uy/ministerio-salud-publica/sites/ministerio-salud-publica/files/2026-06/ELEPEM%20HABILITADOS%20JUNIO%202026.pdf"", ""https://www.gub.uy/ministerio-desarrollo-social/etiqueta/otros/montevideo-establecimientos-larga-estadia-para-personas-mayores-certificado-social"", ""https://www.gub.uy/ministerio-salud-publica/sites/ministerio-salud-publica/files/2024-03/ELEPEM%20CERTIFICADOS%207-3-2024.pdf""]"
ELP-0564,Red Oak,Montevideo,,Mariano Uriarte 6572,Mariano Uriarte,6572,,,,,,Certificado de registro MSP (histórico),False,False,True,False,1,114/2018,2018,2018,2018,1,1,-34.8829926,-56.0632082,alta,calle y puerta exacta,100,Direcciones Geográficas del Uruguay (IDE),"[""https://www.gub.uy/ministerio-salud-publica/sites/ministerio-salud-publica/files/2024-03/ELEPEM%20CERTIFICADOS%207-3-2024.pdf""]"
ELP-0565,REENCUENTRO,Montevideo,MONTEVIDEO,Juan J Raissegner 2524,Juan J Raissegner,2524,,,,,,Certificado de registro MSP (histórico),False,False,True,False,1,021/2023,2023,2023,2023,1,1,-34.8710058,-56.1342858,alta,calle y puerta exacta,91,Direcciones Geográficas del Uruguay (IDE),"[""https://www.gub.uy/ministerio-salud-publica/sites/ministerio-salud-publica/files/2024-03/ELEPEM%20CERTIFICADOS%207-3-2024.pdf""]"
ELP-0566,Remansum I,Montevideo,Montevideo,Charrúa 2224,Charrúa,2224,34,24013791,nelly.amira@hotmail.com,,,Habilitación final MSP,True,True,True,False,1,009/2017,2017,2017,2026-06-30,3,3,-34.905927,-56.1669386,alta,calle y puerta exacta,100,Direcciones Geográficas del Uruguay (IDE),"[""https://www.gub.uy/ministerio-salud-publica/sites/ministerio-salud-publica/files/2026-06/ELEPEM%20HABILITADOS%20JUNIO%202026.pdf"", ""https://www.gub.uy/ministerio-desarrollo-social/etiqueta/otros/montevideo-establecimientos-larga-estadia-para-personas-mayores-certificado-social"", ""https://www.gub.uy/ministerio-salud-publica/sites/ministerio-salud-publica/files/2024-03/ELEPEM%20CERTIFICADOS%207-3-2024.pdf""]"
ELP-0567,Residencia Santa Barbara SRL,Montevideo,,Agraciada 2801,Agraciada,2801,,,,,,Certificado de registro MSP (histórico),False,False,True,False,1,140/2019,2019,2019,2019,1,1,-34.8794075,-56.1961216,alta,calle y puerta exacta,100,Direcciones Geográficas del Uruguay (IDE),"[""https://www.gub.uy/ministerio-salud-publica/sites/ministerio-salud-publica/files/2024-03/ELEPEM%20CERTIFICADOS%207-3-2024.pdf""]"
ELP-0568,Residencial Abuela Angelina,Montevideo,,Agraciada 3002,Agraciada,3002,,,,,,Certificado de registro MSP (histórico),False,False,True,False,1,128/2019,2019,2019,2019,1,1,-34.8758171,-56.1987444,alta,calle y puerta exacta,100,Direcciones Geográficas del Uruguay (IDE),"[""https://www.gub.uy/ministerio-salud-publica/sites/ministerio-salud-publica/files/2024-03/ELEPEM%20CERTIFICADOS%207-3-2024.pdf""]"
ELP-0569,Residencial Age II SRL,Montevideo,,AV. Bvar Artigas 4101,AV. Bvar Artigas,4101,,,,,,Certificado de registro MSP (histórico),False,False,True,False,1,033/2021,2021,2021,2021,1,1,-34.8682443,-56.256179,media-baja,centroide de calle,70,Direcciones Geográficas del Uruguay (IDE),"[""https://www.gub.uy/ministerio-salud-publica/sites/ministerio-salud-publica/files/2024-03/ELEPEM%20CERTIFICADOS%207-3-2024.pdf""]"
ELP-0570,Residencial Aiyelen,Montevideo,,Gral Flores 4436 - Mdeo,Gral Flores,4436 - Mdeo,,,,,,Certificado de registro MSP (histórico),False,False,True,False,1,047/2018,2018,2018,2018,1,1,-34.849386,-56.1576235,alta,calle y puerta exacta,100,Direcciones Geográficas del Uruguay (IDE),"[""https://www.gub.uy/ministerio-salud-publica/sites/ministerio-salud-publica/files/2024-03/ELEPEM%20CERTIFICADOS%207-3-2024.pdf""]"
ELP-0571,Residencial Alamos,Montevideo,Montevideo,Ibiray 2398,Ibiray,2398,,,,,,Certificado de registro MSP (histórico),False,False,True,False,1,021/2020,2020,2020,2020,1,1,-34.9167539,-56.1617915,alta,calle y puerta exacta,100,Direcciones Geográficas del Uruguay (IDE),"[""https://www.gub.uy/ministerio-salud-publica/sites/ministerio-salud-publica/files/2024-03/ELEPEM%20CERTIFICADOS%207-3-2024.pdf""]"
ELP-0572,Residencial Almendro en Flor,Montevideo,Montevideo,Av Bolivia 1364,Av Bolivia,1364,,,,,,Certificado de registro MSP (histórico),False,False,True,False,1,113/2020,2020,2020,2020,1,1,-34.8937114,-56.0640923,alta,calle y puerta exacta,100,Direcciones Geográficas del Uruguay (IDE),"[""https://www.gub.uy/ministerio-salud-publica/sites/ministerio-salud-publica/files/2024-03/ELEPEM%20CERTIFICADOS%207-3-2024.pdf""]"
ELP-0573,Residencial Altos de Rosell,Montevideo,Montevideo,Dolores Pereira de Rosell 1502,Dolores Pereira de Rosell,1502,,,,,,Certificado de registro MSP (histórico),False,False,True,False,1,101/2021,2021,2021,2021,1,1,-34.9000263,-56.1442723,alta,calle y puerta exacta,100,Direcciones Geográficas del Uruguay (IDE),"[""https://www.gub.uy/ministerio-salud-publica/sites/ministerio-salud-publica/files/2024-03/ELEPEM%20CERTIFICADOS%207-3-2024.pdf""]"
ELP-0574,Residencial Asociación Uuguaya del A. Mayor,Montevideo,Montevideo,Caldern de la Barca 1978,Caldern de la Barca,1978,,,,,,Certificado de registro MSP (histórico),False,False,True,False,1,077/2021,2021,2021,2021,1,1,-34.8027511,-56.2270822,alta,calle y puerta exacta,97,Direcciones Geográficas del Uruguay (IDE),"[""https://www.gub.uy/ministerio-salud-publica/sites/ministerio-salud-publica/files/2024-03/ELEPEM%20CERTIFICADOS%207-3-2024.pdf""]"
ELP-0575,Residencial Belén,Montevideo,,Avenida Don Pedro de Mendoza 4912,Avenida Don Pedro de Mendoza,4912,,,,,,Certificado de registro MSP (histórico),False,False,True,False,1,103/2019,2019,2019,2019,1,1,-34.8185917,-56.1567257,alta,calle y puerta exacta,100,Direcciones Geográficas del Uruguay (IDE),"[""https://www.gub.uy/ministerio-salud-publica/sites/ministerio-salud-publica/files/2024-03/ELEPEM%20CERTIFICADOS%207-3-2024.pdf""]"
ELP-0576,Residencial Brenda,Montevideo,,Brenda 5994,Brenda,5994,,,,,,Certificado de registro MSP (histórico),False,False,True,False,1,119/2019,2019,2019,2019,1,1,-34.8955318,-56.0761082,alta,calle y puerta exacta,100,Direcciones Geográficas del Uruguay (IDE),"[""https://www.gub.uy/ministerio-salud-publica/sites/ministerio-salud-publica/files/2024-03/ELEPEM%20CERTIFICADOS%207-3-2024.pdf""]"
ELP-0577,Residencial Calor Humano I,Montevideo,Montevideo,Juan Ramon Gomez 2778,Juan Ramon Gomez,2778,,,,,,Certificado de registro MSP (histórico),False,False,True,False,1,107/2021,2021,2021,2021,1,1,-34.8863297,-56.1602356,alta,calle y puerta exacta,100,Direcciones Geográficas del Uruguay (IDE),"[""https://www.gub.uy/ministerio-salud-publica/sites/ministerio-salud-publica/files/2024-03/ELEPEM%20CERTIFICADOS%207-3-2024.pdf""]"
ELP-0578,Residencial Calor Humano II,Montevideo,Montevideo Colonia del,Antonio Lenoble 3317,Antonio Lenoble,3317,,,,,,Certificado de registro MSP (histórico),False,False,True,False,1,108/2021,2021,2021,2021,1,1,-34.8824295,-56.1462906,alta,calle y puerta exacta,100,Direcciones Geográficas del Uruguay (IDE),"[""https://www.gub.uy/ministerio-salud-publica/sites/ministerio-salud-publica/files/2024-03/ELEPEM%20CERTIFICADOS%207-3-2024.pdf""]"
ELP-0579,Residencial Camino Real,Montevideo,MONTEVIDEO,Av Agraciada 3103,Av Agraciada,3103,,,,,,Certificado de registro MSP (histórico),False,False,True,False,1,124/2020,2020,2020,2020,1,1,-34.8741287,-56.2008867,alta,calle y puerta exacta,100,Direcciones Geográficas del Uruguay (IDE),"[""https://www.gub.uy/ministerio-salud-publica/sites/ministerio-salud-publica/files/2024-03/ELEPEM%20CERTIFICADOS%207-3-2024.pdf""]"
ELP-0580,Residencial Casa Colibri,Montevideo,,Asilo 3479,Asilo,3479,,,,,,Certificado de registro MSP (histórico),False,False,True,False,1,061/2021,2021,2021,2021,1,1,-34.8791421,-56.145902,alta,calle y puerta exacta,100,Direcciones Geográficas del Uruguay (IDE),"[""https://www.gub.uy/ministerio-salud-publica/sites/ministerio-salud-publica/files/2024-03/ELEPEM%20CERTIFICADOS%207-3-2024.pdf""]"
ELP-0581,Residencial Casa Delia,Montevideo,MONTEVIDEO,Jaime Roldos y pons 4383 al 85,Jaime Roldos y pons,4383 al 85,,,,,,Certificado de registro MSP (histórico),False,False,True,False,1,131/2020,2020,2020,2020,1,1,-34.853064,-56.1526836,alta,calle y puerta exacta,100,Direcciones Geográficas del Uruguay (IDE),"[""https://www.gub.uy/ministerio-salud-publica/sites/ministerio-salud-publica/files/2024-03/ELEPEM%20CERTIFICADOS%207-3-2024.pdf""]"
ELP-0582,Residencial Casa Garzón,Montevideo,Montevideo,Garzón 1640 entre Casavalle y Aparicio Saravia,Garzón,1640,20,,amavirsrl@gmail.com,,,Habilitación final MSP,True,False,True,False,1,096/2020,2020,2020,2026-06-30,2,2,-34.8143544,-56.2203932,alta,calle y puerta exacta,100,Direcciones Geográficas del Uruguay (IDE),"[""https://www.gub.uy/ministerio-salud-publica/sites/ministerio-salud-publica/files/2026-06/ELEPEM%20HABILITADOS%20JUNIO%202026.pdf"", ""https://www.gub.uy/ministerio-salud-publica/sites/ministerio-salud-publica/files/2024-03/ELEPEM%20CERTIFICADOS%207-3-2024.pdf""]"
ELP-0583,Residencial Cecilia,Montevideo,,Fray Bentos 3989,Fray Bentos,3989,,,,,,Certificado de registro MSP (histórico),False,False,True,False,1,052/2019,2019,2019,2019,1,1,-34.8704272,-56.1384869,media,puerta más cercana en la misma calle,89,Direcciones Geográficas del Uruguay (IDE),"[""https://www.gub.uy/ministerio-salud-publica/sites/ministerio-salud-publica/files/2024-03/ELEPEM%20CERTIFICADOS%207-3-2024.pdf""]"
ELP-0584,Residencial Centro Abrazarte,Montevideo,Montevideo,,,,,,,,,Certificado de registro MSP (histórico),False,False,True,False,1,067/2020,2020,2020,2020,1,1,-34.8648257,-56.1889734,baja,centroide de localidad,35,Direcciones Geográficas del Uruguay (IDE),"[""https://www.gub.uy/ministerio-salud-publica/sites/ministerio-salud-publica/files/2024-03/ELEPEM%20CERTIFICADOS%207-3-2024.pdf""]"
ELP-0585,Residencial Centro Arrels,Montevideo,Montevideo,Bulevar España 2436,Bulevar España,2436,,,,,,Certificado de registro MSP (histórico),False,False,True,False,1,016/2020,2020,2020,2020,1,1,-34.9115101,-56.1619633,alta,calle y puerta exacta,100,Direcciones Geográficas del Uruguay (IDE),"[""https://www.gub.uy/ministerio-salud-publica/sites/ministerio-salud-publica/files/2024-03/ELEPEM%20CERTIFICADOS%207-3-2024.pdf""]"
ELP-0586,Residencial Cumbres del Prado,Montevideo,Montevideo,Bvar Artigas 4169,Bvar Artigas,4169,,,,,,Certificado de registro MSP (histórico),False,False,True,False,1,107/2020,2020,2020,2020,1,1,-34.8562263,-56.176655,baja,centroide de localidad,35,Direcciones Geográficas del Uruguay (IDE),"[""https://www.gub.uy/ministerio-salud-publica/sites/ministerio-salud-publica/files/2024-03/ELEPEM%20CERTIFICADOS%207-3-2024.pdf""]"
ELP-0587,Residencial Diamante,Montevideo,Montevideo,Juan Carlos Blanco 3334,Juan Carlos Blanco,3334,,,,,,Certificado de registro MSP (histórico),False,False,True,False,1,004/2020,2020,2020,2020,1,1,-34.869491,-56.2032041,alta,calle y puerta exacta,100,Direcciones Geográficas del Uruguay (IDE),"[""https://www.gub.uy/ministerio-salud-publica/sites/ministerio-salud-publica/files/2024-03/ELEPEM%20CERTIFICADOS%207-3-2024.pdf""]"
ELP-0588,Residencial Dolce Vita,Montevideo,,Garzón 877,Garzón,877,,,,,,Certificado de registro MSP (histórico),False,False,True,False,1,086/2019,2019,2019,2019,1,1,-34.8339924,-56.2217077,alta,calle y puerta exacta,100,Direcciones Geográficas del Uruguay (IDE),"[""https://www.gub.uy/ministerio-salud-publica/sites/ministerio-salud-publica/files/2024-03/ELEPEM%20CERTIFICADOS%207-3-2024.pdf""]"
ELP-0589,Residencial Dolce Vita,Montevideo,,Hansen 1926,Hansen,1926,,,,,,Certificado de registro MSP (histórico),False,False,True,False,1,104/2019,2019,2019,2019,1,1,-34.8054558,-56.2204054,alta,calle y puerta exacta,100,Direcciones Geográficas del Uruguay (IDE),"[""https://www.gub.uy/ministerio-salud-publica/sites/ministerio-salud-publica/files/2024-03/ELEPEM%20CERTIFICADOS%207-3-2024.pdf""]"
ELP-0590,Residencial Don Carlos,Montevideo,,Agraciada 2911,Agraciada,2911,,,,,,Certificado de registro MSP (histórico),False,False,True,False,1,039/2019,2019,2019,2019,1,1,-34.8770147,-56.1975383,alta,calle y puerta exacta,100,Direcciones Geográficas del Uruguay (IDE),"[""https://www.gub.uy/ministerio-salud-publica/sites/ministerio-salud-publica/files/2024-03/ELEPEM%20CERTIFICADOS%207-3-2024.pdf""]"
ELP-0591,Residencial Doña Angelita,Montevideo,Montevideo,Gregorio Mas 179,Gregorio Mas,179,,,,,,Certificado de registro MSP (histórico),False,False,True,False,1,079/2021,2021,2021,2021,1,1,-34.8521546,-56.2216622,alta,calle y puerta exacta,100,Direcciones Geográficas del Uruguay (IDE),"[""https://www.gub.uy/ministerio-salud-publica/sites/ministerio-salud-publica/files/2024-03/ELEPEM%20CERTIFICADOS%207-3-2024.pdf""]"
ELP-0592,Residencial Doña Isabel,Montevideo,Montevideo,Francisco Schinca 2492,Francisco Schinca,2492,,,,,,Certificado de registro MSP (histórico),False,False,True,False,1,024/2020,2020,2020,2020,1,1,-34.8709569,-56.1328935,alta,calle y puerta exacta,100,Direcciones Geográficas del Uruguay (IDE),"[""https://www.gub.uy/ministerio-salud-publica/sites/ministerio-salud-publica/files/2024-03/ELEPEM%20CERTIFICADOS%207-3-2024.pdf""]"
ELP-0593,Residencial Dorita,Montevideo,Montevideo,Gral Flores 3374,Gral Flores,3374,,,,,,Certificado de registro MSP (histórico),False,False,True,False,1,066/2020,2020,2020,2020,1,1,-34.8664686,-56.1710951,alta,calle y puerta exacta,100,Direcciones Geográficas del Uruguay (IDE),"[""https://www.gub.uy/ministerio-salud-publica/sites/ministerio-salud-publica/files/2024-03/ELEPEM%20CERTIFICADOS%207-3-2024.pdf""]"
ELP-0594,Residencial El Encanto,Montevideo,Montevideo,Gaetan 964,Gaetan,964,,,,,,Certificado de registro MSP (histórico),False,False,True,False,1,100/2021,2021,2021,2021,1,1,-34.8655322,-56.2055673,alta,calle y puerta exacta,100,Direcciones Geográficas del Uruguay (IDE),"[""https://www.gub.uy/ministerio-salud-publica/sites/ministerio-salud-publica/files/2024-03/ELEPEM%20CERTIFICADOS%207-3-2024.pdf""]"
ELP-0595,Residencial El Fortín,Montevideo,,Gral Paz 1255 - Mdeo,Gral Paz,1255 - Mdeo,,,,,,Certificado de registro MSP (histórico),False,False,True,False,1,053/2018,2018,2018,2018,1,1,-34.8967559,-56.0808298,alta,calle y puerta exacta,100,Direcciones Geográficas del Uruguay (IDE),"[""https://www.gub.uy/ministerio-salud-publica/sites/ministerio-salud-publica/files/2024-03/ELEPEM%20CERTIFICADOS%207-3-2024.pdf""]"
ELP-0596,Residencial El Retorno,Montevideo,Montevideo,Coronel Raiz 1834,Coronel Raiz,1834,,,,,,Certificado de registro MSP (histórico),False,False,True,False,1,018/2021,2021,2021,2021,1,1,-34.820323,-56.199653,media,puerta más cercana en la misma calle,89,Direcciones Geográficas del Uruguay (IDE),"[""https://www.gub.uy/ministerio-salud-publica/sites/ministerio-salud-publica/files/2024-03/ELEPEM%20CERTIFICADOS%207-3-2024.pdf""]"
ELP-0597,Residencial En Compañía,Montevideo,,Arq. Horacio Acosta y Lara 2510,Arq. Horacio Acosta y Lara,2510,,,,,,Certificado de registro MSP (histórico),False,False,True,False,1,111/2019,2019,2019,2019,1,1,-34.8831017,-56.1506793,media,puerta más cercana en la misma calle,89,Direcciones Geográficas del Uruguay (IDE),"[""https://www.gub.uy/ministerio-salud-publica/sites/ministerio-salud-publica/files/2024-03/ELEPEM%20CERTIFICADOS%207-3-2024.pdf""]"
ELP-0598,Residencial Entre Amigos,Montevideo,Montevideo,Puntas Santiago 1677,Puntas Santiago,1677,,,,,,Certificado de registro MSP (histórico),False,False,True,False,1,118/2020,2020,2020,2020,1,1,-34.8878176,-56.0606377,alta,calle y puerta exacta,100,Direcciones Geográficas del Uruguay (IDE),"[""https://www.gub.uy/ministerio-salud-publica/sites/ministerio-salud-publica/files/2024-03/ELEPEM%20CERTIFICADOS%207-3-2024.pdf""]"
ELP-0599,Residencial Erika,Montevideo,,Arismendi 1025,Arismendi,1025,,,,,,Certificado de registro MSP (histórico),False,False,True,False,1,141/2019,2019,2019,2019,1,1,-34.9194975,-56.1770866,media-baja,centroide de calle,70,Direcciones Geográficas del Uruguay (IDE),"[""https://www.gub.uy/ministerio-salud-publica/sites/ministerio-salud-publica/files/2024-03/ELEPEM%20CERTIFICADOS%207-3-2024.pdf""]"
ELP-0600,Residencial Gala,Montevideo,Montevideo,Hugo Antuña 3474,Hugo Antuña,3474,,,,,,Certificado de registro MSP (histórico),False,False,True,False,1,059/2020,2020,2020,2020,1,1,-34.8872804,-56.1378896,alta,calle y puerta exacta,100,Direcciones Geográficas del Uruguay (IDE),"[""https://www.gub.uy/ministerio-salud-publica/sites/ministerio-salud-publica/files/2024-03/ELEPEM%20CERTIFICADOS%207-3-2024.pdf""]"
ELP-0601,Residencial Garibaldi SRL,Montevideo,,Garibaldi 2827 - Mdeo,Garibaldi,2827 - Mdeo,,,,,,Certificado de registro MSP (histórico),False,False,True,False,1,051/2018,2018,2018,2018,1,1,-34.8900627,-56.1583792,alta,calle y puerta exacta,100,Direcciones Geográficas del Uruguay (IDE),"[""https://www.gub.uy/ministerio-salud-publica/sites/ministerio-salud-publica/files/2024-03/ELEPEM%20CERTIFICADOS%207-3-2024.pdf""]"
ELP-0602,Residencial Habitus,Montevideo,Montevideo,Av Brasil 2637,Av Brasil,2637,,,,,,Certificado de registro MSP (histórico),False,False,True,False,1,106/2021,2021,2021,2021,1,1,-34.9078378,-56.1572254,alta,calle y puerta exacta,100,Direcciones Geográficas del Uruguay (IDE),"[""https://www.gub.uy/ministerio-salud-publica/sites/ministerio-salud-publica/files/2024-03/ELEPEM%20CERTIFICADOS%207-3-2024.pdf""]"
ELP-0603,Residencial Hogar Esperanza,Montevideo,MONTEVIDEO,Gral Hornos 5117,Gral Hornos,5117,,,,,,Certificado de registro MSP (histórico),False,False,True,False,1,122/2020,2020,2020,2020,1,1,-34.844054,-56.2291078,alta,calle y puerta exacta,100,Direcciones Geográficas del Uruguay (IDE),"[""https://www.gub.uy/ministerio-salud-publica/sites/ministerio-salud-publica/files/2024-03/ELEPEM%20CERTIFICADOS%207-3-2024.pdf""]"
ELP-0604,Residencial Hogar Plenitud,Montevideo,,Luis A de Herrera 2720,Luis A de Herrera,2720,,,,,,Certificado de registro MSP (histórico),False,False,True,False,1,047/2021,2021,2021,2021,1,1,-34.8798007,-56.1546272,alta,calle y puerta exacta,93,Direcciones Geográficas del Uruguay (IDE),"[""https://www.gub.uy/ministerio-salud-publica/sites/ministerio-salud-publica/files/2024-03/ELEPEM%20CERTIFICADOS%207-3-2024.pdf""]"
ELP-0605,Setiembre,Montevideo,Montevideo,Cassinoni 1285,Cassinoni,1285,,24019729,,,,Certificado Social MIDES,False,True,True,False,1,048/2018,2018,2018,2024-07-15,2,2,-34.9040643,-56.1653147,alta,calle y puerta exacta,100,Direcciones Geográficas del Uruguay (IDE),"[""https://www.gub.uy/ministerio-desarrollo-social/etiqueta/otros/montevideo-establecimientos-larga-estadia-para-personas-mayores-certificado-social"", ""https://www.gub.uy/ministerio-salud-publica/sites/ministerio-salud-publica/files/2024-03/ELEPEM%20CERTIFICADOS%207-3-2024.pdf""]"
ELP-0606,Residencial Humana,Montevideo,,Bv. España 2128,Bv. España,2128,,,,,,Certificado de registro MSP (histórico),False,False,True,False,1,080/2019,2019,2019,2019,1,1,-34.9087884,-56.1699833,alta,calle y puerta exacta,100,Direcciones Geográficas del Uruguay (IDE),"[""https://www.gub.uy/ministerio-salud-publica/sites/ministerio-salud-publica/files/2024-03/ELEPEM%20CERTIFICADOS%207-3-2024.pdf""]"
ELP-0607,Residencial Jardines del Prado,Montevideo,,Instrucciones 947,Instrucciones,947,,,,,,Certificado de registro MSP (histórico),False,False,True,False,1,049/2021,2021,2021,2021,1,1,-34.8445785,-56.2010479,alta,calle y puerta exacta,100,Direcciones Geográficas del Uruguay (IDE),"[""https://www.gub.uy/ministerio-salud-publica/sites/ministerio-salud-publica/files/2024-03/ELEPEM%20CERTIFICADOS%207-3-2024.pdf""]"
ELP-0608,RESIDENCIAL JESUS,Montevideo,MONTEVIDEO,JUJUY 2715,JUJUY,2715,,,,,,Certificado de registro MSP (histórico),False,False,True,False,1,089/2022,2022,2022,2022,1,1,-34.8795018,-56.1972797,alta,calle y puerta exacta,100,Direcciones Geográficas del Uruguay (IDE),"[""https://www.gub.uy/ministerio-salud-publica/sites/ministerio-salud-publica/files/2024-03/ELEPEM%20CERTIFICADOS%207-3-2024.pdf""]"
ELP-0609,Residencial La Flia,Montevideo,Montevideo,Defensa 1968 /1970,Defensa,1968 /1970,,,,,,Certificado de registro MSP (histórico),False,False,True,False,1,012/2021,2021,2021,2021,1,1,-34.8919346,-56.1741686,alta,calle y puerta exacta,100,Direcciones Geográficas del Uruguay (IDE),"[""https://www.gub.uy/ministerio-salud-publica/sites/ministerio-salud-publica/files/2024-03/ELEPEM%20CERTIFICADOS%207-3-2024.pdf""]"
ELP-0610,Residencial Las Abejas,Montevideo,,Coronel Mora 485/473,Coronel Mora,485/473,,,,,,Certificado de registro MSP (histórico),False,False,True,False,1,035/2019,2019,2019,2019,1,1,-34.920465,-56.1596887,alta,calle y puerta exacta,100,Direcciones Geográficas del Uruguay (IDE),"[""https://www.gub.uy/ministerio-salud-publica/sites/ministerio-salud-publica/files/2024-03/ELEPEM%20CERTIFICADOS%207-3-2024.pdf""]"
ELP-0611,Residencial Le Sens,Montevideo,Montevideo,Av italia 2509,Av italia,2509,,,,,,Certificado de registro MSP (histórico),False,False,True,False,1,013/2021,2021,2021,2021,1,1,-34.8934665,-56.1610356,media,puerta más cercana en la misma calle,89,Direcciones Geográficas del Uruguay (IDE),"[""https://www.gub.uy/ministerio-salud-publica/sites/ministerio-salud-publica/files/2024-03/ELEPEM%20CERTIFICADOS%207-3-2024.pdf""]"
ELP-0612,Residencial Life,Montevideo,Montevideo,Dalmiro Costa 4147,Dalmiro Costa,4147,,,,,,Certificado de registro MSP (histórico),False,False,True,False,1,119/2020,2020,2020,2020,1,1,-34.8941233,-56.1261536,alta,calle y puerta exacta,100,Direcciones Geográficas del Uruguay (IDE),"[""https://www.gub.uy/ministerio-salud-publica/sites/ministerio-salud-publica/files/2024-03/ELEPEM%20CERTIFICADOS%207-3-2024.pdf""]"
ELP-0613,Residencial Lo de Cota,Montevideo,,Carlos María Ramirez 538,Carlos María Ramirez,538,,,,,,Certificado de registro MSP (histórico),False,False,True,False,1,027/2019,2019,2019,2019,1,1,-34.8614554,-56.2305716,alta,calle y puerta exacta,100,Direcciones Geográficas del Uruguay (IDE),"[""https://www.gub.uy/ministerio-salud-publica/sites/ministerio-salud-publica/files/2024-03/ELEPEM%20CERTIFICADOS%207-3-2024.pdf""]"
ELP-0614,Residencial Los Angeles 2,Montevideo,,Veracierto 2787,Veracierto,2787,,,,,,Certificado de registro MSP (histórico),False,False,True,False,1,055/2021,2021,2021,2021,1,1,-34.8662965,-56.1207267,alta,calle y puerta exacta,100,Direcciones Geográficas del Uruguay (IDE),"[""https://www.gub.uy/ministerio-salud-publica/sites/ministerio-salud-publica/files/2024-03/ELEPEM%20CERTIFICADOS%207-3-2024.pdf""]"
ELP-0615,Residencial Los Hermanos,Montevideo,Montevideo,Agraciada 3738,Agraciada,3738,,,,,,Certificado de registro MSP (histórico),False,False,True,False,1,104/2020,2020,2020,2020,1,1,-34.8637718,-56.2103192,alta,calle y puerta exacta,100,Direcciones Geográficas del Uruguay (IDE),"[""https://www.gub.uy/ministerio-salud-publica/sites/ministerio-salud-publica/files/2024-03/ELEPEM%20CERTIFICADOS%207-3-2024.pdf""]"
ELP-0616,Residencial Luna D Argento,Montevideo,Montevideo,Rivera 7122,Rivera,7122,,,,,,Certificado de registro MSP (histórico),False,False,True,False,1,102/2021,2021,2021,2021,1,1,-34.882149,-56.0464735,alta,calle y puerta exacta,100,Direcciones Geográficas del Uruguay (IDE),"[""https://www.gub.uy/ministerio-salud-publica/sites/ministerio-salud-publica/files/2024-03/ELEPEM%20CERTIFICADOS%207-3-2024.pdf""]"
ELP-0617,Residencial Luz de Luna,Montevideo,,Dolores Pereira de Rosell 1500,Dolores Pereira de Rosell,1500,,,,,,Certificado de registro MSP (histórico),False,False,True,False,1,045/2019,2019,2019,2019,1,1,-34.9000263,-56.1442723,alta,calle y puerta exacta,100,Direcciones Geográficas del Uruguay (IDE),"[""https://www.gub.uy/ministerio-salud-publica/sites/ministerio-salud-publica/files/2024-03/ELEPEM%20CERTIFICADOS%207-3-2024.pdf""]"
ELP-0618,Residencial Madrid,Montevideo,,Coquimbo 2309,Coquimbo,2309,,,,,,Certificado de registro MSP (histórico),False,False,True,False,2,"129/2020, 037/2021",2020,2021,2021,2,1,-34.8860579,-56.1669397,alta,calle y puerta exacta,100,Direcciones Geográficas del Uruguay (IDE),"[""https://www.gub.uy/ministerio-salud-publica/sites/ministerio-salud-publica/files/2024-03/ELEPEM%20CERTIFICADOS%207-3-2024.pdf""]"
ELP-0619,Residencial Mamina,Montevideo,,Millan 2828,Millan,2828,,,,,,Certificado de registro MSP (histórico),False,False,True,False,1,041/2019,2019,2019,2019,1,1,-34.874592,-56.1882801,alta,calle y puerta exacta,100,Direcciones Geográficas del Uruguay (IDE),"[""https://www.gub.uy/ministerio-salud-publica/sites/ministerio-salud-publica/files/2024-03/ELEPEM%20CERTIFICADOS%207-3-2024.pdf""]"
ELP-0620,Residencial Margarita,Montevideo,,José Nasazzi 989,José Nasazzi,989,,,,,,Certificado de registro MSP (histórico),False,False,True,False,1,012/2019,2019,2019,2019,1,1,-34.8738968,-56.202322,alta,calle y puerta exacta,100,Direcciones Geográficas del Uruguay (IDE),"[""https://www.gub.uy/ministerio-salud-publica/sites/ministerio-salud-publica/files/2024-03/ELEPEM%20CERTIFICADOS%207-3-2024.pdf""]"
ELP-0621,Residencial Memory House,Montevideo,Montevideo,Presidente. Berro 2673,Presidente. Berro,2673,,,,,,Certificado de registro MSP (histórico),False,False,True,False,1,087/2021,2021,2021,2021,1,1,-34.8924798,-56.1610959,alta,calle y puerta exacta,100,Direcciones Geográficas del Uruguay (IDE),"[""https://www.gub.uy/ministerio-salud-publica/sites/ministerio-salud-publica/files/2024-03/ELEPEM%20CERTIFICADOS%207-3-2024.pdf""]"
ELP-0622,Residencial MGACOSTA SRL,Montevideo,,Libertad 2548,Libertad,2548,,,,,,Certificado de registro MSP (histórico),False,False,True,False,1,165/2019,2019,2019,2019,1,1,-34.9106866,-56.1579123,alta,calle y puerta exacta,100,Direcciones Geográficas del Uruguay (IDE),"[""https://www.gub.uy/ministerio-salud-publica/sites/ministerio-salud-publica/files/2024-03/ELEPEM%20CERTIFICADOS%207-3-2024.pdf""]"
ELP-0623,Residencial Mi Lourdes,Montevideo,Montevideo,Vidaurreta 331,Vidaurreta,331,,,,,,Certificado de registro MSP (histórico),False,False,True,False,1,070/2021,2021,2021,2021,1,1,-34.8615077,-56.2238098,alta,calle y puerta exacta,100,Direcciones Geográficas del Uruguay (IDE),"[""https://www.gub.uy/ministerio-salud-publica/sites/ministerio-salud-publica/files/2024-03/ELEPEM%20CERTIFICADOS%207-3-2024.pdf""]"
ELP-0624,Residencial Mi Sueño,Montevideo,MONTEVIDEO,José Ordeig 2217,José Ordeig,2217,,,,,,Certificado de registro MSP (histórico),False,False,True,False,1,128/2020,2020,2020,2020,1,1,-34.8817151,-56.0874711,alta,calle y puerta exacta,100,Direcciones Geográficas del Uruguay (IDE),"[""https://www.gub.uy/ministerio-salud-publica/sites/ministerio-salud-publica/files/2024-03/ELEPEM%20CERTIFICADOS%207-3-2024.pdf""]"
ELP-0625,Residencial Nirvana,Montevideo,,Joaquín Artigas 3939,Joaquín Artigas,3939,,,,,,Certificado de registro MSP (histórico),False,False,True,False,1,079/2019,2019,2019,2019,1,1,-34.8565813,-56.167189,alta,calle y puerta exacta,100,Direcciones Geográficas del Uruguay (IDE),"[""https://www.gub.uy/ministerio-salud-publica/sites/ministerio-salud-publica/files/2024-03/ELEPEM%20CERTIFICADOS%207-3-2024.pdf""]"
ELP-0626,Residencial Nonna Bianca,Montevideo,,Camino J.Requena 2431,Camino J.Requena,2431,,,,,,Certificado de registro MSP (histórico),False,False,True,False,1,047/2019,2019,2019,2019,1,1,-34.8461581,-56.4066952,media-baja,centroide de calle,70,Direcciones Geográficas del Uruguay (IDE),"[""https://www.gub.uy/ministerio-salud-publica/sites/ministerio-salud-publica/files/2024-03/ELEPEM%20CERTIFICADOS%207-3-2024.pdf""]"
ELP-0627,Residencial Nuestra Familia,Montevideo,MONTEVIDEO,18 de Julio 823,,18 de Julio 823,,,,,,Certificado de registro MSP (histórico),False,False,True,False,1,127/2020,2020,2020,2020,1,1,-34.856157,-56.164282,baja,centroide de localidad,35,Direcciones Geográficas del Uruguay (IDE),"[""https://www.gub.uy/ministerio-salud-publica/sites/ministerio-salud-publica/files/2024-03/ELEPEM%20CERTIFICADOS%207-3-2024.pdf""]"
ELP-0628,Residencial Nuestro Sueño,Montevideo,Montevideo,Av de la Aljaba 3973,Av de la Aljaba,3973,,,,,,Certificado de registro MSP (histórico),False,False,True,False,1,074/2021,2021,2021,2021,1,1,-34.8070688,-56.132602,alta,calle y puerta exacta,100,Direcciones Geográficas del Uruguay (IDE),"[""https://www.gub.uy/ministerio-salud-publica/sites/ministerio-salud-publica/files/2024-03/ELEPEM%20CERTIFICADOS%207-3-2024.pdf""]"
ELP-0629,RESIDENCIAL NUEVA LUNA,Montevideo,Montevideo,8 DE OCTUBRE 2838,,8 DE OCTUBRE 2838,,,,,,Certificado de registro MSP (histórico),False,False,True,False,1,047/2020,2020,2020,2020,1,1,-34.8756309,-56.1754205,baja,centroide de localidad,35,Direcciones Geográficas del Uruguay (IDE),"[""https://www.gub.uy/ministerio-salud-publica/sites/ministerio-salud-publica/files/2024-03/ELEPEM%20CERTIFICADOS%207-3-2024.pdf""]"
ELP-0630,Residencial Oasis,Montevideo,MONTEVIDEO,Ellauri 741,Ellauri,741,,,,,,Certificado de registro MSP (histórico),False,False,True,False,1,121/2020,2020,2020,2020,1,1,-34.9171669,-56.1550686,alta,calle y puerta exacta,100,Direcciones Geográficas del Uruguay (IDE),"[""https://www.gub.uy/ministerio-salud-publica/sites/ministerio-salud-publica/files/2024-03/ELEPEM%20CERTIFICADOS%207-3-2024.pdf""]"
ELP-0631,Residencial Our Place,Montevideo,Montevideo,Bvar Batlle y Ordoñez 2141,Bvar Batlle y Ordoñez,2141,,,,,,Certificado de registro MSP (histórico),False,False,True,False,1,016/2021,2021,2021,2021,1,1,-34.8886523,-56.135566,alta,calle y puerta exacta,73,Direcciones Geográficas del Uruguay (IDE),"[""https://www.gub.uy/ministerio-salud-publica/sites/ministerio-salud-publica/files/2024-03/ELEPEM%20CERTIFICADOS%207-3-2024.pdf""]"
ELP-0632,Residencial Platino,Montevideo,,Agraciada 3360,Agraciada,3360,,,,,,Certificado de registro MSP (histórico),False,False,True,False,1,143/2019,2019,2019,2019,1,1,-34.8704168,-56.2037259,alta,calle y puerta exacta,100,Direcciones Geográficas del Uruguay (IDE),"[""https://www.gub.uy/ministerio-salud-publica/sites/ministerio-salud-publica/files/2024-03/ELEPEM%20CERTIFICADOS%207-3-2024.pdf""]"
ELP-0633,Residencial Plenilunio,Montevideo,,Joaquin Suarez 3429,Joaquin Suarez,3429,,,,,,Certificado de registro MSP (histórico),False,False,True,False,1,085/2019,2019,2019,2019,1,1,-34.865574,-56.1962631,alta,calle y puerta exacta,100,Direcciones Geográficas del Uruguay (IDE),"[""https://www.gub.uy/ministerio-salud-publica/sites/ministerio-salud-publica/files/2024-03/ELEPEM%20CERTIFICADOS%207-3-2024.pdf""]"
ELP-0634,Residencial Portones,Montevideo,,8 de Octubre 3297 - ID#33198,,8 de Octubre 3297 - ID#33198,,,,,,Certificado de registro MSP (histórico),False,False,True,False,1,027/2018,2018,2018,2018,1,1,-34.8435007,-56.1807016,muy baja,centroide departamental,20,Direcciones Geográficas del Uruguay (IDE),"[""https://www.gub.uy/ministerio-salud-publica/sites/ministerio-salud-publica/files/2024-03/ELEPEM%20CERTIFICADOS%207-3-2024.pdf""]"
ELP-0635,Residencial Renacer,Montevideo,,Av Garzon 973,Av Garzon,973,,,,,,Certificado de registro MSP (histórico),False,False,True,False,1,060/2021,2021,2021,2021,1,1,-34.831772,-56.2212604,alta,calle y puerta exacta,100,Direcciones Geográficas del Uruguay (IDE),"[""https://www.gub.uy/ministerio-salud-publica/sites/ministerio-salud-publica/files/2024-03/ELEPEM%20CERTIFICADOS%207-3-2024.pdf""]"
ELP-0636,Residencial Ricaldoni,Montevideo,Montevideo,Américo Ricaldoni 1802,Américo Ricaldoni,1802,19,24839972,facundoresidencial@hotmail.com karenbarnech@frenchhouse.com.uy -,,,Habilitación final MSP,True,True,False,False,0,,,,2026-06-30,2,2,-34.8949961,-56.1508086,alta,calle y puerta exacta,100,Direcciones Geográficas del Uruguay (IDE),"[""https://www.gub.uy/ministerio-salud-publica/sites/ministerio-salud-publica/files/2026-06/ELEPEM%20HABILITADOS%20JUNIO%202026.pdf"", ""https://www.gub.uy/ministerio-desarrollo-social/etiqueta/otros/montevideo-establecimientos-larga-estadia-para-personas-mayores-certificado-social""]"
ELP-0637,Residencial Ricaldoni,Montevideo,,Atilio Narancio 3101 y Américo Ricaldoni 1802,Atilio Narancio,3101,,,,,,Certificado de registro MSP (histórico),False,False,True,False,1,172/2019,2019,2019,2019,1,1,-34.8951145,-56.1505351,alta,calle y puerta exacta,100,Direcciones Geográficas del Uruguay (IDE),"[""https://www.gub.uy/ministerio-salud-publica/sites/ministerio-salud-publica/files/2024-03/ELEPEM%20CERTIFICADOS%207-3-2024.pdf""]"
ELP-0638,RESIDENCIAL RIMAC,Montevideo,MONTEVIDEO,RIMAC 1652,RIMAC,1652,,,,,,Certificado de registro MSP (histórico),False,False,True,False,1,137/2022,2022,2022,2022,1,1,-34.8908335,-56.1027755,alta,calle y puerta exacta,100,Direcciones Geográficas del Uruguay (IDE),"[""https://www.gub.uy/ministerio-salud-publica/sites/ministerio-salud-publica/files/2024-03/ELEPEM%20CERTIFICADOS%207-3-2024.pdf""]"
ELP-0639,Rincón de Luz,Montevideo,Montevideo,Rambla República de Chile 4469,Rambla República de Chile,4469,28,26149533,rincondeluz4@hotmail.com - emib6@hotmail.com,BARNECHEGARAY LESTIDO EMILIANO,21 720416 0011,Habilitación final MSP,True,True,True,True,1,103/2021,2021,2021,2026-06-30,4,4,-34.8970583,-56.115314,alta,calle y puerta exacta,100,Direcciones Geográficas del Uruguay (IDE),"[""https://www.gub.uy/ministerio-salud-publica/sites/ministerio-salud-publica/files/2026-06/ELEPEM%20HABILITADOS%20JUNIO%202026.pdf"", ""https://www.gub.uy/ministerio-desarrollo-social/etiqueta/otros/montevideo-establecimientos-larga-estadia-para-personas-mayores-certificado-social"", ""https://www.gub.uy/sistema-cuidados/comunicacion/comunicados/programa-apoyo-cuidado-permanente-pacp"", ""https://www.gub.uy/ministerio-salud-publica/sites/ministerio-salud-publica/files/2024-03/ELEPEM%20CERTIFICADOS%207-3-2024.pdf""]"
ELP-0640,Residencial Rincon de luz,Montevideo,Montevideo,Soca 1588,Soca,1588,,,,,,Certificado de registro MSP (histórico),False,False,True,False,1,104/2021,2021,2021,2021,1,1,-34.8992381,-56.1574641,alta,calle y puerta exacta,100,Direcciones Geográficas del Uruguay (IDE),"[""https://www.gub.uy/ministerio-salud-publica/sites/ministerio-salud-publica/files/2024-03/ELEPEM%20CERTIFICADOS%207-3-2024.pdf""]"
ELP-0641,Saint Remy,Montevideo,Montevideo,Jose Marti 3118/ 3124,Jose Marti,3118/ 3124,18,27065819 / 092600349,jessi.meyer@gmail.com,,,Habilitación final MSP,True,True,True,False,1,069/2021,2021,2021,2026-06-30,3,3,-34.9091049,-56.152265,alta,calle y puerta exacta,100,Direcciones Geográficas del Uruguay (IDE),"[""https://www.gub.uy/ministerio-salud-publica/sites/ministerio-salud-publica/files/2026-06/ELEPEM%20HABILITADOS%20JUNIO%202026.pdf"", ""https://www.gub.uy/ministerio-desarrollo-social/etiqueta/otros/montevideo-establecimientos-larga-estadia-para-personas-mayores-certificado-social"", ""https://www.gub.uy/ministerio-salud-publica/sites/ministerio-salud-publica/files/2024-03/ELEPEM%20CERTIFICADOS%207-3-2024.pdf""]"
ELP-0642,San Diego,Montevideo,Montevideo,Fiol De Pereda 1421,Fiol De Pereda,1421,,22044556,,,,Certificado Social MIDES,False,True,True,False,1,055/2018,2018,2018,2024-07-15,2,2,-34.8749853,-56.1875587,alta,calle y puerta exacta,100,Direcciones Geográficas del Uruguay (IDE),"[""https://www.gub.uy/ministerio-desarrollo-social/etiqueta/otros/montevideo-establecimientos-larga-estadia-para-personas-mayores-certificado-social"", ""https://www.gub.uy/ministerio-salud-publica/sites/ministerio-salud-publica/files/2024-03/ELEPEM%20CERTIFICADOS%207-3-2024.pdf""]"
ELP-0643,Residencial San Isidro Labrador,Montevideo,Montevideo,Avda. de las Instrucciones 4883,Avda. de las Instrucciones,4883,,,,,,Certificado de registro MSP (histórico),False,False,True,False,1,044/2020,2020,2020,2020,1,1,-34.7969722,-56.1711506,media-baja,centroide de calle,70,Direcciones Geográficas del Uruguay (IDE),"[""https://www.gub.uy/ministerio-salud-publica/sites/ministerio-salud-publica/files/2024-03/ELEPEM%20CERTIFICADOS%207-3-2024.pdf""]"
ELP-0644,Residencial “ Segunda Juventud ”,Montevideo,Montevideo,Av 8 de octubre 4635,Av,8 de octubre 4635,,,,,,Certificado de registro MSP (histórico),False,False,True,False,1,074/2020,2020,2020,2020,1,1,-34.8577219,-56.2205545,media-baja,centroide de calle,70,Direcciones Geográficas del Uruguay (IDE),"[""https://www.gub.uy/ministerio-salud-publica/sites/ministerio-salud-publica/files/2024-03/ELEPEM%20CERTIFICADOS%207-3-2024.pdf""]"
ELP-0645,Segunda Juventud IV,Montevideo,Montevideo,José Batlle Y Ordóñez 2946,José Batlle Y Ordóñez,2946,,94056905,,,,Certificado Social MIDES,False,True,True,False,1,078/2020,2020,2020,2024-07-15,2,2,-34.8780013,-56.1493485,alta,calle y puerta exacta,100,Direcciones Geográficas del Uruguay (IDE),"[""https://www.gub.uy/ministerio-desarrollo-social/etiqueta/otros/montevideo-establecimientos-larga-estadia-para-personas-mayores-certificado-social"", ""https://www.gub.uy/ministerio-salud-publica/sites/ministerio-salud-publica/files/2024-03/ELEPEM%20CERTIFICADOS%207-3-2024.pdf""]"
ELP-0646,Segunda Juventud I,Montevideo,Montevideo,Marcelino Sosa 2409,Marcelino Sosa,2409,,22027111,,,,Certificado Social MIDES,False,True,True,False,2,"012/2017, 097/2020",2017,2020,2024-07-15,3,2,-34.8827978,-56.1839782,alta,calle y puerta exacta,100,Direcciones Geográficas del Uruguay (IDE),"[""https://www.gub.uy/ministerio-desarrollo-social/etiqueta/otros/montevideo-establecimientos-larga-estadia-para-personas-mayores-certificado-social"", ""https://www.gub.uy/ministerio-salud-publica/sites/ministerio-salud-publica/files/2024-03/ELEPEM%20CERTIFICADOS%207-3-2024.pdf""]"
ELP-0647,Residencial Serena,Montevideo,Montevideo,8 De Octubre 2856,8 De Octubre,2856,,24802408,,,,Certificado Social MIDES,False,True,False,False,0,,,,2024-07-15,1,1,-34.8862436,-56.1573728,alta,calle y puerta exacta,100,Direcciones Geográficas del Uruguay (IDE),"[""https://www.gub.uy/ministerio-desarrollo-social/etiqueta/otros/montevideo-establecimientos-larga-estadia-para-personas-mayores-certificado-social""]"
ELP-0648,Residencial Sol de Otoño 1,Montevideo,Montevideo,Joaquín Suárez 3455,Joaquín Suárez,3455,,,,,,Certificado de registro MSP (histórico),False,False,True,False,3,"056/2018, 089/2018, 009/2020",2018,2020,2020,3,1,-34.8646016,-56.1962412,alta,calle y puerta exacta,100,Direcciones Geográficas del Uruguay (IDE),"[""https://www.gub.uy/ministerio-salud-publica/sites/ministerio-salud-publica/files/2024-03/ELEPEM%20CERTIFICADOS%207-3-2024.pdf""]"
ELP-0649,Residencial Sol de Otoño II,Montevideo,Montevideo,Carlos Vaz Ferreira 3644,Carlos Vaz Ferreira,3644,,,,,,Certificado de registro MSP (histórico),False,False,True,False,1,025/2020,2020,2020,2020,1,1,-34.8369702,-56.2418636,media-baja,centroide de calle,70,Direcciones Geográficas del Uruguay (IDE),"[""https://www.gub.uy/ministerio-salud-publica/sites/ministerio-salud-publica/files/2024-03/ELEPEM%20CERTIFICADOS%207-3-2024.pdf""]"
ELP-0650,Residencial Sol de Otoño III,Montevideo,Montevideo,Castro 433,Castro,433,,,,,,Certificado de registro MSP (histórico),False,False,True,False,1,013/2020,2020,2020,2020,1,1,-34.8535289,-56.209035,alta,calle y puerta exacta,100,Direcciones Geográficas del Uruguay (IDE),"[""https://www.gub.uy/ministerio-salud-publica/sites/ministerio-salud-publica/files/2024-03/ELEPEM%20CERTIFICADOS%207-3-2024.pdf""]"
ELP-0651,Sueño de Hogar,Montevideo,Montevideo,San Martín 3020,San Martín,3020,25,22025781,residencialsdehogar@gmail.com,,,Habilitación final MSP,True,True,True,False,1,015/2019,2019,2019,2026-06-30,3,3,-34.8703664,-56.1819467,alta,calle y puerta exacta,100,Direcciones Geográficas del Uruguay (IDE),"[""https://www.gub.uy/ministerio-salud-publica/sites/ministerio-salud-publica/files/2026-06/ELEPEM%20HABILITADOS%20JUNIO%202026.pdf"", ""https://www.gub.uy/ministerio-desarrollo-social/etiqueta/otros/montevideo-establecimientos-larga-estadia-para-personas-mayores-certificado-social"", ""https://www.gub.uy/ministerio-salud-publica/sites/ministerio-salud-publica/files/2024-03/ELEPEM%20CERTIFICADOS%207-3-2024.pdf""]"
ELP-0652,Sweet Home,Montevideo,Montevideo,Av. Juan Bautista Alberdi 6250,Av. Juan Bautista Alberdi,6250,,26004352,,,,Certificado Social MIDES,False,True,True,False,2,"041/2020, 045/2021",2020,2021,2024-07-15,3,2,-34.8823406,-56.0724721,alta,calle y puerta exacta,100,Direcciones Geográficas del Uruguay (IDE),"[""https://www.gub.uy/ministerio-desarrollo-social/etiqueta/otros/montevideo-establecimientos-larga-estadia-para-personas-mayores-certificado-social"", ""https://www.gub.uy/ministerio-salud-publica/sites/ministerio-salud-publica/files/2024-03/ELEPEM%20CERTIFICADOS%207-3-2024.pdf""]"
ELP-0653,Tata Luis y Doña Lola,Montevideo,Montevideo,Mercedes 1572,Mercedes,1572,15,24097422,moni-molis@hotmail.com,,,Habilitación final MSP,True,True,True,False,2,"099/2018, 090/2019",2018,2019,2026-06-30,4,3,-34.9026113,-56.1828566,alta,calle y puerta exacta,100,Direcciones Geográficas del Uruguay (IDE),"[""https://www.gub.uy/ministerio-salud-publica/sites/ministerio-salud-publica/files/2026-06/ELEPEM%20HABILITADOS%20JUNIO%202026.pdf"", ""https://www.gub.uy/ministerio-desarrollo-social/etiqueta/otros/montevideo-establecimientos-larga-estadia-para-personas-mayores-certificado-social"", ""https://www.gub.uy/ministerio-salud-publica/sites/ministerio-salud-publica/files/2024-03/ELEPEM%20CERTIFICADOS%207-3-2024.pdf""]"
ELP-0654,Residencial Teagarden,Montevideo,,Av. Lezica 5858,Av. Lezica,5858,,,,,,Certificado de registro MSP (histórico),False,False,True,False,1,105/2019,2019,2019,2019,1,1,-34.8031775,-56.2297437,alta,calle y puerta exacta,100,Direcciones Geográficas del Uruguay (IDE),"[""https://www.gub.uy/ministerio-salud-publica/sites/ministerio-salud-publica/files/2024-03/ELEPEM%20CERTIFICADOS%207-3-2024.pdf""]"
ELP-0655,Terra Nostra,Montevideo,Montevideo,Pedro Cosio 2451,Pedro Cosio,2451,20,25261891 / 09255118,residencialterranostra@hotmail.com,RESIDENCIALES UNIDOS LIMITADA,21 852298 0010,Habilitación final MSP,True,True,True,True,1,186/2019,2019,2019,2026-06-30,4,4,-34.8717757,-56.1081415,alta,calle y puerta exacta,100,Direcciones Geográficas del Uruguay (IDE),"[""https://www.gub.uy/ministerio-salud-publica/sites/ministerio-salud-publica/files/2026-06/ELEPEM%20HABILITADOS%20JUNIO%202026.pdf"", ""https://www.gub.uy/ministerio-desarrollo-social/etiqueta/otros/montevideo-establecimientos-larga-estadia-para-personas-mayores-certificado-social"", ""https://www.gub.uy/sistema-cuidados/comunicacion/comunicados/programa-apoyo-cuidado-permanente-pacp"", ""https://www.gub.uy/ministerio-salud-publica/sites/ministerio-salud-publica/files/2024-03/ELEPEM%20CERTIFICADOS%207-3-2024.pdf""]"
ELP-0656,Umpierrez,Montevideo,Montevideo,Juan Manuel Blanes 1274,Juan Manuel Blanes,1274,23,094163189 | 24012306,andreaumpierrez71@hotmail.com,UMPIÉRREZ BUSQUIAZZO ANDREA ELIZABETH,21 487066 0015,Habilitación final MSP,True,True,True,True,1,103/2018,2018,2018,2026-06-30,4,4,-34.9057697,-56.1720943,alta,calle y puerta exacta,100,Direcciones Geográficas del Uruguay (IDE),"[""https://www.gub.uy/ministerio-salud-publica/sites/ministerio-salud-publica/files/2026-06/ELEPEM%20HABILITADOS%20JUNIO%202026.pdf"", ""https://www.gub.uy/ministerio-desarrollo-social/etiqueta/otros/montevideo-establecimientos-larga-estadia-para-personas-mayores-certificado-social"", ""https://www.gub.uy/sistema-cuidados/comunicacion/comunicados/programa-apoyo-cuidado-permanente-pacp"", ""https://www.gub.uy/ministerio-salud-publica/sites/ministerio-salud-publica/files/2024-03/ELEPEM%20CERTIFICADOS%207-3-2024.pdf""]"
ELP-0657,Veramar Home,Montevideo,Montevideo,Rambla Rep. de México 5913,Rambla Rep. de México,5913,12,26059703,veramarhome@gmail.com,,,Habilitación final MSP,True,True,True,False,1,040/2021,2021,2021,2026-06-30,3,3,-34.8985398,-56.0677956,alta,calle y puerta exacta,88,Direcciones Geográficas del Uruguay (IDE),"[""https://www.gub.uy/ministerio-salud-publica/sites/ministerio-salud-publica/files/2026-06/ELEPEM%20HABILITADOS%20JUNIO%202026.pdf"", ""https://www.gub.uy/ministerio-desarrollo-social/etiqueta/otros/montevideo-establecimientos-larga-estadia-para-personas-mayores-certificado-social"", ""https://www.gub.uy/ministerio-salud-publica/sites/ministerio-salud-publica/files/2024-03/ELEPEM%20CERTIFICADOS%207-3-2024.pdf""]"
ELP-0658,Residencial Versalles,Montevideo,,Agraciada 3681,Agraciada,3681,,,,,,Certificado de registro MSP (histórico),False,False,True,False,1,109/2019,2019,2019,2019,1,1,-34.8648416,-56.2097731,alta,calle y puerta exacta,100,Direcciones Geográficas del Uruguay (IDE),"[""https://www.gub.uy/ministerio-salud-publica/sites/ministerio-salud-publica/files/2024-03/ELEPEM%20CERTIFICADOS%207-3-2024.pdf""]"
ELP-0659,Residencial VIDA Residencial El Remanso,Montevideo,Montevideo Montevideo,Venezuela 1431 Jaime Cibils 2848,Venezuela,1431 Jaime Cibils 2848,,,,,,Certificado de registro MSP (histórico),False,False,True,False,1,098/2020,2020,2020,2020,1,1,-34.8935512,-56.1870195,alta,calle y puerta exacta,100,Direcciones Geográficas del Uruguay (IDE),"[""https://www.gub.uy/ministerio-salud-publica/sites/ministerio-salud-publica/files/2024-03/ELEPEM%20CERTIFICADOS%207-3-2024.pdf""]"
ELP-0660,Valle Vilcabamba Residencias,Montevideo,Montevideo,Almirante Harwood 6214 -6212,Almirante Harwood,6214 -6212,16,26000263 | 26002063 – 095066822,admonvilcabamba@gmail.com,,,Habilitación final MSP,True,True,True,False,1,011/2020,2020,2020,2026-06-30,3,3,-34.8890769,-56.0701623,alta,calle y puerta exacta,100,Direcciones Geográficas del Uruguay (IDE),"[""https://www.gub.uy/ministerio-salud-publica/sites/ministerio-salud-publica/files/2026-06/ELEPEM%20HABILITADOS%20JUNIO%202026.pdf"", ""https://www.gub.uy/ministerio-desarrollo-social/etiqueta/otros/montevideo-establecimientos-larga-estadia-para-personas-mayores-certificado-social"", ""https://www.gub.uy/ministerio-salud-publica/sites/ministerio-salud-publica/files/2024-03/ELEPEM%20CERTIFICADOS%207-3-2024.pdf""]"
ELP-0661,Villa Amanda,Montevideo,Montevideo,Santa Lucía 4175,Santa Lucía,4175,10,23045477,ceciliavillalba09@gmail.com,,,Habilitación final MSP,True,True,True,False,1,008/2021,2021,2021,2026-06-30,3,3,-34.8556872,-56.218477,alta,calle y puerta exacta,100,Direcciones Geográficas del Uruguay (IDE),"[""https://www.gub.uy/ministerio-salud-publica/sites/ministerio-salud-publica/files/2026-06/ELEPEM%20HABILITADOS%20JUNIO%202026.pdf"", ""https://www.gub.uy/ministerio-desarrollo-social/etiqueta/otros/montevideo-establecimientos-larga-estadia-para-personas-mayores-certificado-social"", ""https://www.gub.uy/ministerio-salud-publica/sites/ministerio-salud-publica/files/2024-03/ELEPEM%20CERTIFICADOS%207-3-2024.pdf""]"
ELP-0662,Residencial Villa Angelita,Montevideo,,Campisteguy 2973,Campisteguy,2973,,,,,,Certificado de registro MSP (histórico),False,False,True,False,1,122/2019,2019,2019,2019,1,1,-34.8724699,-56.1688349,alta,calle y puerta exacta,100,Direcciones Geográficas del Uruguay (IDE),"[""https://www.gub.uy/ministerio-salud-publica/sites/ministerio-salud-publica/files/2024-03/ELEPEM%20CERTIFICADOS%207-3-2024.pdf""]"
ELP-0663,Residencial Villa Dolores,Montevideo,,Ramon Anador 3481,Ramon Anador,3481,,,,,,Certificado de registro MSP (histórico),False,False,True,False,1,058/2021,2021,2021,2021,1,1,-34.8959224,-56.1775698,media-baja,centroide de calle,70,Direcciones Geográficas del Uruguay (IDE),"[""https://www.gub.uy/ministerio-salud-publica/sites/ministerio-salud-publica/files/2024-03/ELEPEM%20CERTIFICADOS%207-3-2024.pdf""]"
ELP-0664,Residencial Villa Rosana,Montevideo,,Bv. José Batlle y Ordoñez 2089,Bv. José Batlle y Ordoñez,2089,,,,,,Certificado de registro MSP (histórico),False,False,True,False,1,142/2019,2019,2019,2019,1,1,-34.8893702,-56.1346633,alta,calle y puerta exacta,100,Direcciones Geográficas del Uruguay (IDE),"[""https://www.gub.uy/ministerio-salud-publica/sites/ministerio-salud-publica/files/2024-03/ELEPEM%20CERTIFICADOS%207-3-2024.pdf""]"
ELP-0665,Residencial Vital HOUSE,Montevideo,,Salto 1176,Salto,1176,,,,,,Certificado de registro MSP (histórico),False,False,True,False,1,039/2021,2021,2021,2021,1,1,-34.9085345,-56.1819313,alta,calle y puerta exacta,100,Direcciones Geográficas del Uruguay (IDE),"[""https://www.gub.uy/ministerio-salud-publica/sites/ministerio-salud-publica/files/2024-03/ELEPEM%20CERTIFICADOS%207-3-2024.pdf""]"
ELP-0666,Residencial Zar Shalom,Montevideo,,Machies 4435,Machies,4435,,,,,,Certificado de registro MSP (histórico),False,False,True,False,1,171/2019,2019,2019,2019,1,1,-34.8312079,-56.158365,alta,calle y puerta exacta,100,Direcciones Geográficas del Uruguay (IDE),"[""https://www.gub.uy/ministerio-salud-publica/sites/ministerio-salud-publica/files/2024-03/ELEPEM%20CERTIFICADOS%207-3-2024.pdf""]"
ELP-0667,ZUICH,Montevideo,MONTEVIDEO,Av. Luis Alberte de Herrera 3943,Av. Luis Alberte de Herrera,3943,,,,,,Certificado de registro MSP (histórico),False,False,True,False,2,"112/2021, 037/2023",2021,2023,2023,2,1,-34.860554,-56.2619522,media-baja,centroide de calle,70,Direcciones Geográficas del Uruguay (IDE),"[""https://www.gub.uy/ministerio-salud-publica/sites/ministerio-salud-publica/files/2024-03/ELEPEM%20CERTIFICADOS%207-3-2024.pdf""]"
ELP-0668,RINCON DE LUZ,Montevideo,MONTEVIDEO,8 DE OCTUBRE 3203,,8 DE OCTUBRE 3203,,,,,,Certificado de registro MSP (histórico),False,False,True,False,2,"055/2022, 056/2022",2022,2022,2022,2,1,-34.8474548,-56.1635699,baja,centroide de localidad,35,Direcciones Geográficas del Uruguay (IDE),"[""https://www.gub.uy/ministerio-salud-publica/sites/ministerio-salud-publica/files/2024-03/ELEPEM%20CERTIFICADOS%207-3-2024.pdf""]"
ELP-0669,RISA,Montevideo,MONTEVIDEO CIUDAD DE LA,Av. Manuel Herrera y Obes 4127,Av. Manuel Herrera y Obes,4127,,,,,,Certificado de registro MSP (histórico),False,False,True,False,1,029/2023,2023,2023,2023,1,1,-34.8362558,-56.261365,media-baja,centroide de calle,70,Direcciones Geográficas del Uruguay (IDE),"[""https://www.gub.uy/ministerio-salud-publica/sites/ministerio-salud-publica/files/2024-03/ELEPEM%20CERTIFICADOS%207-3-2024.pdf""]"
ELP-0670,Risa,Montevideo,Montevideo,Bv. Manuel Herrera Y Obes 4125/4127,Bv. Manuel Herrera Y Obes,4125/4127,,23038902,,,,Certificado Social MIDES,False,True,False,False,0,,,,2024-07-15,1,1,-34.8605487,-56.2219712,alta,calle y puerta exacta,100,Direcciones Geográficas del Uruguay (IDE),"[""https://www.gub.uy/ministerio-desarrollo-social/etiqueta/otros/montevideo-establecimientos-larga-estadia-para-personas-mayores-certificado-social""]"
ELP-0671,ROSAS DEL PRADO,Montevideo,MONTEVIDEO SALINAS / PINAMAR,HERMANOS GIL 1023,HERMANOS GIL,1023,,,,,,Certificado de registro MSP (histórico),False,False,True,False,1,080/2022,2022,2022,2022,1,1,-34.8703084,-56.2027153,alta,calle y puerta exacta,100,Direcciones Geográficas del Uruguay (IDE),"[""https://www.gub.uy/ministerio-salud-publica/sites/ministerio-salud-publica/files/2024-03/ELEPEM%20CERTIFICADOS%207-3-2024.pdf""]"
ELP-0672,Saint Michele,Montevideo,Montevideo,Alberdi 6344,Alberdi,6344,22,26046780,atmisaintmichel@gmail.com residencialagee@gmail.com -,,,Habilitación final MSP,True,True,True,False,1,078/2022,2022,2022,2026-06-30,3,3,-34.8815628,-56.0702369,alta,calle y puerta exacta,100,Direcciones Geográficas del Uruguay (IDE),"[""https://www.gub.uy/ministerio-salud-publica/sites/ministerio-salud-publica/files/2026-06/ELEPEM%20HABILITADOS%20JUNIO%202026.pdf"", ""https://www.gub.uy/ministerio-desarrollo-social/etiqueta/otros/montevideo-establecimientos-larga-estadia-para-personas-mayores-certificado-social"", ""https://www.gub.uy/ministerio-salud-publica/sites/ministerio-salud-publica/files/2024-03/ELEPEM%20CERTIFICADOS%207-3-2024.pdf""]"
ELP-0673,SAN CAMILO,Montevideo,MONTEVIDEO,Gregorio Funes,Gregorio Funes,,,,,,,Certificado de registro MSP (histórico),False,False,True,False,1,051/2023,2023,2023,2023,1,1,-34.8784885,-56.1462327,media-baja,centroide de calle,70,Direcciones Geográficas del Uruguay (IDE),"[""https://www.gub.uy/ministerio-salud-publica/sites/ministerio-salud-publica/files/2024-03/ELEPEM%20CERTIFICADOS%207-3-2024.pdf""]"
ELP-0674,SAN CAYETANO,Montevideo,MONTEVIDEO,COMERCIO 970,COMERCIO,970,,,,,,Certificado de registro MSP (histórico),False,False,True,False,1,112/2022,2022,2022,2022,1,1,-34.8880525,-56.1392386,media-baja,centroide de calle,70,Direcciones Geográficas del Uruguay (IDE),"[""https://www.gub.uy/ministerio-salud-publica/sites/ministerio-salud-publica/files/2024-03/ELEPEM%20CERTIFICADOS%207-3-2024.pdf""]"
ELP-0675,SAN FERNANDO,Montevideo,MONTEVIDEO,Yamandù Rodriguez 1399,Yamandù Rodriguez,1399,,,,,,Certificado de registro MSP (histórico),False,False,True,False,1,044/2023,2023,2023,2023,1,1,-34.8925357,-56.0647282,alta,calle y puerta exacta,100,Direcciones Geográficas del Uruguay (IDE),"[""https://www.gub.uy/ministerio-salud-publica/sites/ministerio-salud-publica/files/2024-03/ELEPEM%20CERTIFICADOS%207-3-2024.pdf""]"
ELP-0676,San Jorge,Montevideo,Montevideo,Rivera 2520,Rivera,2520,27,27072432,info@residencialsanjorge.com.uy,,,Habilitación final MSP,True,True,True,False,1,013/2017,2017,2017,2026-06-30,3,3,-34.9029946,-56.1609764,alta,calle y puerta exacta,100,Direcciones Geográficas del Uruguay (IDE),"[""https://www.gub.uy/ministerio-salud-publica/sites/ministerio-salud-publica/files/2026-06/ELEPEM%20HABILITADOS%20JUNIO%202026.pdf"", ""https://www.gub.uy/ministerio-desarrollo-social/etiqueta/otros/montevideo-establecimientos-larga-estadia-para-personas-mayores-certificado-social"", ""https://www.gub.uy/ministerio-salud-publica/sites/ministerio-salud-publica/files/2024-03/ELEPEM%20CERTIFICADOS%207-3-2024.pdf""]"
ELP-0677,San José,Montevideo,,Millán 3958 - Mdeo,Millán,3958 - Mdeo,,,,,,Certificado de registro MSP (histórico),False,False,True,False,1,087/2018,2018,2018,2018,1,1,-34.8542059,-56.1969347,alta,calle y puerta exacta,100,Direcciones Geográficas del Uruguay (IDE),"[""https://www.gub.uy/ministerio-salud-publica/sites/ministerio-salud-publica/files/2024-03/ELEPEM%20CERTIFICADOS%207-3-2024.pdf""]"
ELP-0678,SAN PANCRACIO,Montevideo,MONTEVIDEO,Veracierto 2830,Veracierto,2830,,,,,,Certificado de registro MSP (histórico),False,False,True,False,1,009/2023,2023,2023,2023,1,1,-34.8656637,-56.1209407,alta,calle y puerta exacta,100,Direcciones Geográficas del Uruguay (IDE),"[""https://www.gub.uy/ministerio-salud-publica/sites/ministerio-salud-publica/files/2024-03/ELEPEM%20CERTIFICADOS%207-3-2024.pdf""]"
ELP-0679,SANDRA,Montevideo,MONTEVIDEO,Juan Proudfoot 1783,Juan Proudfoot,1783,,,,,,Certificado de registro MSP (histórico),False,False,True,False,1,040/2023,2023,2023,2023,1,1,-34.8106155,-56.2193163,alta,calle y puerta exacta,100,Direcciones Geográficas del Uruguay (IDE),"[""https://www.gub.uy/ministerio-salud-publica/sites/ministerio-salud-publica/files/2024-03/ELEPEM%20CERTIFICADOS%207-3-2024.pdf""]"
ELP-0680,Saniguet,Montevideo,Montevideo,Avda. Millán 3260,Avda. Millán,3260,48,22001611,residencialsaniguet@gmail.com,,,Habilitación final MSP,True,True,True,False,1,009/2018,2018,2018,2026-06-30,3,3,-34.8673872,-56.1917496,alta,calle y puerta exacta,100,Direcciones Geográficas del Uruguay (IDE),"[""https://www.gub.uy/ministerio-salud-publica/sites/ministerio-salud-publica/files/2026-06/ELEPEM%20HABILITADOS%20JUNIO%202026.pdf"", ""https://www.gub.uy/ministerio-desarrollo-social/etiqueta/otros/montevideo-establecimientos-larga-estadia-para-personas-mayores-certificado-social"", ""https://www.gub.uy/ministerio-salud-publica/sites/ministerio-salud-publica/files/2024-03/ELEPEM%20CERTIFICADOS%207-3-2024.pdf""]"
ELP-0681,Santa Bernardita,Montevideo,Montevideo,19 de Abril 1140,,19 de Abril 1140,19,23367885,acevo@gmail.com,,,Habilitación final MSP,True,False,True,False,1,082/2018,2018,2018,2026-06-30,2,2,-34.8551715,-56.1631308,baja,centroide de localidad,35,Direcciones Geográficas del Uruguay (IDE),"[""https://www.gub.uy/ministerio-salud-publica/sites/ministerio-salud-publica/files/2026-06/ELEPEM%20HABILITADOS%20JUNIO%202026.pdf"", ""https://www.gub.uy/ministerio-salud-publica/sites/ministerio-salud-publica/files/2024-03/ELEPEM%20CERTIFICADOS%207-3-2024.pdf""]"
ELP-0682,SEBASTIAL,Montevideo,MONTEVIDEO,San Martìn 3072,San Martìn,3072,,,,,,Certificado de registro MSP (histórico),False,False,True,False,2,"032/2018, 027/2023",2018,2023,2023,2,1,-34.8697297,-56.1816938,alta,calle y puerta exacta,100,Direcciones Geográficas del Uruguay (IDE),"[""https://www.gub.uy/ministerio-salud-publica/sites/ministerio-salud-publica/files/2024-03/ELEPEM%20CERTIFICADOS%207-3-2024.pdf""]"
ELP-0683,SEGUNDA JUVENTUD,Montevideo,MONTEVIDEO,8 DE OCTUBRE 4635,,8 DE OCTUBRE 4635,,,,,,Certificado de registro MSP (histórico),False,False,True,False,1,030/2022,2022,2022,2022,1,1,-34.8530795,-56.1888909,baja,centroide de localidad,35,Direcciones Geográficas del Uruguay (IDE),"[""https://www.gub.uy/ministerio-salud-publica/sites/ministerio-salud-publica/files/2024-03/ELEPEM%20CERTIFICADOS%207-3-2024.pdf""]"
ELP-0684,Segunda Juventud II,Montevideo,Montevideo,Camino Maldonado 5034,Camino Maldonado,5034,,25111618,,,,Certificado Social MIDES,False,True,True,False,2,"090/2018, 117/2021",2018,2021,2024-07-15,3,2,-34.8532582,-56.1298738,alta,calle y puerta exacta,100,Direcciones Geográficas del Uruguay (IDE),"[""https://www.gub.uy/ministerio-desarrollo-social/etiqueta/otros/montevideo-establecimientos-larga-estadia-para-personas-mayores-certificado-social"", ""https://www.gub.uy/ministerio-salud-publica/sites/ministerio-salud-publica/files/2024-03/ELEPEM%20CERTIFICADOS%207-3-2024.pdf""]"
ELP-0685,Segunda Juventud III,Montevideo,Montevideo,Av. 8 De Octubre 4635,Av. 8 De Octubre,4635,,25093856,,,,Certificado Social MIDES,False,True,False,False,0,,,,2024-07-15,1,1,-34.8597997,-56.1338555,alta,calle y puerta exacta,100,Direcciones Geográficas del Uruguay (IDE),"[""https://www.gub.uy/ministerio-desarrollo-social/etiqueta/otros/montevideo-establecimientos-larga-estadia-para-personas-mayores-certificado-social""]"
ELP-0686,Seraan,Montevideo,Montevideo,Avda. Millán 3346,Avda. Millán,3346,21,,seraancooperativa@gmail.com,,,Habilitación final MSP,True,False,True,False,1,012/2018,2018,2018,2026-06-30,2,2,-34.86615,-56.1922939,alta,calle y puerta exacta,100,Direcciones Geográficas del Uruguay (IDE),"[""https://www.gub.uy/ministerio-salud-publica/sites/ministerio-salud-publica/files/2026-06/ELEPEM%20HABILITADOS%20JUNIO%202026.pdf"", ""https://www.gub.uy/ministerio-salud-publica/sites/ministerio-salud-publica/files/2024-03/ELEPEM%20CERTIFICADOS%207-3-2024.pdf""]"
ELP-0687,SHIRLEY MEDEROS,Montevideo,MONTEVIDEO CIUDAD DE LA,Acevedo Dìaz 1672,Acevedo Dìaz,1672,,,,,,Certificado de registro MSP (histórico),False,False,True,False,1,022/2023,2023,2023,2023,1,1,-34.8965425,-56.1670853,alta,calle y puerta exacta,100,Direcciones Geográficas del Uruguay (IDE),"[""https://www.gub.uy/ministerio-salud-publica/sites/ministerio-salud-publica/files/2024-03/ELEPEM%20CERTIFICADOS%207-3-2024.pdf""]"
ELP-0688,Sin nombre,Montevideo,,Santa Lucía 4012 - Mdeo,Santa Lucía,4012 - Mdeo,,,,,,Certificado de registro MSP (histórico),False,False,True,False,1,077/2018,2018,2018,2018,1,1,-34.8577975,-56.2143058,alta,calle y puerta exacta,100,Direcciones Geográficas del Uruguay (IDE),"[""https://www.gub.uy/ministerio-salud-publica/sites/ministerio-salud-publica/files/2024-03/ELEPEM%20CERTIFICADOS%207-3-2024.pdf""]"
ELP-0689,Sol de Otoño,Montevideo,,Maldonado 1487,Maldonado,1487,,,,,,Certificado de registro MSP (histórico),False,False,True,False,1,003/2017,2017,2017,2017,1,1,-34.9089911,-56.1833314,alta,calle y puerta exacta,100,Direcciones Geográficas del Uruguay (IDE),"[""https://www.gub.uy/ministerio-salud-publica/sites/ministerio-salud-publica/files/2024-03/ELEPEM%20CERTIFICADOS%207-3-2024.pdf""]"
ELP-0690,Solaz,Montevideo,,Minas 1072,Minas,1072,,,,,,Certificado de registro MSP (histórico),False,False,True,False,1,109/2018,2018,2018,2018,1,1,-34.9102273,-56.1792336,alta,calle y puerta exacta,100,Direcciones Geográficas del Uruguay (IDE),"[""https://www.gub.uy/ministerio-salud-publica/sites/ministerio-salud-publica/files/2024-03/ELEPEM%20CERTIFICADOS%207-3-2024.pdf""]"
ELP-0691,Sueños Compartidos,Montevideo,Montevideo,Dalmiro Costa 4685,Dalmiro Costa,4685,18,,contacto@hogarsc.com.uy,,,Habilitación final MSP,True,False,True,False,1,061/2019,2019,2019,2026-06-30,2,2,-34.8904068,-56.1127255,alta,calle y puerta exacta,100,Direcciones Geográficas del Uruguay (IDE),"[""https://www.gub.uy/ministerio-salud-publica/sites/ministerio-salud-publica/files/2026-06/ELEPEM%20HABILITADOS%20JUNIO%202026.pdf"", ""https://www.gub.uy/ministerio-salud-publica/sites/ministerio-salud-publica/files/2024-03/ELEPEM%20CERTIFICADOS%207-3-2024.pdf""]"
ELP-0692,Talcahuano,Montevideo,Montevideo,Talcahuano 3226,Talcahuano,3226,16,24870259,luciadelossantos75@gmail.com,,,Habilitación final MSP,True,True,True,False,1,011/2022,2022,2022,2026-06-30,3,3,-34.8945247,-56.1474529,alta,calle y puerta exacta,100,Direcciones Geográficas del Uruguay (IDE),"[""https://www.gub.uy/ministerio-salud-publica/sites/ministerio-salud-publica/files/2026-06/ELEPEM%20HABILITADOS%20JUNIO%202026.pdf"", ""https://www.gub.uy/ministerio-desarrollo-social/etiqueta/otros/montevideo-establecimientos-larga-estadia-para-personas-mayores-certificado-social"", ""https://www.gub.uy/ministerio-salud-publica/sites/ministerio-salud-publica/files/2024-03/ELEPEM%20CERTIFICADOS%207-3-2024.pdf""]"
ELP-0693,TATA LUIS Y DOÑA LOLA,Montevideo,MONTEVIDEO,AYACUCHO 3409,AYACUCHO,3409,,,,,,Certificado de registro MSP (histórico),False,False,True,False,1,079/2022,2022,2022,2022,1,1,-34.8938148,-56.1440673,alta,calle y puerta exacta,100,Direcciones Geográficas del Uruguay (IDE),"[""https://www.gub.uy/ministerio-salud-publica/sites/ministerio-salud-publica/files/2024-03/ELEPEM%20CERTIFICADOS%207-3-2024.pdf""]"
ELP-0694,Tata Luis y Doña Lola,Montevideo,,Ramón Anador 3691,Ramón Anador,3691,,,,,,Certificado de registro MSP (histórico),False,False,True,False,1,006/2019,2019,2019,2019,1,1,-34.8878171,-56.169404,media-baja,centroide de calle,70,Direcciones Geográficas del Uruguay (IDE),"[""https://www.gub.uy/ministerio-salud-publica/sites/ministerio-salud-publica/files/2024-03/ELEPEM%20CERTIFICADOS%207-3-2024.pdf""]"
ELP-0695,Tempus,Montevideo,Montevideo,Av. General Santander 1680,Av. General Santander,1680,,,,,,Certificado de registro MSP (histórico),False,False,True,False,1,007/2024,2024,2024,2024,1,1,-34.884267,-56.0463256,alta,calle y puerta exacta,100,Direcciones Geográficas del Uruguay (IDE),"[""https://www.gub.uy/ministerio-salud-publica/sites/ministerio-salud-publica/files/2024-03/ELEPEM%20CERTIFICADOS%207-3-2024.pdf""]"
ELP-0696,The Green Home,Montevideo,Montevideo,Bolivia 2436,Bolivia,2436,29,26041163,greenhome@adinet.com.uy,,,Habilitación final MSP,True,True,True,False,1,115/2018,2018,2018,2026-06-30,3,3,-34.8772907,-56.0883894,alta,calle y puerta exacta,100,Direcciones Geográficas del Uruguay (IDE),"[""https://www.gub.uy/ministerio-salud-publica/sites/ministerio-salud-publica/files/2026-06/ELEPEM%20HABILITADOS%20JUNIO%202026.pdf"", ""https://www.gub.uy/ministerio-desarrollo-social/etiqueta/otros/montevideo-establecimientos-larga-estadia-para-personas-mayores-certificado-social"", ""https://www.gub.uy/ministerio-salud-publica/sites/ministerio-salud-publica/files/2024-03/ELEPEM%20CERTIFICADOS%207-3-2024.pdf""]"
ELP-0697,The green residence,Montevideo,,Av Italia 6485,Av Italia,6485,,,,,,Certificado de registro MSP (histórico),False,False,True,False,1,113/2018,2018,2018,2018,1,1,-34.8779227,-56.0687631,alta,calle y puerta exacta,100,Direcciones Geográficas del Uruguay (IDE),"[""https://www.gub.uy/ministerio-salud-publica/sites/ministerio-salud-publica/files/2024-03/ELEPEM%20CERTIFICADOS%207-3-2024.pdf""]"
ELP-0698,Tibicel - Estilo de Vida,Montevideo,,Blvr. Artigas 2520,Blvr. Artigas,2520,,,,,,Certificado de registro MSP (histórico),False,False,True,False,1,028/2018,2018,2018,2018,1,1,-34.879871,-56.16625,media,puerta más cercana en la misma calle,89,Direcciones Geográficas del Uruguay (IDE),"[""https://www.gub.uy/ministerio-salud-publica/sites/ministerio-salud-publica/files/2024-03/ELEPEM%20CERTIFICADOS%207-3-2024.pdf""]"
ELP-0699,Tilos De Abril,Montevideo,Montevideo,6 De Abril 1374,6 De Abril,1374,,26005538,,,,Certificado Social MIDES,False,True,False,False,0,,,,2024-07-15,2,1,-34.8946962,-56.0646975,alta,calle y puerta exacta,100,Direcciones Geográficas del Uruguay (IDE),"[""https://www.gub.uy/ministerio-desarrollo-social/etiqueta/otros/montevideo-establecimientos-larga-estadia-para-personas-mayores-certificado-social""]"
ELP-0700,TILOS DE ABRIL,Montevideo,MONTEVIDEO,6 de Abril 1374,,6 de Abril 1374,,,,,,Certificado de registro MSP (histórico),False,False,True,False,1,014/2023,2023,2023,2023,1,1,-34.8737415,-56.160615,baja,centroide de localidad,35,Direcciones Geográficas del Uruguay (IDE),"[""https://www.gub.uy/ministerio-salud-publica/sites/ministerio-salud-publica/files/2024-03/ELEPEM%20CERTIFICADOS%207-3-2024.pdf""]"
ELP-0701,Tio Tito,Montevideo,Montevideo,Blanes Viale 5910,Blanes Viale,5910,20,94458041,rosanalarroca@hotmail.com,,,Habilitación final MSP,True,False,True,False,1,002/2017,2017,2017,2026-06-30,2,2,-34.8909342,-56.067718,alta,calle y puerta exacta,100,Direcciones Geográficas del Uruguay (IDE),"[""https://www.gub.uy/ministerio-salud-publica/sites/ministerio-salud-publica/files/2026-06/ELEPEM%20HABILITADOS%20JUNIO%202026.pdf"", ""https://www.gub.uy/ministerio-salud-publica/sites/ministerio-salud-publica/files/2024-03/ELEPEM%20CERTIFICADOS%207-3-2024.pdf""]"
ELP-0702,Umpierrez,Montevideo,Montevideo,Defensa 1880,Defensa,1880,13,94163189,andreaumpierrez71@hotmail.com,,,Habilitación final MSP,True,False,False,False,0,,,,2026-06-30,1,1,-34.8937254,-56.1739155,alta,calle y puerta exacta,100,Direcciones Geográficas del Uruguay (IDE),"[""https://www.gub.uy/ministerio-salud-publica/sites/ministerio-salud-publica/files/2026-06/ELEPEM%20HABILITADOS%20JUNIO%202026.pdf""]"
ELP-0703,Valle Vilcabamba,Montevideo,Montevideo,Alejandro Fleming 1741,Alejandro Fleming,1741,20,,adminvilcabamba@gmail.com,,,Habilitación final MSP,True,False,True,False,2,"003/2019, 117/2019",2019,2019,2026-06-30,3,2,-34.8865779,-56.0965051,alta,calle y puerta exacta,100,Direcciones Geográficas del Uruguay (IDE),"[""https://www.gub.uy/ministerio-salud-publica/sites/ministerio-salud-publica/files/2026-06/ELEPEM%20HABILITADOS%20JUNIO%202026.pdf"", ""https://www.gub.uy/ministerio-salud-publica/sites/ministerio-salud-publica/files/2024-03/ELEPEM%20CERTIFICADOS%207-3-2024.pdf""]"
ELP-0704,Valle Vilcamba,Montevideo,,Palmas y Ombúes 5804 - Mdeo,Palmas y Ombúes,5804 - Mdeo,,,,,,Certificado de registro MSP (histórico),False,False,True,False,1,084/2018,2018,2018,2018,1,1,-34.8938418,-56.0816191,alta,calle y puerta exacta,100,Direcciones Geográficas del Uruguay (IDE),"[""https://www.gub.uy/ministerio-salud-publica/sites/ministerio-salud-publica/files/2024-03/ELEPEM%20CERTIFICADOS%207-3-2024.pdf""]"
ELP-0705,Villa Cata,Montevideo,Montevideo,Francisco Echegoyen 4996,Francisco Echegoyen,4996,,,,,,Certificado de registro MSP (histórico),False,False,True,False,1,002/2024,2024,2024,2024,1,1,-34.8424456,-56.1462351,alta,calle y puerta exacta,94,Direcciones Geográficas del Uruguay (IDE),"[""https://www.gub.uy/ministerio-salud-publica/sites/ministerio-salud-publica/files/2024-03/ELEPEM%20CERTIFICADOS%207-3-2024.pdf""]"
ELP-0706,VILLA GUADALUPE,Montevideo,MONTEVIDEO,JUAN CARLOS BLANCO 3397,JUAN CARLOS BLANCO,3397,,,,,,Certificado de registro MSP (histórico),False,False,True,False,1,083/2022,2022,2022,2022,1,1,-34.8680823,-56.2012257,alta,calle y puerta exacta,100,Direcciones Geográficas del Uruguay (IDE),"[""https://www.gub.uy/ministerio-salud-publica/sites/ministerio-salud-publica/files/2024-03/ELEPEM%20CERTIFICADOS%207-3-2024.pdf""]"
ELP-0707,Villa Ravelo,Montevideo,,Avelino Miranda 2513,Avelino Miranda,2513,,,,,,Certificado de registro MSP (histórico),False,False,True,False,1,110/2018,2018,2018,2018,1,1,-34.8930054,-56.164174,alta,calle y puerta exacta,100,Direcciones Geográficas del Uruguay (IDE),"[""https://www.gub.uy/ministerio-salud-publica/sites/ministerio-salud-publica/files/2024-03/ELEPEM%20CERTIFICADOS%207-3-2024.pdf""]"
ELP-0708,Villa Vilcabamba,Montevideo,,Copacabana 6815 - Mdeo,Copacabana,6815 - Mdeo,,,,,,Certificado de registro MSP (histórico),False,False,True,False,1,061/2018,2018,2018,2018,1,1,-34.8840405,-56.0506521,alta,calle y puerta exacta,100,Direcciones Geográficas del Uruguay (IDE),"[""https://www.gub.uy/ministerio-salud-publica/sites/ministerio-salud-publica/files/2024-03/ELEPEM%20CERTIFICADOS%207-3-2024.pdf""]"
ELP-0709,Vivir Mejor,Montevideo,,Presidente Giró 2466,Presidente Giró,2466,,,,,,Certificado de registro MSP (histórico),False,False,True,False,1,006/2017,2017,2017,2017,1,1,-34.8898096,-56.1642207,alta,calle y puerta exacta,100,Direcciones Geográficas del Uruguay (IDE),"[""https://www.gub.uy/ministerio-salud-publica/sites/ministerio-salud-publica/files/2024-03/ELEPEM%20CERTIFICADOS%207-3-2024.pdf""]"
ELP-0710,WENCESLAO SILVA (MONREVE),Montevideo,MONTEVIDEO,JOAQUIN SUAREZ 3440,JOAQUIN SUAREZ,3440,,,,,,Certificado de registro MSP (histórico),False,False,True,False,1,127/2022,2022,2022,2022,1,1,-34.8651579,-56.1960097,alta,calle y puerta exacta,100,Direcciones Geográficas del Uruguay (IDE),"[""https://www.gub.uy/ministerio-salud-publica/sites/ministerio-salud-publica/files/2024-03/ELEPEM%20CERTIFICADOS%207-3-2024.pdf""]"
ELP-0711,Ángeles Maisson,Paysandú,Paysandú,Juncal 841,Juncal,841,,47226722,,,,Certificado Social MIDES,False,True,False,False,0,,,,2026-01-12,1,1,-32.3200668,-58.0750688,alta,calle y puerta exacta,100,Direcciones Geográficas del Uruguay (IDE),"[""https://www.gub.uy/ministerio-desarrollo-social/etiqueta/otros/paysandu-establecimientos-larga-estadia-para-personas-mayores-certificado-social""]"
ELP-0712,Carpe Diem,Paysandú,,Monte Caseros 785,Monte Caseros,785,,,,,,Certificado de registro MSP (histórico),False,False,True,False,1,108/2018,2018,2018,2018,1,1,-32.2843878,-57.9585945,muy baja,centroide departamental,20,Direcciones Geográficas del Uruguay (IDE),"[""https://www.gub.uy/ministerio-salud-publica/sites/ministerio-salud-publica/files/2024-03/ELEPEM%20CERTIFICADOS%207-3-2024.pdf""]"
ELP-0713,Carpe Diem,Paysandú,Paysandú,Montecaseros 785,Montecaseros,785,16,47238247 | 47238247 - 099748944,,,,Habilitación final MSP,True,True,False,False,0,,,,2026-06-30,2,2,-32.3208397,-58.0807937,alta,calle y puerta exacta,100,Direcciones Geográficas del Uruguay (IDE),"[""https://www.gub.uy/ministerio-salud-publica/sites/ministerio-salud-publica/files/2026-06/ELEPEM%20HABILITADOS%20JUNIO%202026.pdf"", ""https://www.gub.uy/ministerio-desarrollo-social/etiqueta/otros/paysandu-establecimientos-larga-estadia-para-personas-mayores-certificado-social""]"
ELP-0714,Casa Abuelas,Paysandú,Paysandú,25 De Mayo 973,25 De Mayo,973,,47232658,,,,Certificado Social MIDES,False,True,False,False,0,,,,2026-01-12,1,1,-32.3204308,-58.0875455,alta,calle y puerta exacta,100,Direcciones Geográficas del Uruguay (IDE),"[""https://www.gub.uy/ministerio-desarrollo-social/etiqueta/otros/paysandu-establecimientos-larga-estadia-para-personas-mayores-certificado-social""]"
ELP-0715,Casa Provenza,Paysandú,Paysandú,Soriano 1117,Soriano,1117,,47236263,,,,Certificado Social MIDES,False,True,False,False,0,,,,2026-01-12,1,1,-32.325576,-58.0854699,alta,calle y puerta exacta,100,Direcciones Geográficas del Uruguay (IDE),"[""https://www.gub.uy/ministerio-desarrollo-social/etiqueta/otros/paysandu-establecimientos-larga-estadia-para-personas-mayores-certificado-social""]"
ELP-0716,Domum,Paysandú,Paysandú,Av. Salto 630,Av. Salto,630,,47223724,,,,Certificado Social MIDES,False,True,False,False,0,,,,2026-01-12,1,1,-32.3065424,-58.0920588,media,puerta más cercana en la misma calle,89,Direcciones Geográficas del Uruguay (IDE),"[""https://www.gub.uy/ministerio-desarrollo-social/etiqueta/otros/paysandu-establecimientos-larga-estadia-para-personas-mayores-certificado-social""]"
ELP-0717,Hogar Ancianos Enrique Chaplin,Paysandú,Paysandú,Avda E. Chaplin 728,Avda E. Chaplin,728,60,47225074,hogarchaplinpaysandu@adinet.com.uy,,,Habilitación final MSP,True,False,False,False,0,,,,2026-06-30,1,1,-32.3243949,-58.0593943,alta,calle y puerta exacta,93,Direcciones Geográficas del Uruguay (IDE),"[""https://www.gub.uy/ministerio-salud-publica/sites/ministerio-salud-publica/files/2026-06/ELEPEM%20HABILITADOS%20JUNIO%202026.pdf""]"
ELP-0718,Hogar De Ancianos Enrique Chaplin,Paysandú,Paysandú,Enrique Chaplin 728,Enrique Chaplin,728,,47225074,,,,Certificado Social MIDES,False,True,True,False,1,073/2021,2021,2021,2026-01-12,2,2,-32.3243949,-58.0593943,alta,calle y puerta exacta,100,Direcciones Geográficas del Uruguay (IDE),"[""https://www.gub.uy/ministerio-desarrollo-social/etiqueta/otros/paysandu-establecimientos-larga-estadia-para-personas-mayores-certificado-social"", ""https://www.gub.uy/ministerio-salud-publica/sites/ministerio-salud-publica/files/2024-03/ELEPEM%20CERTIFICADOS%207-3-2024.pdf""]"
ELP-0719,Las Nonas,Paysandú,Paysandú,Zorrilla 743,Zorrilla,743,,47238453 / 091859822,,,,Certificado Social MIDES,False,True,False,False,0,,,,2026-01-12,1,1,-32.3215416,-58.0823576,alta,calle y puerta exacta,100,Direcciones Geográficas del Uruguay (IDE),"[""https://www.gub.uy/ministerio-desarrollo-social/etiqueta/otros/paysandu-establecimientos-larga-estadia-para-personas-mayores-certificado-social""]"
ELP-0720,Residencia MARIA CAROLINA,Paysandú,PAYSANDU,BVAR ARTIGAS 2800,BVAR ARTIGAS,2800,,,,,,Certificado de registro MSP (histórico),False,False,True,False,1,016/2022,2022,2022,2022,1,1,-32.2211435,-57.9394223,media-baja,centroide de calle,70,Direcciones Geográficas del Uruguay (IDE),"[""https://www.gub.uy/ministerio-salud-publica/sites/ministerio-salud-publica/files/2024-03/ELEPEM%20CERTIFICADOS%207-3-2024.pdf""]"
ELP-0721,Residencia San Cono,Paysandú,Paysandú,Zorrilla 1341,Zorrilla,1341,,47233047,,,,Certificado Social MIDES,False,True,True,False,1,101/2022,2022,2022,2026-01-12,2,2,-32.310318,-58.0801589,alta,calle y puerta exacta,100,Direcciones Geográficas del Uruguay (IDE),"[""https://www.gub.uy/ministerio-desarrollo-social/etiqueta/otros/paysandu-establecimientos-larga-estadia-para-personas-mayores-certificado-social"", ""https://www.gub.uy/ministerio-salud-publica/sites/ministerio-salud-publica/files/2024-03/ELEPEM%20CERTIFICADOS%207-3-2024.pdf""]"
ELP-0722,Residencial Casa Abuelas,Paysandú,,25 de Mayo 973,,25 de Mayo 973,,,,,,Certificado de registro MSP (histórico),False,False,True,False,1,059/2019,2019,2019,2019,1,1,-32.2736921,-57.9738929,muy baja,centroide departamental,20,Direcciones Geográficas del Uruguay (IDE),"[""https://www.gub.uy/ministerio-salud-publica/sites/ministerio-salud-publica/files/2024-03/ELEPEM%20CERTIFICADOS%207-3-2024.pdf""]"
ELP-0723,Residencial Eben Ezer I,Paysandú,,Sarandi 1236,Sarandi,1236,,,,,,Certificado de registro MSP (histórico),False,False,True,False,1,053/2021,2021,2021,2021,1,1,-32.3194371,-58.0809328,alta,calle y puerta exacta,100,Direcciones Geográficas del Uruguay (IDE),"[""https://www.gub.uy/ministerio-salud-publica/sites/ministerio-salud-publica/files/2024-03/ELEPEM%20CERTIFICADOS%207-3-2024.pdf""]"
ELP-0724,Residencial Eben Ezer II,Paysandú,Paysandú,República de Chile 1242,República de Chile,1242,,,,,,Certificado de registro MSP (histórico),False,False,True,False,1,010/2020,2020,2020,2020,1,1,-32.2881899,-58.07449,alta,calle y puerta exacta,100,Direcciones Geográficas del Uruguay (IDE),"[""https://www.gub.uy/ministerio-salud-publica/sites/ministerio-salud-publica/files/2024-03/ELEPEM%20CERTIFICADOS%207-3-2024.pdf""]"
ELP-0725,Evergreen Family Care,Rivera,Rivera,Héctor Gutierrez Ruiz Km. 3 Nº 85,Héctor Gutierrez Ruiz Km.,3 Nº 85,,,,,,Certificado de registro MSP (histórico),False,False,True,False,1,001/2024,2024,2024,2024,1,1,-30.9108463,-55.5210241,media,puerta más cercana en la misma calle,89,Direcciones Geográficas del Uruguay (IDE),"[""https://www.gub.uy/ministerio-salud-publica/sites/ministerio-salud-publica/files/2024-03/ELEPEM%20CERTIFICADOS%207-3-2024.pdf""]"
ELP-0726,Residencial Bom Lar,Rivera,,Fernando Segarra 434,Fernando Segarra,434,,,,,,Certificado de registro MSP (histórico),False,False,True,False,1,082/2019,2019,2019,2019,1,1,-30.8893203,-55.5550651,alta,calle y puerta exacta,100,Direcciones Geográficas del Uruguay (IDE),"[""https://www.gub.uy/ministerio-salud-publica/sites/ministerio-salud-publica/files/2024-03/ELEPEM%20CERTIFICADOS%207-3-2024.pdf""]"
ELP-0727,Residencial Sociedad Filatrópoca de Santa Fé,Rivera,,Manuel Oribe 1428,Manuel Oribe,1428,,,,,,Certificado de registro MSP (histórico),False,False,True,False,1,198/2019,2019,2019,2019,1,1,-30.9829448,-55.4938684,media-baja,centroide de calle,70,Direcciones Geográficas del Uruguay (IDE),"[""https://www.gub.uy/ministerio-salud-publica/sites/ministerio-salud-publica/files/2024-03/ELEPEM%20CERTIFICADOS%207-3-2024.pdf""]"
ELP-0728,HOGAR DE ANCIANOS BLANCA RUBIO DE CASTILLOS,Rocha,CASTILLOS,JUAN FERRER Y DURALL S/N,JUAN FERRER Y DURALL,S/N,,,,,,Certificado de registro MSP (histórico),False,False,True,False,1,113/2022,2022,2022,2022,1,1,-34.2034483,-53.8553084,media-baja,centroide de calle,70,Direcciones Geográficas del Uruguay (IDE),"[""https://www.gub.uy/ministerio-salud-publica/sites/ministerio-salud-publica/files/2024-03/ELEPEM%20CERTIFICADOS%207-3-2024.pdf""]"
ELP-0729,Residencial Hogar de Ancianos de Lascano,Rocha,Lascano,Eudoxio Vivas s/n,Eudoxio Vivas,S/N,,,,,,Certificado de registro MSP (histórico),False,False,True,False,1,025/2021,2021,2021,2021,1,1,-33.6723803,-54.2136739,baja,centroide de localidad,35,Direcciones Geográficas del Uruguay (IDE),"[""https://www.gub.uy/ministerio-salud-publica/sites/ministerio-salud-publica/files/2024-03/ELEPEM%20CERTIFICADOS%207-3-2024.pdf""]"
ELP-0730,Residencial Mas Infoservicios,Rocha,,19 de abril 28,,19 de abril 28,,,,,,Certificado de registro MSP (histórico),False,False,True,False,1,180/2019,2019,2019,2019,1,1,-34.2047015,-53.9879568,muy baja,centroide departamental,20,Direcciones Geográficas del Uruguay (IDE),"[""https://www.gub.uy/ministerio-salud-publica/sites/ministerio-salud-publica/files/2024-03/ELEPEM%20CERTIFICADOS%207-3-2024.pdf""]"
ELP-0731,Residencial San Sueña,Rocha,,Lavalleja 144,Lavalleja,144,,,,,,Certificado de registro MSP (histórico),False,False,True,False,1,192/2019,2019,2019,2019,1,1,-34.1866748,-53.867887,media-baja,centroide de calle,70,Direcciones Geográficas del Uruguay (IDE),"[""https://www.gub.uy/ministerio-salud-publica/sites/ministerio-salud-publica/files/2024-03/ELEPEM%20CERTIFICADOS%207-3-2024.pdf""]"
ELP-0732,Residencial Serena,Rocha,,25 de agosto 217,,25 de agosto 217,,,,,,Certificado de registro MSP (histórico),False,False,True,False,1,179/2019,2019,2019,2019,1,1,-34.1821196,-53.9845731,muy baja,centroide departamental,20,Direcciones Geográficas del Uruguay (IDE),"[""https://www.gub.uy/ministerio-salud-publica/sites/ministerio-salud-publica/files/2024-03/ELEPEM%20CERTIFICADOS%207-3-2024.pdf""]"
ELP-0733,El es mi Paz,Río Negro,Fray Bentos,Treinta y tres 3169,Treinta y tres,3169,,45622194,,,,Certificado Social MIDES,False,True,True,False,2,"148/2022, 036/2023",2022,2023,2024-07-15,3,2,-33.1168753,-58.3143717,alta,calle y puerta exacta,100,Direcciones Geográficas del Uruguay (IDE),"[""https://www.gub.uy/ministerio-desarrollo-social/etiqueta/otros/rio-negro-establecimientos-larga-estadia-para-personas-mayores-certificado-social"", ""https://www.gub.uy/ministerio-salud-publica/sites/ministerio-salud-publica/files/2024-03/ELEPEM%20CERTIFICADOS%207-3-2024.pdf""]"
ELP-0734,Valentin Berezan,Río Negro,Young,Hervidero 1866,Hervidero,1866,44,45672018 - 098987039 | 45672018 / 45675358,valentinberezan@gmail.com,COMISIÓN PRO BIENESTAR SOCIAL DEL ANCIANO DE YOUNG,13 011660 0010,Habilitación final MSP,True,True,True,True,1,011/2019,2019,2019,2026-06-30,4,4,-32.7042749,-57.6253859,alta,calle y puerta exacta,100,Direcciones Geográficas del Uruguay (IDE),"[""https://www.gub.uy/ministerio-salud-publica/sites/ministerio-salud-publica/files/2026-06/ELEPEM%20HABILITADOS%20JUNIO%202026.pdf"", ""https://www.gub.uy/ministerio-desarrollo-social/etiqueta/otros/rio-negro-establecimientos-larga-estadia-para-personas-mayores-certificado-social"", ""https://www.gub.uy/sistema-cuidados/comunicacion/comunicados/programa-apoyo-cuidado-permanente-pacp"", ""https://www.gub.uy/ministerio-salud-publica/sites/ministerio-salud-publica/files/2024-03/ELEPEM%20CERTIFICADOS%207-3-2024.pdf""]"
ELP-0735,Residencial La Familia,Río Negro,Nuevo Berlin,Rodó esq. 25 de Agosto,Rodó esq.,25 de Agosto,,,,,,Certificado de registro MSP (histórico),False,False,True,False,1,037/2020,2020,2020,2020,1,1,-32.9766791,-58.0486411,alta,calle y puerta exacta,100,Direcciones Geográficas del Uruguay (IDE),"[""https://www.gub.uy/ministerio-salud-publica/sites/ministerio-salud-publica/files/2024-03/ELEPEM%20CERTIFICADOS%207-3-2024.pdf""]"
ELP-0736,Valodia,Río Negro,,25 de Agosto S/N,,25 de Agosto S/N,,,,,,Certificado de registro MSP (histórico),False,False,True,False,1,025/2017,2017,2017,2017,1,1,-32.9395717,-57.9829306,muy baja,centroide departamental,20,Direcciones Geográficas del Uruguay (IDE),"[""https://www.gub.uy/ministerio-salud-publica/sites/ministerio-salud-publica/files/2024-03/ELEPEM%20CERTIFICADOS%207-3-2024.pdf""]"
ELP-0737,Residencial Centro Anahata,Salto,,8 de octubre 1239,,8 de octubre 1239,,,,,,Certificado de registro MSP (histórico),False,False,True,False,2,"019/2017, 191/2019",2017,2019,2019,2,1,-31.3638099,-57.9007765,muy baja,centroide departamental,20,Direcciones Geográficas del Uruguay (IDE),"[""https://www.gub.uy/ministerio-salud-publica/sites/ministerio-salud-publica/files/2024-03/ELEPEM%20CERTIFICADOS%207-3-2024.pdf""]"
ELP-0738,Años Dorados,Salto,Salto,Enrique Amorin 1563,Enrique Amorin,1563,31,098520070 | 47342522,tavosolari@gmail.com,,,Habilitación final MSP,True,True,True,False,1,144/2019,2019,2019,2026-06-30,3,3,-31.3774904,-57.9532305,alta,calle y puerta exacta,100,Direcciones Geográficas del Uruguay (IDE),"[""https://www.gub.uy/ministerio-salud-publica/sites/ministerio-salud-publica/files/2026-06/ELEPEM%20HABILITADOS%20JUNIO%202026.pdf"", ""https://www.gub.uy/ministerio-desarrollo-social/etiqueta/otros/salto-establecimientos-larga-estadia-para-personas-mayores-certificado-social"", ""https://www.gub.uy/ministerio-salud-publica/sites/ministerio-salud-publica/files/2024-03/ELEPEM%20CERTIFICADOS%207-3-2024.pdf""]"
ELP-0739,Hogar del Adulto Mayor Intendencia de Salto,Salto,,Bolivia 890 - Salto,Bolivia,890 - Salto,,,,,,Certificado de registro MSP (histórico),False,False,True,False,1,067/2018,2018,2018,2018,1,1,-31.3707161,-57.961216,media,puerta más cercana en la misma calle,89,Direcciones Geográficas del Uruguay (IDE),"[""https://www.gub.uy/ministerio-salud-publica/sites/ministerio-salud-publica/files/2024-03/ELEPEM%20CERTIFICADOS%207-3-2024.pdf""]"
ELP-0740,HOME RESIDENCIAL S.A.S,Salto,SALTO,JULIO DELGADO 40,JULIO DELGADO,40,,,,,,Certificado de registro MSP (histórico),False,False,True,False,1,068/2022,2022,2022,2022,1,1,-31.3863059,-57.9705632,alta,calle y puerta exacta,100,Direcciones Geográficas del Uruguay (IDE),"[""https://www.gub.uy/ministerio-salud-publica/sites/ministerio-salud-publica/files/2024-03/ELEPEM%20CERTIFICADOS%207-3-2024.pdf""]"
ELP-0741,Lo de Ana,Salto,,Artigas 976,Artigas,976,,,,,,Certificado de registro MSP (histórico),False,False,True,False,1,136/2019,2019,2019,2019,1,1,-31.3891699,-57.9632088,alta,calle y puerta exacta,100,Direcciones Geográficas del Uruguay (IDE),"[""https://www.gub.uy/ministerio-salud-publica/sites/ministerio-salud-publica/files/2024-03/ELEPEM%20CERTIFICADOS%207-3-2024.pdf""]"
ELP-0742,Los Abuelitos,Salto,,Viera 11,Viera,11,,,,,,Certificado de registro MSP (histórico),False,False,True,False,1,009/2019,2019,2019,2019,1,1,-31.3876582,-57.9612309,alta,calle y puerta exacta,100,Direcciones Geográficas del Uruguay (IDE),"[""https://www.gub.uy/ministerio-salud-publica/sites/ministerio-salud-publica/files/2024-03/ELEPEM%20CERTIFICADOS%207-3-2024.pdf""]"
ELP-0743,Residencial Armonia,Salto,Salto Ciudad de Santa,Osimani y Llerena 69,Osimani y Llerena,69,,,,,,Certificado de registro MSP (histórico),False,False,True,False,1,088/2021,2021,2021,2021,1,1,-31.3870475,-57.9625354,alta,calle y puerta exacta,100,Direcciones Geográficas del Uruguay (IDE),"[""https://www.gub.uy/ministerio-salud-publica/sites/ministerio-salud-publica/files/2024-03/ELEPEM%20CERTIFICADOS%207-3-2024.pdf""]"
ELP-0744,RESIDENCIAL EL SALTEÑITO 1,Salto,Salto,SOCA 74,SOCA,74,,,,,,Certificado de registro MSP (histórico),False,False,True,False,1,049/2020,2020,2020,2020,1,1,-31.3867699,-57.9636351,alta,calle y puerta exacta,100,Direcciones Geográficas del Uruguay (IDE),"[""https://www.gub.uy/ministerio-salud-publica/sites/ministerio-salud-publica/files/2024-03/ELEPEM%20CERTIFICADOS%207-3-2024.pdf""]"
ELP-0745,Residencial El Salteñito 2,Salto,Salto,Brasil 1696,Brasil,1696,,,,,,Certificado de registro MSP (histórico),False,False,True,False,1,021/2021,2021,2021,2021,1,1,-31.3877754,-57.9530315,alta,calle y puerta exacta,100,Direcciones Geográficas del Uruguay (IDE),"[""https://www.gub.uy/ministerio-salud-publica/sites/ministerio-salud-publica/files/2024-03/ELEPEM%20CERTIFICADOS%207-3-2024.pdf""]"
ELP-0746,Residencial Guadalupe,Salto,,Brasil 524,Brasil,524,,,,,,Certificado de registro MSP (histórico),False,False,True,False,1,204/2019,2019,2019,2019,1,1,-31.3860554,-57.9688417,alta,calle y puerta exacta,100,Direcciones Geográficas del Uruguay (IDE),"[""https://www.gub.uy/ministerio-salud-publica/sites/ministerio-salud-publica/files/2024-03/ELEPEM%20CERTIFICADOS%207-3-2024.pdf""]"
ELP-0747,Residencial La Estación,Salto,,Dr. Arregui 352,Dr. Arregui,352,,,,,,Certificado de registro MSP (histórico),False,False,True,False,1,028/2021,2021,2021,2021,1,1,-31.3855871,-57.9469906,media,puerta más cercana en la misma calle,89,Direcciones Geográficas del Uruguay (IDE),"[""https://www.gub.uy/ministerio-salud-publica/sites/ministerio-salud-publica/files/2024-03/ELEPEM%20CERTIFICADOS%207-3-2024.pdf""]"
ELP-0748,Residencial Los Abuelitos,Salto,,Uruguay 1035,Uruguay,1035,,,,,,Certificado de registro MSP (histórico),False,False,True,False,1,160/2019,2019,2019,2019,1,1,-31.3877464,-57.9621722,alta,calle y puerta exacta,100,Direcciones Geográficas del Uruguay (IDE),"[""https://www.gub.uy/ministerio-salud-publica/sites/ministerio-salud-publica/files/2024-03/ELEPEM%20CERTIFICADOS%207-3-2024.pdf""]"
ELP-0749,Residencial Saniguet,Salto,,Brasil 750,Brasil,750,,,,,,Certificado de registro MSP (histórico),False,False,True,False,1,026/2021,2021,2021,2021,1,1,-31.3864641,-57.965861,alta,calle y puerta exacta,100,Direcciones Geográficas del Uruguay (IDE),"[""https://www.gub.uy/ministerio-salud-publica/sites/ministerio-salud-publica/files/2024-03/ELEPEM%20CERTIFICADOS%207-3-2024.pdf""]"
ELP-0750,Sol,Salto,Salto,Invernizzi 53,Invernizzi,53,31,099033257 - 099082961 099508288 - 098501400 - | 47338272,soldesalto@adinet.com.uy,,,Habilitación final MSP,True,True,True,False,1,010/2019,2019,2019,2026-06-30,3,3,-31.3874711,-57.959829,alta,calle y puerta exacta,100,Direcciones Geográficas del Uruguay (IDE),"[""https://www.gub.uy/ministerio-salud-publica/sites/ministerio-salud-publica/files/2026-06/ELEPEM%20HABILITADOS%20JUNIO%202026.pdf"", ""https://www.gub.uy/ministerio-desarrollo-social/etiqueta/otros/salto-establecimientos-larga-estadia-para-personas-mayores-certificado-social"", ""https://www.gub.uy/ministerio-salud-publica/sites/ministerio-salud-publica/files/2024-03/ELEPEM%20CERTIFICADOS%207-3-2024.pdf""]"
ELP-0751,Residencial Talabi,Salto,Salto,Bilbao N° 15,Bilbao N°,15,18,473277247,danifarias1210@gmail.com,,,Habilitación final MSP,True,False,False,False,0,,,,2026-06-30,1,1,-31.3885365,-57.9530729,alta,calle y puerta exacta,70,Direcciones Geográficas del Uruguay (IDE),"[""https://www.gub.uy/ministerio-salud-publica/sites/ministerio-salud-publica/files/2026-06/ELEPEM%20HABILITADOS%20JUNIO%202026.pdf""]"
ELP-0752,Sol y Luna,Salto,,Camino del Éxodo s/n,Camino del Éxodo,S/N,,,,,,Certificado de registro MSP (histórico),False,False,True,False,1,022/2019,2019,2019,2019,1,1,-31.3832161,-57.9717899,media-baja,centroide de calle,70,Direcciones Geográficas del Uruguay (IDE),"[""https://www.gub.uy/ministerio-salud-publica/sites/ministerio-salud-publica/files/2024-03/ELEPEM%20CERTIFICADOS%207-3-2024.pdf""]"
ELP-0753,Sol y Luna II,Salto,,Enrique Amorin 2495,Enrique Amorin,2495,,,,,,Certificado de registro MSP (histórico),False,False,True,False,1,007/2019,2019,2019,2019,1,1,-31.3935216,-57.9440255,media-baja,centroide de calle,70,Direcciones Geográficas del Uruguay (IDE),"[""https://www.gub.uy/ministerio-salud-publica/sites/ministerio-salud-publica/files/2024-03/ELEPEM%20CERTIFICADOS%207-3-2024.pdf""]"
ELP-0754,Talabi,Salto,Salto,Bilbao 1570/1572,Bilbao,1570/1572,,47377247,,,,Certificado Social MIDES,False,True,False,False,0,,,,2024-07-15,1,1,-31.4013273,-57.966073,media-baja,centroide de calle,70,Direcciones Geográficas del Uruguay (IDE),"[""https://www.gub.uy/ministerio-desarrollo-social/etiqueta/otros/salto-establecimientos-larga-estadia-para-personas-mayores-certificado-social""]"
ELP-0755,Anciano e Impedido,San José,San José de Mayo,Artigas N.º 421,Artigas N.º,421,30,43422989 | 43431159 - 43422989,residenciaartigas417@gmail.com,RESIDENCIA DE ASISTENCIA AL ANCIANO E IMPEDIDO,17 020424 0015,Habilitación final MSP,True,True,True,True,2,"051/2020, 064/2020",2020,2020,2026-06-30,5,4,-34.5123637,-56.6045288,media-baja,centroide de calle,70,Direcciones Geográficas del Uruguay (IDE),"[""https://www.gub.uy/ministerio-salud-publica/sites/ministerio-salud-publica/files/2026-06/ELEPEM%20HABILITADOS%20JUNIO%202026.pdf"", ""https://www.gub.uy/ministerio-desarrollo-social/etiqueta/otros/san-jose-establecimientos-larga-estadia-para-personas-mayores-certificado-social"", ""https://www.gub.uy/sistema-cuidados/comunicacion/comunicados/programa-apoyo-cuidado-permanente-pacp"", ""https://www.gub.uy/ministerio-salud-publica/sites/ministerio-salud-publica/files/2024-03/ELEPEM%20CERTIFICADOS%207-3-2024.pdf""]"
ELP-0756,Casa Campo,San José,Libertad,Colon N.º 1072,Colon N.º,1072,15,098221902 | 43450011,katerine.gervasio@hotmail.com,,,Habilitación final MSP,True,True,True,False,1,112/2020,2020,2020,2026-06-30,3,3,-34.6304396,-56.6129752,alta,calle y puerta exacta,100,Direcciones Geográficas del Uruguay (IDE),"[""https://www.gub.uy/ministerio-salud-publica/sites/ministerio-salud-publica/files/2026-06/ELEPEM%20HABILITADOS%20JUNIO%202026.pdf"", ""https://www.gub.uy/ministerio-desarrollo-social/etiqueta/otros/san-jose-establecimientos-larga-estadia-para-personas-mayores-certificado-social"", ""https://www.gub.uy/ministerio-salud-publica/sites/ministerio-salud-publica/files/2024-03/ELEPEM%20CERTIFICADOS%207-3-2024.pdf""]"
ELP-0757,DECADAS DORADAS,San José,CIUDAD DEL PLATA,"CIUDAD DEL PLATA, SOLAR 20, MANZANA 1","CIUDAD DEL PLATA, SOLAR","20, MANZANA 1",,,,,,Certificado de registro MSP (histórico),False,False,True,False,1,125/2022,2022,2022,2022,1,1,-34.7438638,-56.4519021,alta,calle y puerta exacta,71,Direcciones Geográficas del Uruguay (IDE),"[""https://www.gub.uy/ministerio-salud-publica/sites/ministerio-salud-publica/files/2024-03/ELEPEM%20CERTIFICADOS%207-3-2024.pdf""]"
ELP-0758,Décadas Doradas,San José,Ciudad del Plata,San José M1 s20,San José,M1 s20,,23467692,,,,Certificado Social MIDES,False,True,False,False,0,,,,2026-01-12,1,1,-34.7540665,-56.4076377,alta,calle y puerta exacta,100,Direcciones Geográficas del Uruguay (IDE),"[""https://www.gub.uy/ministerio-desarrollo-social/etiqueta/otros/san-jose-establecimientos-larga-estadia-para-personas-mayores-certificado-social""]"
ELP-0759,El Buen Vivir,San José,Ciudad del Plata,"River Plate s/n esquina Pedro Cea, Solar 7, Manzana 56","River Plate s/n esquina Pedro Cea, Solar","7, Manzana 56",28,23477799 | 23477799 - 099170931,juliomartinez.del@hotmail.com,,,Habilitación final MSP,True,True,True,False,1,012/2020,2020,2020,2026-06-30,3,3,-34.7388486,-56.4499247,media-baja,centroide de calle,70,Direcciones Geográficas del Uruguay (IDE),"[""https://www.gub.uy/ministerio-salud-publica/sites/ministerio-salud-publica/files/2026-06/ELEPEM%20HABILITADOS%20JUNIO%202026.pdf"", ""https://www.gub.uy/ministerio-desarrollo-social/etiqueta/otros/san-jose-establecimientos-larga-estadia-para-personas-mayores-certificado-social"", ""https://www.gub.uy/ministerio-salud-publica/sites/ministerio-salud-publica/files/2024-03/ELEPEM%20CERTIFICADOS%207-3-2024.pdf""]"
ELP-0760,El Quincho,San José,Libertad,San José 800,San José,800,,43453764,,,,Certificado Social MIDES,False,True,True,False,1,199/2019,2019,2019,2026-01-12,2,2,-34.6322172,-56.6152011,media,puerta más cercana en la misma calle,89,Direcciones Geográficas del Uruguay (IDE),"[""https://www.gub.uy/ministerio-desarrollo-social/etiqueta/otros/san-jose-establecimientos-larga-estadia-para-personas-mayores-certificado-social"", ""https://www.gub.uy/ministerio-salud-publica/sites/ministerio-salud-publica/files/2024-03/ELEPEM%20CERTIFICADOS%207-3-2024.pdf""]"
ELP-0761,EL REX,San José,ECILDA PAULLIER,PEDRO DEGIOVANÀNGELO 1706,PEDRO DEGIOVANÀNGELO,1706,,,,,,Certificado de registro MSP (histórico),False,False,True,False,1,036/2022,2022,2022,2022,1,1,-34.3435348,-57.0423468,media-baja,centroide de calle,70,Direcciones Geográficas del Uruguay (IDE),"[""https://www.gub.uy/ministerio-salud-publica/sites/ministerio-salud-publica/files/2024-03/ELEPEM%20CERTIFICADOS%207-3-2024.pdf""]"
ELP-0762,ELBA,San José,LIBERTAD,ARTIGAS 919,ARTIGAS,919,,,,,,Certificado de registro MSP (histórico),False,False,True,False,1,088/2022,2022,2022,2022,1,1,-34.5334959,-56.6010236,media-baja,centroide de calle,70,Direcciones Geográficas del Uruguay (IDE),"[""https://www.gub.uy/ministerio-salud-publica/sites/ministerio-salud-publica/files/2024-03/ELEPEM%20CERTIFICADOS%207-3-2024.pdf""]"
ELP-0763,EMANUEL,San José,DEL PLATA,"AV.CALCAGNO,MANZANA 6 SOLAR 1, SANTA VICTORIA","AV.CALCAGNO,MANZANA","6 SOLAR 1, SANTA VICTORIA",,,,,,Certificado de registro MSP (histórico),False,False,True,False,1,004/2022,2022,2022,2022,1,1,-34.7536646,-56.4288078,media-baja,centroide de calle,70,Direcciones Geográficas del Uruguay (IDE),"[""https://www.gub.uy/ministerio-salud-publica/sites/ministerio-salud-publica/files/2024-03/ELEPEM%20CERTIFICADOS%207-3-2024.pdf""]"
ELP-0764,Emmanuel,San José,Libertad,25 De Agosto 544,25 De Agosto,544,,43453204,,,,Certificado Social MIDES,False,True,False,False,0,,,,2026-01-12,1,1,-34.6276206,-56.6125669,alta,calle y puerta exacta,100,Direcciones Geográficas del Uruguay (IDE),"[""https://www.gub.uy/ministerio-desarrollo-social/etiqueta/otros/san-jose-establecimientos-larga-estadia-para-personas-mayores-certificado-social""]"
ELP-0765,Emmanuel,San José,Libertad,25 de agosto 544,,25 de agosto 544,19,43453204,hogaremanuellibertad@gmail.com,,,Habilitación final MSP,True,False,True,False,1,173/2019,2019,2019,2026-06-30,2,2,-34.625484,-56.6281235,baja,centroide de localidad,35,Direcciones Geográficas del Uruguay (IDE),"[""https://www.gub.uy/ministerio-salud-publica/sites/ministerio-salud-publica/files/2026-06/ELEPEM%20HABILITADOS%20JUNIO%202026.pdf"", ""https://www.gub.uy/ministerio-salud-publica/sites/ministerio-salud-publica/files/2024-03/ELEPEM%20CERTIFICADOS%207-3-2024.pdf""]"
ELP-0766,Granja Los Abuelos,San José,Libertad,"Ruta 1 Km 45,500",Ruta 1,"Km 45,500",,43451428,,,,Certificado Social MIDES,False,True,False,False,0,,,,2026-01-12,1,1,-34.5256877,-56.8138239,media-baja,centroide de calle,70,Direcciones Geográficas del Uruguay (IDE),"[""https://www.gub.uy/ministerio-desarrollo-social/etiqueta/otros/san-jose-establecimientos-larga-estadia-para-personas-mayores-certificado-social""]"
ELP-0767,HOGAR CRISTINA,San José,SAN JOSE,Ituzaingò 773,Ituzaingò,773,,,,,,Certificado de registro MSP (histórico),False,False,True,False,1,050/2023,2023,2023,2023,1,1,-34.3359439,-56.7169656,alta,calle y puerta exacta,100,Direcciones Geográficas del Uruguay (IDE),"[""https://www.gub.uy/ministerio-salud-publica/sites/ministerio-salud-publica/files/2024-03/ELEPEM%20CERTIFICADOS%207-3-2024.pdf""]"
ELP-0768,Hogar de Ancianos,San José,San José de Mayo,Ruta 3 km 90 y continuación 18 de Julio,Ruta 3,Km 90,72,43422730 - 43429060,hogarsj@vera.com.uy,,,Habilitación final MSP,True,False,False,False,0,,,,2026-06-30,1,1,-34.3469924,-56.7454182,media-baja,centroide de calle,70,Direcciones Geográficas del Uruguay (IDE),"[""https://www.gub.uy/ministerio-salud-publica/sites/ministerio-salud-publica/files/2026-06/ELEPEM%20HABILITADOS%20JUNIO%202026.pdf""]"
ELP-0769,Hogar de Ancianos de San José,San José,San José,"Ruta 3 – Gral. Artigas Km 91,500",Ruta 3 – Gral. Artigas,"Km 91,500",,43422730,,,,Certificado Social MIDES,False,True,True,False,1,019/2021,2021,2021,2026-01-12,2,2,-34.3505479,-56.7342714,media-baja,centroide de calle,70,Direcciones Geográficas del Uruguay (IDE),"[""https://www.gub.uy/ministerio-desarrollo-social/etiqueta/otros/san-jose-establecimientos-larga-estadia-para-personas-mayores-certificado-social"", ""https://www.gub.uy/ministerio-salud-publica/sites/ministerio-salud-publica/files/2024-03/ELEPEM%20CERTIFICADOS%207-3-2024.pdf""]"
ELP-0770,HOGAR DE ANCIANOS DE SAN JOSÉ,San José,San José de Mayo,"Ruta n.º 3, km. 91,500",Ruta n.º 3,"Km 91,500",,,,ASOCIACIÓN PRO HOGAR DE ANCIANOS DE SAN JOSÉ,17 014933 0011,Proveedor PACP,False,False,False,True,0,,,,2023-08-11,1,1,-34.3588904,-56.7425184,media-baja,centroide de calle,70,Direcciones Geográficas del Uruguay (IDE),"[""https://www.gub.uy/sistema-cuidados/comunicacion/comunicados/programa-apoyo-cuidado-permanente-pacp""]"
ELP-0771,Hogar de Ancianos Delta,San José,Ecilda Paullier,"Ruta 1 Km 94,000",Ruta 1,"Km 94,000",,43492308,,,,Certificado Social MIDES,False,True,False,False,0,,,,2026-01-12,1,1,-34.5377851,-56.7958405,media-baja,centroide de calle,70,Direcciones Geográficas del Uruguay (IDE),"[""https://www.gub.uy/ministerio-desarrollo-social/etiqueta/otros/san-jose-establecimientos-larga-estadia-para-personas-mayores-certificado-social""]"
ELP-0772,HOGAR DEL ALBA,San José,SAN JOSE,LUIS B.BERRES 845,LUIS B.BERRES,845,,,,,,Certificado de registro MSP (histórico),False,False,True,False,1,005/2022,2022,2022,2022,1,1,-34.3343603,-56.7068808,alta,calle y puerta exacta,91,Direcciones Geográficas del Uruguay (IDE),"[""https://www.gub.uy/ministerio-salud-publica/sites/ministerio-salud-publica/files/2024-03/ELEPEM%20CERTIFICADOS%207-3-2024.pdf""]"
ELP-0773,HOGAR ESPERANZA,San José,Rodriguez,Dionisio Bentancor 1042,Dionisio Bentancor,1042,,,,,,Certificado de registro MSP (histórico),False,False,True,False,1,049/2023,2023,2023,2023,1,1,-34.3807064,-56.5364632,media,puerta más cercana en la misma calle,89,Direcciones Geográficas del Uruguay (IDE),"[""https://www.gub.uy/ministerio-salud-publica/sites/ministerio-salud-publica/files/2024-03/ELEPEM%20CERTIFICADOS%207-3-2024.pdf""]"
ELP-0774,Hogar Menonita,San José,Ecilda Paullier,Ruta 1 Km 94 Colonia Delta,Ruta 1,Km 94,12,098357135 - 43492308,hogardelta1955@gmail.com,,,Habilitación final MSP,True,False,True,False,1,003/2021,2021,2021,2026-06-30,2,2,-34.5224643,-56.8004324,media-baja,centroide de calle,70,Direcciones Geográficas del Uruguay (IDE),"[""https://www.gub.uy/ministerio-salud-publica/sites/ministerio-salud-publica/files/2026-06/ELEPEM%20HABILITADOS%20JUNIO%202026.pdf"", ""https://www.gub.uy/ministerio-salud-publica/sites/ministerio-salud-publica/files/2024-03/ELEPEM%20CERTIFICADOS%207-3-2024.pdf""]"
ELP-0775,Iris Rodríguez,San José,,Espinola 720,Espinola,720,,,,,,Certificado de registro MSP (histórico),False,False,True,False,1,125/2019,2019,2019,2019,1,1,-34.3370056,-56.7176794,alta,calle y puerta exacta,100,Direcciones Geográficas del Uruguay (IDE),"[""https://www.gub.uy/ministerio-salud-publica/sites/ministerio-salud-publica/files/2024-03/ELEPEM%20CERTIFICADOS%207-3-2024.pdf""]"
ELP-0776,LAS ROSAS,San José,SAN JOSE,Zorrilla de San Martìn 621,Zorrilla de San Martìn,621,,,,,,Certificado de registro MSP (histórico),False,False,True,False,1,019/2023,2023,2023,2023,1,1,-34.3363886,-56.7121941,alta,calle y puerta exacta,100,Direcciones Geográficas del Uruguay (IDE),"[""https://www.gub.uy/ministerio-salud-publica/sites/ministerio-salud-publica/files/2024-03/ELEPEM%20CERTIFICADOS%207-3-2024.pdf""]"
ELP-0777,Mariel,San José,Libertad,Banchero 1201,Banchero,1201,,43452554,,,,Certificado Social MIDES,False,True,True,False,1,195/2019,2019,2019,2026-01-12,2,2,-34.6398268,-56.6302769,baja,centroide de localidad,35,Direcciones Geográficas del Uruguay (IDE),"[""https://www.gub.uy/ministerio-desarrollo-social/etiqueta/otros/san-jose-establecimientos-larga-estadia-para-personas-mayores-certificado-social"", ""https://www.gub.uy/ministerio-salud-publica/sites/ministerio-salud-publica/files/2024-03/ELEPEM%20CERTIFICADOS%207-3-2024.pdf""]"
ELP-0778,MIS AMORES,San José,Ciudad Del Plata,"Salto, M 66 S 12","Salto, M",66 S 12,,,,,,Certificado de registro MSP (histórico),False,False,True,False,1,068/2023,2023,2023,2023,1,1,-34.7561295,-56.4066612,media,puerta más cercana en la misma calle,89,Direcciones Geográficas del Uruguay (IDE),"[""https://www.gub.uy/ministerio-salud-publica/sites/ministerio-salud-publica/files/2024-03/ELEPEM%20CERTIFICADOS%207-3-2024.pdf""]"
ELP-0779,RESIDENCIA ANDREA,San José,SAN JOSÈ DE MAYO,18 DE JULIO 695,,18 DE JULIO 695,,,,,,Certificado de registro MSP (histórico),False,False,True,False,1,066/2022,2022,2022,2022,1,1,-34.3507195,-56.7097448,baja,centroide de localidad,35,Direcciones Geográficas del Uruguay (IDE),"[""https://www.gub.uy/ministerio-salud-publica/sites/ministerio-salud-publica/files/2024-03/ELEPEM%20CERTIFICADOS%207-3-2024.pdf""]"
ELP-0780,Residencial Hogar Liros Residencial San Nicolas,San José,CIUDAD DEL PLATA San José,"Ruta 1 km 25, manzana 81 solar 85, esq Cerro Largo 18 de julio 721",Ruta 1,Km 25,,,,,,Certificado de registro MSP (histórico),False,False,True,False,1,134/2020,2020,2020,2020,1,1,-34.5380406,-56.7848116,media-baja,centroide de calle,70,Direcciones Geográficas del Uruguay (IDE),"[""https://www.gub.uy/ministerio-salud-publica/sites/ministerio-salud-publica/files/2024-03/ELEPEM%20CERTIFICADOS%207-3-2024.pdf""]"
ELP-0781,Residencial La Casa de Miriam,San José,San José,Treinta y tres 1027,Treinta y tres,1027,,,,,,Certificado de registro MSP (histórico),False,False,True,False,1,133/2020,2020,2020,2020,1,1,-34.3324767,-56.715957,alta,calle y puerta exacta,100,Direcciones Geográficas del Uruguay (IDE),"[""https://www.gub.uy/ministerio-salud-publica/sites/ministerio-salud-publica/files/2024-03/ELEPEM%20CERTIFICADOS%207-3-2024.pdf""]"
ELP-0782,Residencial Mabel,San José,,Leandro Gómez 1012,Leandro Gómez,1012,,,,,,Certificado de registro MSP (histórico),False,False,True,False,1,113/2019,2019,2019,2019,1,1,-34.6326922,-56.6168159,alta,calle y puerta exacta,100,Direcciones Geográficas del Uruguay (IDE),"[""https://www.gub.uy/ministerio-salud-publica/sites/ministerio-salud-publica/files/2024-03/ELEPEM%20CERTIFICADOS%207-3-2024.pdf""]"
ELP-0783,RESIDENCIAL MILAGROS,San José,LIBERTAD,DETOMASI 1048,DETOMASI,1048,,,,,,Certificado de registro MSP (histórico),False,False,True,False,1,144/2022,2022,2022,2022,1,1,-34.633671,-56.6172275,alta,calle y puerta exacta,100,Direcciones Geográficas del Uruguay (IDE),"[""https://www.gub.uy/ministerio-salud-publica/sites/ministerio-salud-publica/files/2024-03/ELEPEM%20CERTIFICADOS%207-3-2024.pdf""]"
ELP-0784,Residencial Renacer,San José,San José,sito en 25 de mayo 381,sito en,25 de mayo 381,,,,,,Certificado de registro MSP (histórico),False,False,True,False,1,111/2020,2020,2020,2020,1,1,-34.4775777,-56.6329811,muy baja,centroide departamental,20,Direcciones Geográficas del Uruguay (IDE),"[""https://www.gub.uy/ministerio-salud-publica/sites/ministerio-salud-publica/files/2024-03/ELEPEM%20CERTIFICADOS%207-3-2024.pdf""]"
ELP-0785,Residencial Solis,San José,San José Colonia DELTA La,Zorrilla de San Martin 565,Zorrilla de San Martin,565,,,,,,Certificado de registro MSP (histórico),False,False,True,False,1,002/2021,2021,2021,2021,1,1,-34.3366415,-56.7135218,alta,calle y puerta exacta,100,Direcciones Geográficas del Uruguay (IDE),"[""https://www.gub.uy/ministerio-salud-publica/sites/ministerio-salud-publica/files/2024-03/ELEPEM%20CERTIFICADOS%207-3-2024.pdf""]"
ELP-0786,TREINTA Y TRES,San José,SAN JOSE,FRUGONI 325,FRUGONI,325,,,,,,Certificado de registro MSP (histórico),False,False,True,False,1,131/2022,2022,2022,2022,1,1,-34.3420346,-56.7033407,alta,calle y puerta exacta,100,Direcciones Geográficas del Uruguay (IDE),"[""https://www.gub.uy/ministerio-salud-publica/sites/ministerio-salud-publica/files/2024-03/ELEPEM%20CERTIFICADOS%207-3-2024.pdf""]"
ELP-0787,Don Joaquín,Soriano,Egaña,Del Corralito y Zapicán,Del Corralito y Zapicán,,13,45388534 - 092841683,,,,Habilitación final MSP,True,False,True,False,1,064/2023,2023,2023,2026-06-30,2,2,-33.6153745,-57.6186563,media-baja,centroide de calle,70,Direcciones Geográficas del Uruguay (IDE),"[""https://www.gub.uy/ministerio-salud-publica/sites/ministerio-salud-publica/files/2026-06/ELEPEM%20HABILITADOS%20JUNIO%202026.pdf"", ""https://www.gub.uy/ministerio-salud-publica/sites/ministerio-salud-publica/files/2024-03/ELEPEM%20CERTIFICADOS%207-3-2024.pdf""]"
ELP-0788,Hogar de Ancianos Braceras,Soriano,Mercedes,"Radial Ruta 2 Km 277,500",Radial Ruta,"2 Km 277,500",45,45333130 - 099530258,,,,Habilitación final MSP,True,False,False,False,0,,,,2026-06-30,1,1,-33.6016863,-57.6321565,media-baja,centroide de calle,70,Direcciones Geográficas del Uruguay (IDE),"[""https://www.gub.uy/ministerio-salud-publica/sites/ministerio-salud-publica/files/2026-06/ELEPEM%20HABILITADOS%20JUNIO%202026.pdf""]"
ELP-0789,Ricardo Braceras,Soriano,Mercedes,"Ruta 2 Km 277,500",Ruta 2,"Km 277,500",,45323130,,HOGAR DE ANCIANOS MERCEDES «DR. RICARDO BRACERAS»,18 017347 0011,Certificado Social MIDES,False,True,True,True,1,078/2019,2019,2019,2026-01-12,3,3,-33.640253,-57.6171873,media-baja,centroide de calle,70,Direcciones Geográficas del Uruguay (IDE),"[""https://www.gub.uy/ministerio-desarrollo-social/etiqueta/otros/soriano-establecimientos-larga-estadia-para-personas-mayores-certificado-social"", ""https://www.gub.uy/sistema-cuidados/comunicacion/comunicados/programa-apoyo-cuidado-permanente-pacp"", ""https://www.gub.uy/ministerio-salud-publica/sites/ministerio-salud-publica/files/2024-03/ELEPEM%20CERTIFICADOS%207-3-2024.pdf""]"
ELP-0790,Hogar Don Joaquín,Soriano,Egaña,Yamandu S/N Entre San Salvador Y De La Estación S/N,Yamandu S/N Entre San Salvador Y De La Estación,S/N,,45388534,,,,Certificado Social MIDES,False,True,True,False,1,048/2019,2019,2019,2026-01-12,2,2,-33.6037283,-57.6157101,media-baja,centroide de calle,70,Direcciones Geográficas del Uruguay (IDE),"[""https://www.gub.uy/ministerio-desarrollo-social/etiqueta/otros/soriano-establecimientos-larga-estadia-para-personas-mayores-certificado-social"", ""https://www.gub.uy/ministerio-salud-publica/sites/ministerio-salud-publica/files/2024-03/ELEPEM%20CERTIFICADOS%207-3-2024.pdf""]"
ELP-0791,Hogar de Ancianos Manuel Souto,Soriano,Dolores,18 De Julio 1283,18 De Julio,1283,,45342450 / 45342749,,,,Certificado Social MIDES,False,True,False,False,0,,,,2026-01-12,1,1,-33.5252105,-58.2223645,alta,calle y puerta exacta,100,Direcciones Geográficas del Uruguay (IDE),"[""https://www.gub.uy/ministerio-desarrollo-social/etiqueta/otros/soriano-establecimientos-larga-estadia-para-personas-mayores-certificado-social""]"
ELP-0792,Hogar Don Ricardo Chacón (Instituto Pro Bienestar del Anciano De Palmitas),Soriano,Palmitas,Zorrilla Esq. Fray Bernardino De Guzmán S/N,Zorrilla Esq. Fray Bernardino De Guzmán,S/N,,45379372,,,,Certificado Social MIDES,False,True,True,False,1,130/2022,2022,2022,2026-01-12,2,2,-33.5794465,-57.8216614,media-baja,centroide de calle,70,Direcciones Geográficas del Uruguay (IDE),"[""https://www.gub.uy/ministerio-desarrollo-social/etiqueta/otros/soriano-establecimientos-larga-estadia-para-personas-mayores-certificado-social"", ""https://www.gub.uy/ministerio-salud-publica/sites/ministerio-salud-publica/files/2024-03/ELEPEM%20CERTIFICADOS%207-3-2024.pdf""]"
ELP-0793,LES AMIS,Soriano,MERCEDES,Rura 2 km 276,Rura,2 km 276,,,,,,Certificado de registro MSP (histórico),False,False,True,False,1,059/2023,2023,2023,2023,1,1,-33.2626636,-58.0437916,baja,centroide de localidad,35,Direcciones Geográficas del Uruguay (IDE),"[""https://www.gub.uy/ministerio-salud-publica/sites/ministerio-salud-publica/files/2024-03/ELEPEM%20CERTIFICADOS%207-3-2024.pdf""]"
ELP-0794,Residencial SOUTO,Soriano,,18 de julio 1283,,18 de julio 1283,,,,,,Certificado de registro MSP (histórico),False,False,True,False,1,041/2021,2021,2021,2021,1,1,-33.4173211,-57.9497874,muy baja,centroide departamental,20,Direcciones Geográficas del Uruguay (IDE),"[""https://www.gub.uy/ministerio-salud-publica/sites/ministerio-salud-publica/files/2024-03/ELEPEM%20CERTIFICADOS%207-3-2024.pdf""]"
ELP-0795,Residencial Sueños Dorados,Soriano,Mercedes,Artigas 372,Artigas,372,,,,,,Certificado de registro MSP (histórico),False,False,True,False,1,023/2020,2020,2020,2020,1,1,-33.2508578,-58.029132,alta,calle y puerta exacta,100,Direcciones Geográficas del Uruguay (IDE),"[""https://www.gub.uy/ministerio-salud-publica/sites/ministerio-salud-publica/files/2024-03/ELEPEM%20CERTIFICADOS%207-3-2024.pdf""]"
ELP-0796,SANTA CATALINA,Soriano,SANTA CATALINA,ANGEL CERIANI S/N,ANGEL CERIANI,S/N,,,,,,Certificado de registro MSP (histórico),False,False,True,False,1,031/2022,2022,2022,2022,1,1,-33.7791832,-57.5007117,media-baja,centroide de calle,70,Direcciones Geográficas del Uruguay (IDE),"[""https://www.gub.uy/ministerio-salud-publica/sites/ministerio-salud-publica/files/2024-03/ELEPEM%20CERTIFICADOS%207-3-2024.pdf""]"
ELP-0797,Sueños Dorados 2,Soriano,Mercedes,Sánchez 630,Sánchez,630,16,45328483 - 091374628 | 45356249,,,,Habilitación final MSP,True,True,True,False,1,141/2022,2022,2022,2026-06-30,3,3,-33.2517541,-58.0315224,alta,calle y puerta exacta,100,Direcciones Geográficas del Uruguay (IDE),"[""https://www.gub.uy/ministerio-salud-publica/sites/ministerio-salud-publica/files/2026-06/ELEPEM%20HABILITADOS%20JUNIO%202026.pdf"", ""https://www.gub.uy/ministerio-desarrollo-social/etiqueta/otros/soriano-establecimientos-larga-estadia-para-personas-mayores-certificado-social"", ""https://www.gub.uy/ministerio-salud-publica/sites/ministerio-salud-publica/files/2024-03/ELEPEM%20CERTIFICADOS%207-3-2024.pdf""]"
ELP-0798,Fantasia Maricel,Tacuarembó,Tacuarembo,Manuel Alvarez 816,Manuel Alvarez,816,,,,,,Certificado de registro MSP (histórico),False,False,True,False,1,034/2020,2020,2020,2020,1,1,-31.7278377,-55.9970995,alta,calle y puerta exacta,100,Direcciones Geográficas del Uruguay (IDE),"[""https://www.gub.uy/ministerio-salud-publica/sites/ministerio-salud-publica/files/2024-03/ELEPEM%20CERTIFICADOS%207-3-2024.pdf""]"
ELP-0799,HOGAR ASOC CIVIL COMISION PRO BIENESTAR DEL ANCIANO DE PASO DE LOS TOROS,Tacuarembó,PASO DE LOS TOROS,DR VICTOR ALVAREZ MENÈNDEZ S/N,DR VICTOR ALVAREZ MENÈNDEZ,S/N,,,,,,Certificado de registro MSP (histórico),False,False,True,False,1,064/2022,2022,2022,2022,1,1,-31.7261944,-56.0205293,media-baja,centroide de calle,70,Direcciones Geográficas del Uruguay (IDE),"[""https://www.gub.uy/ministerio-salud-publica/sites/ministerio-salud-publica/files/2024-03/ELEPEM%20CERTIFICADOS%207-3-2024.pdf""]"
ELP-0800,Residencial Casa del Sol,Tacuarembó,Tacuarembó,Ramón González 137,Ramón González,137,,,,,,Certificado de registro MSP (histórico),False,False,True,False,1,079/2020,2020,2020,2020,1,1,-31.7228955,-55.9769146,alta,calle y puerta exacta,100,Direcciones Geográficas del Uruguay (IDE),"[""https://www.gub.uy/ministerio-salud-publica/sites/ministerio-salud-publica/files/2024-03/ELEPEM%20CERTIFICADOS%207-3-2024.pdf""]"
ELP-0801,Residencial Doña Blanca,Tacuarembó,Paso de los Toros,Wilson Ferreira 454,Wilson Ferreira,454,,,,,,Certificado de registro MSP (histórico),False,False,True,False,1,014/2020,2020,2020,2020,1,1,-31.8796845,-55.4641797,media,puerta más cercana en la misma calle,89,Direcciones Geográficas del Uruguay (IDE),"[""https://www.gub.uy/ministerio-salud-publica/sites/ministerio-salud-publica/files/2024-03/ELEPEM%20CERTIFICADOS%207-3-2024.pdf""]"
ELP-0802,Residencial “Dulce Hogar “,Tacuarembó,Tacuarembo,18 de julio 440,,18 de julio 440,,,,,,Certificado de registro MSP (histórico),False,False,True,False,1,076/2020,2020,2020,2020,1,1,-31.7295469,-55.9729251,baja,centroide de localidad,35,Direcciones Geográficas del Uruguay (IDE),"[""https://www.gub.uy/ministerio-salud-publica/sites/ministerio-salud-publica/files/2024-03/ELEPEM%20CERTIFICADOS%207-3-2024.pdf""]"
ELP-0803,Residencial Hogar de Ancianos San Vicente de Paul,Tacuarembó,Tacuarembo,"María Reggi, 6° sec. Judicial",María Reggi,6° sec. Judicial,,,,,,Certificado de registro MSP (histórico),False,False,True,False,1,042/2020,2020,2020,2020,1,1,-31.7093479,-55.9986122,media,puerta más cercana en la misma calle,89,Direcciones Geográficas del Uruguay (IDE),"[""https://www.gub.uy/ministerio-salud-publica/sites/ministerio-salud-publica/files/2024-03/ELEPEM%20CERTIFICADOS%207-3-2024.pdf""]"
ELP-0804,Residencial Justina,Tacuarembó,Tacuarembó,José Benelli nº 96,José Benelli nº,96,,,,,,Certificado de registro MSP (histórico),False,False,True,False,1,102/2020,2020,2020,2020,1,1,-31.7183321,-55.9935214,alta,calle y puerta exacta,92,Direcciones Geográficas del Uruguay (IDE),"[""https://www.gub.uy/ministerio-salud-publica/sites/ministerio-salud-publica/files/2024-03/ELEPEM%20CERTIFICADOS%207-3-2024.pdf""]"
ELP-0805,Residencial “La Familia “,Tacuarembó,Tacuarembo,Rivera 217,Rivera,217,,,,,,Certificado de registro MSP (histórico),False,False,True,False,1,075/2020,2020,2020,2020,1,1,-32.8200449,-56.5070928,media-baja,centroide de calle,70,Direcciones Geográficas del Uruguay (IDE),"[""https://www.gub.uy/ministerio-salud-publica/sites/ministerio-salud-publica/files/2024-03/ELEPEM%20CERTIFICADOS%207-3-2024.pdf""]"
ELP-0806,Residencial Las Violetas,Tacuarembó,,Gra. José Gervasio Artigas 172,Gra. José Gervasio Artigas,172,,,,,,Certificado de registro MSP (histórico),False,False,True,False,1,164/2019,2019,2019,2019,1,1,-32.8161285,-56.5025186,alta,calle y puerta exacta,100,Direcciones Geográficas del Uruguay (IDE),"[""https://www.gub.uy/ministerio-salud-publica/sites/ministerio-salud-publica/files/2024-03/ELEPEM%20CERTIFICADOS%207-3-2024.pdf""]"
ELP-0807,Residencial Los Abuelos,Tacuarembó,Tacuarembó,Aparicio Saravia 187,Aparicio Saravia,187,,,,,,Certificado de registro MSP (histórico),False,False,True,False,1,086/2020,2020,2020,2020,1,1,-32.7935618,-56.5078181,media-baja,centroide de calle,70,Direcciones Geográficas del Uruguay (IDE),"[""https://www.gub.uy/ministerio-salud-publica/sites/ministerio-salud-publica/files/2024-03/ELEPEM%20CERTIFICADOS%207-3-2024.pdf""]"
ELP-0808,Residencial Maricel,Tacuarembó,Tacuarembo,18 de Julio 848,,18 de Julio 848,,,,,,Certificado de registro MSP (histórico),False,False,True,False,1,035/2020,2020,2020,2020,1,1,-31.7098326,-55.9692532,baja,centroide de localidad,35,Direcciones Geográficas del Uruguay (IDE),"[""https://www.gub.uy/ministerio-salud-publica/sites/ministerio-salud-publica/files/2024-03/ELEPEM%20CERTIFICADOS%207-3-2024.pdf""]"
ELP-0809,Residencial Doña Aurelia,Treinta y Tres,,Manuel Freire 1864,Manuel Freire,1864,,,,,,Certificado de registro MSP (histórico),False,False,True,False,1,194/2019,2019,2019,2019,1,1,-33.2236186,-54.3895043,alta,calle y puerta exacta,100,Direcciones Geográficas del Uruguay (IDE),"[""https://www.gub.uy/ministerio-salud-publica/sites/ministerio-salud-publica/files/2024-03/ELEPEM%20CERTIFICADOS%207-3-2024.pdf""]"
ELP-0810,Residencial Josefa Olascoaga,Treinta y Tres,,Manuel Lavalleja 1063,Manuel Lavalleja,1063,,,,,,Certificado de registro MSP (histórico),False,False,True,False,1,064/2021,2021,2021,2021,1,1,-33.2313001,-54.3876405,alta,calle y puerta exacta,100,Direcciones Geográficas del Uruguay (IDE),"[""https://www.gub.uy/ministerio-salud-publica/sites/ministerio-salud-publica/files/2024-03/ELEPEM%20CERTIFICADOS%207-3-2024.pdf""]"
