record_id,entity_id,source_type,source_title,source_date,source_url,source_document,source_row,department,locality,name,address,street,door,capacity,email,phone,certificate_number,certificate_year,director_technical,legal_name,rut
MSPF-001,ELP-0002,msp_habilitacion_final_2026,Establecimientos de Larga Estadía para Personas Mayores habilitados en el país,2026-06-30,https://www.gub.uy/ministerio-salud-publica/sites/ministerio-salud-publica/files/2026-06/ELEPEM%20HABILITADOS%20JUNIO%202026.pdf,ELEPEM HABILITADOS JUNIO 2026.pdf,1,Artigas,Baltasar Brum,Hogar Don Martín,Nelson Cousin s/n,Nelson Cousin,S/N,14,hogardonmartinbrum@gmail.com,099772757 - 99352155 23653941 - 092244302 -,,,,,
MSPF-002,ELP-0067,msp_habilitacion_final_2026,Establecimientos de Larga Estadía para Personas Mayores habilitados en el país,2026-06-30,https://www.gub.uy/ministerio-salud-publica/sites/ministerio-salud-publica/files/2026-06/ELEPEM%20HABILITADOS%20JUNIO%202026.pdf,ELEPEM HABILITADOS JUNIO 2026.pdf,2,Canelones,Las Piedras,Primavera I,Av. Artigas 365,Av. Artigas,365,14,katiapiria@hotmail.com,098632348,,,,,
MSPF-003,ELP-0028,msp_habilitacion_final_2026,Establecimientos de Larga Estadía para Personas Mayores habilitados en el país,2026-06-30,https://www.gub.uy/ministerio-salud-publica/sites/ministerio-salud-publica/files/2026-06/ELEPEM%20HABILITADOS%20JUNIO%202026.pdf,ELEPEM HABILITADOS JUNIO 2026.pdf,3,Canelones,San Jacinto,Hogar Ana Arriola De Ado,Ruta 7 Km. 52.800,Ruta 7,Km 52.800,10,anaarrioladeado@gmail.com,094801758 - 092449072 099658237 - 23622190 -,,,,,
MSPF-004,ELP-0023,msp_habilitacion_final_2026,Establecimientos de Larga Estadía para Personas Mayores habilitados en el país,2026-06-30,https://www.gub.uy/ministerio-salud-publica/sites/ministerio-salud-publica/files/2026-06/ELEPEM%20HABILITADOS%20JUNIO%202026.pdf,ELEPEM HABILITADOS JUNIO 2026.pdf,4,Canelones,La Paz,En Familia,Gral. Artigas 281,Gral. Artigas,281,14,natiajv@hotmail.com,099685065 098434382 - 26002601 -,,,,,
MSPF-005,ELP-0093,msp_habilitacion_final_2026,Establecimientos de Larga Estadía para Personas Mayores habilitados en el país,2026-06-30,https://www.gub.uy/ministerio-salud-publica/sites/ministerio-salud-publica/files/2026-06/ELEPEM%20HABILITADOS%20JUNIO%202026.pdf,ELEPEM HABILITADOS JUNIO 2026.pdf,5,Canelones,Barra de Carrasco,Seniority Magna,Niteroi 948,Niteroi,948,38,magnacoordinacion@gmail.com,26003938,,,,,
MSPF-006,ELP-0044,msp_habilitacion_final_2026,Establecimientos de Larga Estadía para Personas Mayores habilitados en el país,2026-06-30,https://www.gub.uy/ministerio-salud-publica/sites/ministerio-salud-publica/files/2026-06/ELEPEM%20HABILITADOS%20JUNIO%202026.pdf,ELEPEM HABILITADOS JUNIO 2026.pdf,6,Canelones,El Pinar,La Bonne Vie,Río Negro M 216 S 15,Río Negro M,216 S 15,25,reslabonnevie@gmail.com,26989926 - 095394278,,,,,
MSPF-007,ELP-0100,msp_habilitacion_final_2026,Establecimientos de Larga Estadía para Personas Mayores habilitados en el país,2026-06-30,https://www.gub.uy/ministerio-salud-publica/sites/ministerio-salud-publica/files/2026-06/ELEPEM%20HABILITADOS%20JUNIO%202026.pdf,ELEPEM HABILITADOS JUNIO 2026.pdf,7,Cerro Largo,Fraile Muerto,Hogar Blanca Castro de Argencio,General Artigas,General Artigas,,24,frailemuertomfve@gmail.com,46889032,,,,,
MSPF-008,ELP-0118,msp_habilitacion_final_2026,Establecimientos de Larga Estadía para Personas Mayores habilitados en el país,2026-06-30,https://www.gub.uy/ministerio-salud-publica/sites/ministerio-salud-publica/files/2026-06/ELEPEM%20HABILITADOS%20JUNIO%202026.pdf,ELEPEM HABILITADOS JUNIO 2026.pdf,8,Colonia,Colonia,Hogar de Ancianos Dr. Luis Mazza,Camino al Calabrés Ruta 1 Km. 173.500,Camino al Calabrés Ruta,1 Km. 173.500,32,hogarluismazza@hotmail.com,45224854 - 099521689,,,,,
MSPF-009,ELP-0129,msp_habilitacion_final_2026,Establecimientos de Larga Estadía para Personas Mayores habilitados en el país,2026-06-30,https://www.gub.uy/ministerio-salud-publica/sites/ministerio-salud-publica/files/2026-06/ELEPEM%20HABILITADOS%20JUNIO%202026.pdf,ELEPEM HABILITADOS JUNIO 2026.pdf,9,Colonia,Carmelo,La Merced,19 de Abril 601,,19 de Abril 601,15,alvarezdibaranamaria@gmail.com,45422215 - 099542099,,,,,
MSPF-010,ELP-0121,msp_habilitacion_final_2026,Establecimientos de Larga Estadía para Personas Mayores habilitados en el país,2026-06-30,https://www.gub.uy/ministerio-salud-publica/sites/ministerio-salud-publica/files/2026-06/ELEPEM%20HABILITADOS%20JUNIO%202026.pdf,ELEPEM HABILITADOS JUNIO 2026.pdf,10,Colonia,Juan Lacaze,Hogar Juan Lacaze,Ruta 54 Km. 2,Ruta 54,Km 2,35,hogarancianosjlacaze@gmail.com,45862376 - 094470336,,,,,
MSPF-011,ELP-0104,msp_habilitacion_final_2026,Establecimientos de Larga Estadía para Personas Mayores habilitados en el país,2026-06-30,https://www.gub.uy/ministerio-salud-publica/sites/ministerio-salud-publica/files/2026-06/ELEPEM%20HABILITADOS%20JUNIO%202026.pdf,ELEPEM HABILITADOS JUNIO 2026.pdf,11,Colonia,Juan Lacaze,El Árbol de la Vida,"Juana C. Campomar 131, Senaque 85",Juana C. Campomar,"131, Senaque 85",27,jorgeceronfornari@hotmail.com,45865153 - 092972158,,,,,
MSPF-012,ELP-0124,msp_habilitacion_final_2026,Establecimientos de Larga Estadía para Personas Mayores habilitados en el país,2026-06-30,https://www.gub.uy/ministerio-salud-publica/sites/ministerio-salud-publica/files/2026-06/ELEPEM%20HABILITADOS%20JUNIO%202026.pdf,ELEPEM HABILITADOS JUNIO 2026.pdf,12,Colonia,Nueva Helvecia,Inst. Probienestar del Anciano,Esteban Lazague 1295,Esteban Lazague,1295,60,ipbancianonuevahelvecia@hotmail.com,099895944,,,,,
MSPF-013,ELP-0116,msp_habilitacion_final_2026,Establecimientos de Larga Estadía para Personas Mayores habilitados en el país,2026-06-30,https://www.gub.uy/ministerio-salud-publica/sites/ministerio-salud-publica/files/2026-06/ELEPEM%20HABILITADOS%20JUNIO%202026.pdf,ELEPEM HABILITADOS JUNIO 2026.pdf,13,Colonia,Nueva Helvecia,Hogar de Ancianos de la Sociedad de Auxilio Frauenverein,German Imhoff 904,German Imhoff,904,42,hogarfrau@gmail.com,45544158,,,,,
MSPF-014,ELP-0119,msp_habilitacion_final_2026,Establecimientos de Larga Estadía para Personas Mayores habilitados en el país,2026-06-30,https://www.gub.uy/ministerio-salud-publica/sites/ministerio-salud-publica/files/2026-06/ELEPEM%20HABILITADOS%20JUNIO%202026.pdf,ELEPEM HABILITADOS JUNIO 2026.pdf,14,Colonia,Nueva Palmira,Hogar de Ancianos Nueva Palmira,Ituzaingo 1091,Ituzaingo,1091,30,hogarpal@vera.com.uy,45446020,,,,,
MSPF-015,ELP-0115,msp_habilitacion_final_2026,Establecimientos de Larga Estadía para Personas Mayores habilitados en el país,2026-06-30,https://www.gub.uy/ministerio-salud-publica/sites/ministerio-salud-publica/files/2026-06/ELEPEM%20HABILITADOS%20JUNIO%202026.pdf,ELEPEM HABILITADOS JUNIO 2026.pdf,15,Colonia,Ombúes de la Valle,Hogar de Ancianos Cristo Salvador,"Ruta 55 Km. 22,500",Ruta 55,"Km 22,500",35,hogarcristosalvador@vera.com.uy,45706103,,,,,
MSPF-016,ELP-0122,msp_habilitacion_final_2026,Establecimientos de Larga Estadía para Personas Mayores habilitados en el país,2026-06-30,https://www.gub.uy/ministerio-salud-publica/sites/ministerio-salud-publica/files/2026-06/ELEPEM%20HABILITADOS%20JUNIO%202026.pdf,ELEPEM HABILITADOS JUNIO 2026.pdf,16,Colonia,Valdense,Hogar para Ancianos de Colonia,Armand Ugón 1569,Armand Ugón,1569,100,direccion.hpavaldense@gmail.com,45588818 - 45589316,,,,,
MSPF-017,ELP-0114,msp_habilitacion_final_2026,Establecimientos de Larga Estadía para Personas Mayores habilitados en el país,2026-06-30,https://www.gub.uy/ministerio-salud-publica/sites/ministerio-salud-publica/files/2026-06/ELEPEM%20HABILITADOS%20JUNIO%202026.pdf,ELEPEM HABILITADOS JUNIO 2026.pdf,17,Colonia,Conchillas,Valdense Hogar de Ancianos Centenario,Tomas Walker S/N,Tomas Walker,S/N,20,hogarcentenario@gmail.com,45772134,,,,,
MSPF-018,ELP-0106,msp_habilitacion_final_2026,Establecimientos de Larga Estadía para Personas Mayores habilitados en el país,2026-06-30,https://www.gub.uy/ministerio-salud-publica/sites/ministerio-salud-publica/files/2026-06/ELEPEM%20HABILITADOS%20JUNIO%202026.pdf,ELEPEM HABILITADOS JUNIO 2026.pdf,18,Colonia,Colonia Miguelete Colonia del,Conchillas Asc. Civil Por-Bienestar Social de la Tercera Edad,José Pedro Varela S/N,José Pedro Varela,S/N,40,saludhogarmiguelete@gmail.com,45752145 - 45752509,,,,,
MSPF-019,ELP-0140,msp_habilitacion_final_2026,Establecimientos de Larga Estadía para Personas Mayores habilitados en el país,2026-06-30,https://www.gub.uy/ministerio-salud-publica/sites/ministerio-salud-publica/files/2026-06/ELEPEM%20HABILITADOS%20JUNIO%202026.pdf,ELEPEM HABILITADOS JUNIO 2026.pdf,19,Colonia,Sacramento,Residencial Rivera,Rivera 288,Rivera,288,15,martinpolli@gmail.com,45235005,,,,,
MSPF-020,ELP-0165,msp_habilitacion_final_2026,Establecimientos de Larga Estadía para Personas Mayores habilitados en el país,2026-06-30,https://www.gub.uy/ministerio-salud-publica/sites/ministerio-salud-publica/files/2026-06/ELEPEM%20HABILITADOS%20JUNIO%202026.pdf,ELEPEM HABILITADOS JUNIO 2026.pdf,20,Durazno,Durazno,Tea Garden,Penza 951 Y B. Brum,Penza,951 Y B. Brum,17,cracristinacabrera@gmail.com,099116676,,,,,
MSPF-021,ELP-0167,msp_habilitacion_final_2026,Establecimientos de Larga Estadía para Personas Mayores habilitados en el país,2026-06-30,https://www.gub.uy/ministerio-salud-publica/sites/ministerio-salud-publica/files/2026-06/ELEPEM%20HABILITADOS%20JUNIO%202026.pdf,ELEPEM HABILITADOS JUNIO 2026.pdf,21,Flores,Trinidad,"Hogar ""Dr. Cipriano Goñi""",Manuel Irazábal S/N,Manuel Irazábal,S/N,56,luisdotta@asse.com.uy,,,,,,
MSPF-022,ELP-0184,msp_habilitacion_final_2026,Establecimientos de Larga Estadía para Personas Mayores habilitados en el país,2026-06-30,https://www.gub.uy/ministerio-salud-publica/sites/ministerio-salud-publica/files/2026-06/ELEPEM%20HABILITADOS%20JUNIO%202026.pdf,ELEPEM HABILITADOS JUNIO 2026.pdf,22,Florida,Florida,Hostal Las Hortensias,Barreiro 157,Barreiro,157,8,ilianafa@adinet.com.uy,091513275,,,,,
MSPF-023,ELP-0182,msp_habilitacion_final_2026,Establecimientos de Larga Estadía para Personas Mayores habilitados en el país,2026-06-30,https://www.gub.uy/ministerio-salud-publica/sites/ministerio-salud-publica/files/2026-06/ELEPEM%20HABILITADOS%20JUNIO%202026.pdf,ELEPEM HABILITADOS JUNIO 2026.pdf,23,Florida,Florida,Hogar de Ancianos- Florida,F. Harrinson s/n,F. Harrinson,S/N,38,hogardelancianoflorida@gmail.com,099846447 - 43522515,,,,,
MSPF-024,ELP-0180,msp_habilitacion_final_2026,Establecimientos de Larga Estadía para Personas Mayores habilitados en el país,2026-06-30,https://www.gub.uy/ministerio-salud-publica/sites/ministerio-salud-publica/files/2026-06/ELEPEM%20HABILITADOS%20JUNIO%202026.pdf,ELEPEM HABILITADOS JUNIO 2026.pdf,24,Florida,Sarandí Grande,Hogar de Ancianos,Faustino Harrinson s/n,Faustino Harrinson,S/N,25,giselab@adinet.com.uy,43549578,,,,,
MSPF-025,ELP-0188,msp_habilitacion_final_2026,Establecimientos de Larga Estadía para Personas Mayores habilitados en el país,2026-06-30,https://www.gub.uy/ministerio-salud-publica/sites/ministerio-salud-publica/files/2026-06/ELEPEM%20HABILITADOS%20JUNIO%202026.pdf,ELEPEM HABILITADOS JUNIO 2026.pdf,25,Florida,Sarandí Grande,Los Tulipanes,Aida Garat de Bidondo 862,Aida Garat de Bidondo,862,15,socacarolina@gmail.com,95383216,,,,,
MSPF-026,ELP-0199,msp_habilitacion_final_2026,Establecimientos de Larga Estadía para Personas Mayores habilitados en el país,2026-06-30,https://www.gub.uy/ministerio-salud-publica/sites/ministerio-salud-publica/files/2026-06/ELEPEM%20HABILITADOS%20JUNIO%202026.pdf,ELEPEM HABILITADOS JUNIO 2026.pdf,26,Lavalleja,Mariscala,Hogar de Ancianos Mariscala,Minas S/N entre Viana y Sarandí,Minas,S/N,30,hogardeancianosmariscala@gmail.com,44492110 - 095977306,,,,,
MSPF-027,ELP-0198,msp_habilitacion_final_2026,Establecimientos de Larga Estadía para Personas Mayores habilitados en el país,2026-06-30,https://www.gub.uy/ministerio-salud-publica/sites/ministerio-salud-publica/files/2026-06/ELEPEM%20HABILITADOS%20JUNIO%202026.pdf,ELEPEM HABILITADOS JUNIO 2026.pdf,27,Lavalleja,Minas,RESIDENCIAL Cristal,Ituzaingó 434,Ituzaingó,434,17,br.vegap@gmail.com,99282984,,,,,
MSPF-028,ELP-0221,msp_habilitacion_final_2026,Establecimientos de Larga Estadía para Personas Mayores habilitados en el país,2026-06-30,https://www.gub.uy/ministerio-salud-publica/sites/ministerio-salud-publica/files/2026-06/ELEPEM%20HABILITADOS%20JUNIO%202026.pdf,ELEPEM HABILITADOS JUNIO 2026.pdf,28,Maldonado,San Carlos,Hogar Ecilda Cardozo,25 de agosto 773,,25 de agosto 773,20,hogarecildasancarlos@gmail.com,42668513,,,,,
MSPF-029,ELP-0231,msp_habilitacion_final_2026,Establecimientos de Larga Estadía para Personas Mayores habilitados en el país,2026-06-30,https://www.gub.uy/ministerio-salud-publica/sites/ministerio-salud-publica/files/2026-06/ELEPEM%20HABILITADOS%20JUNIO%202026.pdf,ELEPEM HABILITADOS JUNIO 2026.pdf,29,Maldonado,Punta del Este,Los Alamos,Bilbao c/Pedragosa Sierra Pda.,Bilbao c/Pedragosa Sierra Pda.,,23,aamperez@hotmail.com,42481758 42480339 - 098856984,,,,,
MSPF-030,ELP-0229,msp_habilitacion_final_2026,Establecimientos de Larga Estadía para Personas Mayores habilitados en el país,2026-06-30,https://www.gub.uy/ministerio-salud-publica/sites/ministerio-salud-publica/files/2026-06/ELEPEM%20HABILITADOS%20JUNIO%202026.pdf,ELEPEM HABILITADOS JUNIO 2026.pdf,30,Maldonado,Punta del Este,Las Lavandas,5 Paso de la Cadena esq. Alamein,,5 Paso de la Cadena,21,sfernandez@asesoria21.com,(Santiago),,,,,
MSPF-031,ELP-0227,msp_habilitacion_final_2026,Establecimientos de Larga Estadía para Personas Mayores habilitados en el país,2026-06-30,https://www.gub.uy/ministerio-salud-publica/sites/ministerio-salud-publica/files/2026-06/ELEPEM%20HABILITADOS%20JUNIO%202026.pdf,ELEPEM HABILITADOS JUNIO 2026.pdf,31,Maldonado,Punta Ballena,La Tregua,“las antorchas” Camino Los Camalotes a 1.5 Km de Camino Lussich,“las antorchas” Camino Los Camalotes a,1.5 Km de Camino Lussich,21,abril-247@hotmail.com,42577513 - 095321855 44347474 - 099877976 -,,,,,
MSPF-032,ELP-0219,msp_habilitacion_final_2026,Establecimientos de Larga Estadía para Personas Mayores habilitados en el país,2026-06-30,https://www.gub.uy/ministerio-salud-publica/sites/ministerio-salud-publica/files/2026-06/ELEPEM%20HABILITADOS%20JUNIO%202026.pdf,ELEPEM HABILITADOS JUNIO 2026.pdf,32,Maldonado,Pan de Azúcar,Hogar de Ancianos Pan de Azúcar,Rutas 93 y 37 Km. 92,Rutas 93 y 37,Km 92,10,pandeazucarhogar@hotmail.com,099951475,,,,,
MSPF-033,ELP-0295,msp_habilitacion_final_2026,Establecimientos de Larga Estadía para Personas Mayores habilitados en el país,2026-06-30,https://www.gub.uy/ministerio-salud-publica/sites/ministerio-salud-publica/files/2026-06/ELEPEM%20HABILITADOS%20JUNIO%202026.pdf,ELEPEM HABILITADOS JUNIO 2026.pdf,33,Montevideo,Montevideo,Altos Del Centro,Yí 1363,Yí,1363,35,ryaltoscentro@gmail.com,29046771,,,,,
MSPF-034,ELP-0681,msp_habilitacion_final_2026,Establecimientos de Larga Estadía para Personas Mayores habilitados en el país,2026-06-30,https://www.gub.uy/ministerio-salud-publica/sites/ministerio-salud-publica/files/2026-06/ELEPEM%20HABILITADOS%20JUNIO%202026.pdf,ELEPEM HABILITADOS JUNIO 2026.pdf,34,Montevideo,Montevideo,Santa Bernardita,19 de Abril 1140,,19 de Abril 1140,19,acevo@gmail.com,23367885,,,,,
MSPF-035,ELP-0518,msp_habilitacion_final_2026,Establecimientos de Larga Estadía para Personas Mayores habilitados en el país,2026-06-30,https://www.gub.uy/ministerio-salud-publica/sites/ministerio-salud-publica/files/2026-06/ELEPEM%20HABILITADOS%20JUNIO%202026.pdf,ELEPEM HABILITADOS JUNIO 2026.pdf,35,Montevideo,Montevideo,María de los Angeles,Bulevar Batlle y Ordóñez 3019,Bulevar Batlle y Ordóñez,3019,20,diegogiambruno@hotmail.com gabriela.rodriguez@redbienestar.net -,24814054,,,,,
MSPF-036,ELP-0563,msp_habilitacion_final_2026,Establecimientos de Larga Estadía para Personas Mayores habilitados en el país,2026-06-30,https://www.gub.uy/ministerio-salud-publica/sites/ministerio-salud-publica/files/2026-06/ELEPEM%20HABILITADOS%20JUNIO%202026.pdf,ELEPEM HABILITADOS JUNIO 2026.pdf,36,Montevideo,Montevideo,Red Bienestar,Rivera 4589,Rivera,4589,21,contacto@redbienestar.net,,,,,,
MSPF-037,ELP-0280,msp_habilitacion_final_2026,Establecimientos de Larga Estadía para Personas Mayores habilitados en el país,2026-06-30,https://www.gub.uy/ministerio-salud-publica/sites/ministerio-salud-publica/files/2026-06/ELEPEM%20HABILITADOS%20JUNIO%202026.pdf,ELEPEM HABILITADOS JUNIO 2026.pdf,37,Montevideo,Montevideo,Aguas de Reposo,Avenida Italia 6527,Avenida Italia,6527,18,aguasdereposo2019@gmail.com,26040203 – 099732263,,,,,
MSPF-038,ELP-0660,msp_habilitacion_final_2026,Establecimientos de Larga Estadía para Personas Mayores habilitados en el país,2026-06-30,https://www.gub.uy/ministerio-salud-publica/sites/ministerio-salud-publica/files/2026-06/ELEPEM%20HABILITADOS%20JUNIO%202026.pdf,ELEPEM HABILITADOS JUNIO 2026.pdf,38,Montevideo,Montevideo,Valle Vilcabamba Residencias,Almirante Harwood 6214 -6212,Almirante Harwood,6214 -6212,16,admonvilcabamba@gmail.com,26002063 – 095066822,,,,,
MSPF-039,ELP-0451,msp_habilitacion_final_2026,Establecimientos de Larga Estadía para Personas Mayores habilitados en el país,2026-06-30,https://www.gub.uy/ministerio-salud-publica/sites/ministerio-salud-publica/files/2026-06/ELEPEM%20HABILITADOS%20JUNIO%202026.pdf,ELEPEM HABILITADOS JUNIO 2026.pdf,39,Montevideo,Montevideo,Irigoitía,Juan Carlos Blanco 3485,Juan Carlos Blanco,3485,16,www.irigoitia.com - info@irigoitia.com,,,,,,
MSPF-040,ELP-0703,msp_habilitacion_final_2026,Establecimientos de Larga Estadía para Personas Mayores habilitados en el país,2026-06-30,https://www.gub.uy/ministerio-salud-publica/sites/ministerio-salud-publica/files/2026-06/ELEPEM%20HABILITADOS%20JUNIO%202026.pdf,ELEPEM HABILITADOS JUNIO 2026.pdf,40,Montevideo,Montevideo,Valle Vilcabamba,Alejandro Fleming 1741,Alejandro Fleming,1741,20,adminvilcabamba@gmail.com,,,,,,
MSPF-041,ELP-0303,msp_habilitacion_final_2026,Establecimientos de Larga Estadía para Personas Mayores habilitados en el país,2026-06-30,https://www.gub.uy/ministerio-salud-publica/sites/ministerio-salud-publica/files/2026-06/ELEPEM%20HABILITADOS%20JUNIO%202026.pdf,ELEPEM HABILITADOS JUNIO 2026.pdf,41,Montevideo,Montevideo,Antares,Bulevar Artigas 1308,Bulevar Artigas,1308,27,residencial.antares@hotmail.com,,,,,,
MSPF-042,ELP-0317,msp_habilitacion_final_2026,Establecimientos de Larga Estadía para Personas Mayores habilitados en el país,2026-06-30,https://www.gub.uy/ministerio-salud-publica/sites/ministerio-salud-publica/files/2026-06/ELEPEM%20HABILITADOS%20JUNIO%202026.pdf,ELEPEM HABILITADOS JUNIO 2026.pdf,42,Montevideo,Montevideo,Bellos Años,Luis Alberto de Herrera 3159,Luis Alberto de Herrera,3159,20,hogarbellosa@gmail.com,,,,,,
MSPF-043,ELP-0522,msp_habilitacion_final_2026,Establecimientos de Larga Estadía para Personas Mayores habilitados en el país,2026-06-30,https://www.gub.uy/ministerio-salud-publica/sites/ministerio-salud-publica/files/2026-06/ELEPEM%20HABILITADOS%20JUNIO%202026.pdf,ELEPEM HABILITADOS JUNIO 2026.pdf,43,Montevideo,Montevideo,Residencial Mariana,Gaboto 1323,Gaboto,1323,19,anamarrero4110@hotmail.com,,,,,,
MSPF-044,ELP-0447,msp_habilitacion_final_2026,Establecimientos de Larga Estadía para Personas Mayores habilitados en el país,2026-06-30,https://www.gub.uy/ministerio-salud-publica/sites/ministerio-salud-publica/files/2026-06/ELEPEM%20HABILITADOS%20JUNIO%202026.pdf,ELEPEM HABILITADOS JUNIO 2026.pdf,44,Montevideo,Montevideo,Siena,Libertad 2840,Libertad,2840,23,hogarsiena@gmail.com,,,,,,
MSPF-045,ELP-0480,msp_habilitacion_final_2026,Establecimientos de Larga Estadía para Personas Mayores habilitados en el país,2026-06-30,https://www.gub.uy/ministerio-salud-publica/sites/ministerio-salud-publica/files/2026-06/ELEPEM%20HABILITADOS%20JUNIO%202026.pdf,ELEPEM HABILITADOS JUNIO 2026.pdf,45,Montevideo,Montevideo,Las Brisas,Colonia 2179,Colonia,2179,36,mboramas@adinet.com.uy,,,,,,
MSPF-046,ELP-0651,msp_habilitacion_final_2026,Establecimientos de Larga Estadía para Personas Mayores habilitados en el país,2026-06-30,https://www.gub.uy/ministerio-salud-publica/sites/ministerio-salud-publica/files/2026-06/ELEPEM%20HABILITADOS%20JUNIO%202026.pdf,ELEPEM HABILITADOS JUNIO 2026.pdf,46,Montevideo,Montevideo,Sueño de Hogar,San Martín 3020,San Martín,3020,25,residencialsdehogar@gmail.com,,,,,,
MSPF-047,ELP-0676,msp_habilitacion_final_2026,Establecimientos de Larga Estadía para Personas Mayores habilitados en el país,2026-06-30,https://www.gub.uy/ministerio-salud-publica/sites/ministerio-salud-publica/files/2026-06/ELEPEM%20HABILITADOS%20JUNIO%202026.pdf,ELEPEM HABILITADOS JUNIO 2026.pdf,47,Montevideo,Montevideo,San Jorge,Rivera 2520,Rivera,2520,27,info@residencialsanjorge.com.uy,,,,,,
MSPF-048,ELP-0296,msp_habilitacion_final_2026,Establecimientos de Larga Estadía para Personas Mayores habilitados en el país,2026-06-30,https://www.gub.uy/ministerio-salud-publica/sites/ministerio-salud-publica/files/2026-06/ELEPEM%20HABILITADOS%20JUNIO%202026.pdf,ELEPEM HABILITADOS JUNIO 2026.pdf,48,Montevideo,Montevideo,Altos del Parque,Américo Ricaldoni 1748,Américo Ricaldoni,1748,20,raltosdelparque@gmail.com,,,,,,
MSPF-049,ELP-0655,msp_habilitacion_final_2026,Establecimientos de Larga Estadía para Personas Mayores habilitados en el país,2026-06-30,https://www.gub.uy/ministerio-salud-publica/sites/ministerio-salud-publica/files/2026-06/ELEPEM%20HABILITADOS%20JUNIO%202026.pdf,ELEPEM HABILITADOS JUNIO 2026.pdf,49,Montevideo,Montevideo,Terra Nostra,Pedro Cosio 2451,Pedro Cosio,2451,20,residencialterranostra@hotmail.com,,,,,,
MSPF-050,ELP-0331,msp_habilitacion_final_2026,Establecimientos de Larga Estadía para Personas Mayores habilitados en el país,2026-06-30,https://www.gub.uy/ministerio-salud-publica/sites/ministerio-salud-publica/files/2026-06/ELEPEM%20HABILITADOS%20JUNIO%202026.pdf,ELEPEM HABILITADOS JUNIO 2026.pdf,50,Montevideo,Montevideo,Casa del Sol,D. A. Larrañaga 4104,D. A. Larrañaga,4104,16,noeliaruiz2003@hotmail.com,,,,,,
MSPF-051,ELP-0691,msp_habilitacion_final_2026,Establecimientos de Larga Estadía para Personas Mayores habilitados en el país,2026-06-30,https://www.gub.uy/ministerio-salud-publica/sites/ministerio-salud-publica/files/2026-06/ELEPEM%20HABILITADOS%20JUNIO%202026.pdf,ELEPEM HABILITADOS JUNIO 2026.pdf,51,Montevideo,Montevideo,Sueños Compartidos,Dalmiro Costa 4685,Dalmiro Costa,4685,18,contacto@hogarsc.com.uy,,,,,,
MSPF-052,ELP-0533,msp_habilitacion_final_2026,Establecimientos de Larga Estadía para Personas Mayores habilitados en el país,2026-06-30,https://www.gub.uy/ministerio-salud-publica/sites/ministerio-salud-publica/files/2026-06/ELEPEM%20HABILITADOS%20JUNIO%202026.pdf,ELEPEM HABILITADOS JUNIO 2026.pdf,52,Montevideo,Montevideo,Miguel Ángel,Batlle y Ordóñez 5781,Batlle y Ordóñez,5781,28,fabianapaola03@gmail.com,,,,,,
MSPF-053,ELP-0438,msp_habilitacion_final_2026,Establecimientos de Larga Estadía para Personas Mayores habilitados en el país,2026-06-30,https://www.gub.uy/ministerio-salud-publica/sites/ministerio-salud-publica/files/2026-06/ELEPEM%20HABILITADOS%20JUNIO%202026.pdf,ELEPEM HABILITADOS JUNIO 2026.pdf,53,Montevideo,Montevideo,Toscana Hogar,Av. Centenario 3076,Av. Centenario,3076,22,centroresidenciales.toscana@gmail.com,,,,,,
MSPF-054,ELP-0510,msp_habilitacion_final_2026,Establecimientos de Larga Estadía para Personas Mayores habilitados en el país,2026-06-30,https://www.gub.uy/ministerio-salud-publica/sites/ministerio-salud-publica/files/2026-06/ELEPEM%20HABILITADOS%20JUNIO%202026.pdf,ELEPEM HABILITADOS JUNIO 2026.pdf,54,Montevideo,Montevideo,Los Nonos,Francisco Canaro 2290,Francisco Canaro,2290,14,menzalli@gmail.com,,,,,,
MSPF-055,ELP-0422,msp_habilitacion_final_2026,Establecimientos de Larga Estadía para Personas Mayores habilitados en el país,2026-06-30,https://www.gub.uy/ministerio-salud-publica/sites/ministerio-salud-publica/files/2026-06/ELEPEM%20HABILITADOS%20JUNIO%202026.pdf,ELEPEM HABILITADOS JUNIO 2026.pdf,55,Montevideo,Montevideo,Higea,Marco Bruto 1264,Marco Bruto,1264,12,higea5@gmail.com,,,,,,
MSPF-056,ELP-0478,msp_habilitacion_final_2026,Establecimientos de Larga Estadía para Personas Mayores habilitados en el país,2026-06-30,https://www.gub.uy/ministerio-salud-publica/sites/ministerio-salud-publica/files/2026-06/ELEPEM%20HABILITADOS%20JUNIO%202026.pdf,ELEPEM HABILITADOS JUNIO 2026.pdf,56,Montevideo,Montevideo,Las Gardenias 1,Caramurú 5812,Caramurú,5812,18,rositalaguardia@gmail.com,,,,,,
MSPF-057,ELP-0686,msp_habilitacion_final_2026,Establecimientos de Larga Estadía para Personas Mayores habilitados en el país,2026-06-30,https://www.gub.uy/ministerio-salud-publica/sites/ministerio-salud-publica/files/2026-06/ELEPEM%20HABILITADOS%20JUNIO%202026.pdf,ELEPEM HABILITADOS JUNIO 2026.pdf,57,Montevideo,Montevideo,Seraan,Avda. Millán 3346,Avda. Millán,3346,21,seraancooperativa@gmail.com,,,,,,
MSPF-058,ELP-0468,msp_habilitacion_final_2026,Establecimientos de Larga Estadía para Personas Mayores habilitados en el país,2026-06-30,https://www.gub.uy/ministerio-salud-publica/sites/ministerio-salud-publica/files/2026-06/ELEPEM%20HABILITADOS%20JUNIO%202026.pdf,ELEPEM HABILITADOS JUNIO 2026.pdf,58,Montevideo,Montevideo,Las Huellas,Constituyente 1845,Constituyente,1845,18,daniel.6031@gmail.com,,,,,,
MSPF-059,ELP-0507,msp_habilitacion_final_2026,Establecimientos de Larga Estadía para Personas Mayores habilitados en el país,2026-06-30,https://www.gub.uy/ministerio-salud-publica/sites/ministerio-salud-publica/files/2026-06/ELEPEM%20HABILITADOS%20JUNIO%202026.pdf,ELEPEM HABILITADOS JUNIO 2026.pdf,59,Montevideo,Montevideo,Los Alpes,Fernandez Crespo 1776,Fernandez Crespo,1776,28,info@losalpes.com.uy,,,,,,
MSPF-060,ELP-0418,msp_habilitacion_final_2026,Establecimientos de Larga Estadía para Personas Mayores habilitados en el país,2026-06-30,https://www.gub.uy/ministerio-salud-publica/sites/ministerio-salud-publica/files/2026-06/ELEPEM%20HABILITADOS%20JUNIO%202026.pdf,ELEPEM HABILITADOS JUNIO 2026.pdf,60,Montevideo,Montevideo,Happy Life,8 de Octubre 3205,,8 de Octubre 3205,30,a.dure@hotmail.com - gerardo.notte@gmail.com,,,,,,
MSPF-061,ELP-0378,msp_habilitacion_final_2026,Establecimientos de Larga Estadía para Personas Mayores habilitados en el país,2026-06-30,https://www.gub.uy/ministerio-salud-publica/sites/ministerio-salud-publica/files/2026-06/ELEPEM%20HABILITADOS%20JUNIO%202026.pdf,ELEPEM HABILITADOS JUNIO 2026.pdf,61,Montevideo,Montevideo,Dos Soles,Augusto Turenne 3322,Augusto Turenne,3322,21,residencialdossoles@gmail.com,,,,,,
MSPF-062,ELP-0501,msp_habilitacion_final_2026,Establecimientos de Larga Estadía para Personas Mayores habilitados en el país,2026-06-30,https://www.gub.uy/ministerio-salud-publica/sites/ministerio-salud-publica/files/2026-06/ELEPEM%20HABILITADOS%20JUNIO%202026.pdf,ELEPEM HABILITADOS JUNIO 2026.pdf,62,Montevideo,Montevideo,Les Jardins,Avda. Italia 5910,Avda. Italia,5910,18,residencial@lesjardins.com donamaria1@gmail.com -,,,,,,
MSPF-063,ELP-0374,msp_habilitacion_final_2026,Establecimientos de Larga Estadía para Personas Mayores habilitados en el país,2026-06-30,https://www.gub.uy/ministerio-salud-publica/sites/ministerio-salud-publica/files/2026-06/ELEPEM%20HABILITADOS%20JUNIO%202026.pdf,ELEPEM HABILITADOS JUNIO 2026.pdf,63,Montevideo,Montevideo,Doña María,Humachiri 4126,Humachiri,4126,11,residencialdonamaria1@gmai.com,,,,,,
MSPF-064,ELP-0661,msp_habilitacion_final_2026,Establecimientos de Larga Estadía para Personas Mayores habilitados en el país,2026-06-30,https://www.gub.uy/ministerio-salud-publica/sites/ministerio-salud-publica/files/2026-06/ELEPEM%20HABILITADOS%20JUNIO%202026.pdf,ELEPEM HABILITADOS JUNIO 2026.pdf,64,Montevideo,Montevideo,Villa Amanda,Santa Lucía 4175,Santa Lucía,4175,10,ceciliavillalba09@gmail.com,,,,,,
MSPF-065,ELP-0435,msp_habilitacion_final_2026,Establecimientos de Larga Estadía para Personas Mayores habilitados en el país,2026-06-30,https://www.gub.uy/ministerio-salud-publica/sites/ministerio-salud-publica/files/2026-06/ELEPEM%20HABILITADOS%20JUNIO%202026.pdf,ELEPEM HABILITADOS JUNIO 2026.pdf,65,Montevideo,Montevideo,Hogar Israelita,Burgues 3194,Burgues,3194,140,carladicandia@hogarisraelita.org.uy lascuatroestaciones2968@hotmail.com -,,,,,,
MSPF-066,ELP-0364,msp_habilitacion_final_2026,Establecimientos de Larga Estadía para Personas Mayores habilitados en el país,2026-06-30,https://www.gub.uy/ministerio-salud-publica/sites/ministerio-salud-publica/files/2026-06/ELEPEM%20HABILITADOS%20JUNIO%202026.pdf,ELEPEM HABILITADOS JUNIO 2026.pdf,66,Montevideo,Montevideo,Cuatro Estaciones,República del Salvador 2968,República del Salvador,2968,19,laoficina720@adinet.com.uy,,,,,,
MSPF-067,ELP-0337,msp_habilitacion_final_2026,Establecimientos de Larga Estadía para Personas Mayores habilitados en el país,2026-06-30,https://www.gub.uy/ministerio-salud-publica/sites/ministerio-salud-publica/files/2026-06/ELEPEM%20HABILITADOS%20JUNIO%202026.pdf,ELEPEM HABILITADOS JUNIO 2026.pdf,67,Montevideo,Montevideo,Casa Tranquila,Américo Ricaldoni 2876,Américo Ricaldoni,2876,16,residencialcasatranquila@gmail.com,,,,,,
MSPF-068,ELP-0376,msp_habilitacion_final_2026,Establecimientos de Larga Estadía para Personas Mayores habilitados en el país,2026-06-30,https://www.gub.uy/ministerio-salud-publica/sites/ministerio-salud-publica/files/2026-06/ELEPEM%20HABILITADOS%20JUNIO%202026.pdf,ELEPEM HABILITADOS JUNIO 2026.pdf,68,Montevideo,Montevideo,Dorita,Gral. Flores 3674,Gral. Flores,3674,18,oliveramariela9070@gmail.com,,,,,,
MSPF-069,ELP-0536,msp_habilitacion_final_2026,Establecimientos de Larga Estadía para Personas Mayores habilitados en el país,2026-06-30,https://www.gub.uy/ministerio-salud-publica/sites/ministerio-salud-publica/files/2026-06/ELEPEM%20HABILITADOS%20JUNIO%202026.pdf,ELEPEM HABILITADOS JUNIO 2026.pdf,69,Montevideo,Montevideo,Mis Nietos,Bulevar Artigas 4251,Bulevar Artigas,4251,30,pelutictac@hotmail.com,,,,,,
MSPF-070,ELP-0566,msp_habilitacion_final_2026,Establecimientos de Larga Estadía para Personas Mayores habilitados en el país,2026-06-30,https://www.gub.uy/ministerio-salud-publica/sites/ministerio-salud-publica/files/2026-06/ELEPEM%20HABILITADOS%20JUNIO%202026.pdf,ELEPEM HABILITADOS JUNIO 2026.pdf,70,Montevideo,Montevideo,Remansum I,Charrúa 2224,Charrúa,2224,34,nelly.amira@hotmail.com,,,,,,
MSPF-071,ELP-0431,msp_habilitacion_final_2026,Establecimientos de Larga Estadía para Personas Mayores habilitados en el país,2026-06-30,https://www.gub.uy/ministerio-salud-publica/sites/ministerio-salud-publica/files/2026-06/ELEPEM%20HABILITADOS%20JUNIO%202026.pdf,ELEPEM HABILITADOS JUNIO 2026.pdf,71,Montevideo,Montevideo,Hogar De Ancianos Piebu,Fernandez Crespo 1768/70,Fernandez Crespo,1768/70,20,piebu@vera.com.uy,,,,,,
MSPF-072,ELP-0495,msp_habilitacion_final_2026,Establecimientos de Larga Estadía para Personas Mayores habilitados en el país,2026-06-30,https://www.gub.uy/ministerio-salud-publica/sites/ministerio-salud-publica/files/2026-06/ELEPEM%20HABILITADOS%20JUNIO%202026.pdf,ELEPEM HABILITADOS JUNIO 2026.pdf,72,Montevideo,Montevideo,Tres Marías,Mario Cassinoni 1120,Mario Cassinoni,1120,21,mboramas@adinet.com.uy laoficina720@vera.com.uy,,,,,,
MSPF-073,ELP-0390,msp_habilitacion_final_2026,Establecimientos de Larga Estadía para Personas Mayores habilitados en el país,2026-06-30,https://www.gub.uy/ministerio-salud-publica/sites/ministerio-salud-publica/files/2026-06/ELEPEM%20HABILITADOS%20JUNIO%202026.pdf,ELEPEM HABILITADOS JUNIO 2026.pdf,73,Montevideo,Montevideo,El Remanso,Jaime Cibils 2848,Jaime Cibils,2848,37,polloetcheverry@hotmail.com,,,,,,
MSPF-074,ELP-0656,msp_habilitacion_final_2026,Establecimientos de Larga Estadía para Personas Mayores habilitados en el país,2026-06-30,https://www.gub.uy/ministerio-salud-publica/sites/ministerio-salud-publica/files/2026-06/ELEPEM%20HABILITADOS%20JUNIO%202026.pdf,ELEPEM HABILITADOS JUNIO 2026.pdf,74,Montevideo,Montevideo,Umpierrez,Juan Manuel Blanes 1274,Juan Manuel Blanes,1274,23,andreaumpierrez71@hotmail.com,094163189,,,,,
MSPF-075,ELP-0489,msp_habilitacion_final_2026,Establecimientos de Larga Estadía para Personas Mayores habilitados en el país,2026-06-30,https://www.gub.uy/ministerio-salud-publica/sites/ministerio-salud-publica/files/2026-06/ELEPEM%20HABILITADOS%20JUNIO%202026.pdf,ELEPEM HABILITADOS JUNIO 2026.pdf,75,Montevideo,Montevideo,Las Gardenias 3,Belastiqui 1490,Belastiqui,1490,13,rositalaguardia@gmail.com thegreenhome@adinet.com.uy -,,,,,,
MSPF-076,ELP-0696,msp_habilitacion_final_2026,Establecimientos de Larga Estadía para Personas Mayores habilitados en el país,2026-06-30,https://www.gub.uy/ministerio-salud-publica/sites/ministerio-salud-publica/files/2026-06/ELEPEM%20HABILITADOS%20JUNIO%202026.pdf,ELEPEM HABILITADOS JUNIO 2026.pdf,76,Montevideo,Montevideo,The Green Home,Bolivia 2436,Bolivia,2436,29,greenhome@adinet.com.uy,,,,,,
MSPF-077,ELP-0327,msp_habilitacion_final_2026,Establecimientos de Larga Estadía para Personas Mayores habilitados en el país,2026-06-30,https://www.gub.uy/ministerio-salud-publica/sites/ministerio-salud-publica/files/2026-06/ELEPEM%20HABILITADOS%20JUNIO%202026.pdf,ELEPEM HABILITADOS JUNIO 2026.pdf,77,Montevideo,Montevideo,Casa Andreoni,Ing. Luis Andreoni 7228,Ing. Luis Andreoni,7228,10,pabloscremini@hotmail.com,,,,,,
MSPF-078,ELP-0442,msp_habilitacion_final_2026,Establecimientos de Larga Estadía para Personas Mayores habilitados en el país,2026-06-30,https://www.gub.uy/ministerio-salud-publica/sites/ministerio-salud-publica/files/2026-06/ELEPEM%20HABILITADOS%20JUNIO%202026.pdf,ELEPEM HABILITADOS JUNIO 2026.pdf,78,Montevideo,Montevideo,Hogar Montpellier,Luis Alberto de Herrera 1112,Luis Alberto de Herrera,1112,17,hogarmomtpellier@gmail.com,,,,,,
MSPF-079,ELP-0484,msp_habilitacion_final_2026,Establecimientos de Larga Estadía para Personas Mayores habilitados en el país,2026-06-30,https://www.gub.uy/ministerio-salud-publica/sites/ministerio-salud-publica/files/2026-06/ELEPEM%20HABILITADOS%20JUNIO%202026.pdf,ELEPEM HABILITADOS JUNIO 2026.pdf,79,Montevideo,Montevideo,Las Dos Hermanas,Pernas 2565-2571,Pernas,2565-2571,30,gladys-169731@hotmail.com,,,,,,
MSPF-080,ELP-0552,msp_habilitacion_final_2026,Establecimientos de Larga Estadía para Personas Mayores habilitados en el país,2026-06-30,https://www.gub.uy/ministerio-salud-publica/sites/ministerio-salud-publica/files/2026-06/ELEPEM%20HABILITADOS%20JUNIO%202026.pdf,ELEPEM HABILITADOS JUNIO 2026.pdf,80,Montevideo,Montevideo,Old Trafford,Jaime Cibils 2824,Jaime Cibils,2824,20,residencialoldtransford@gmail.com,,,,,,
MSPF-081,ELP-0488,msp_habilitacion_final_2026,Establecimientos de Larga Estadía para Personas Mayores habilitados en el país,2026-06-30,https://www.gub.uy/ministerio-salud-publica/sites/ministerio-salud-publica/files/2026-06/ELEPEM%20HABILITADOS%20JUNIO%202026.pdf,ELEPEM HABILITADOS JUNIO 2026.pdf,81,Montevideo,Montevideo,Las Gardenias 2,Mariano Uriarte 6383,Mariano Uriarte,6383,18,rositalaguardia@gmail.com,,,,,,
MSPF-082,ELP-0309,msp_habilitacion_final_2026,Establecimientos de Larga Estadía para Personas Mayores habilitados en el país,2026-06-30,https://www.gub.uy/ministerio-salud-publica/sites/ministerio-salud-publica/files/2026-06/ELEPEM%20HABILITADOS%20JUNIO%202026.pdf,ELEPEM HABILITADOS JUNIO 2026.pdf,82,Montevideo,Montevideo,Hermanas Del Perpetuo Socorro,Avda. Millán 2934,Avda. Millán,2934,29,alebrigio@gmail.com,,,,,,
MSPF-083,ELP-0395,msp_habilitacion_final_2026,Establecimientos de Larga Estadía para Personas Mayores habilitados en el país,2026-06-30,https://www.gub.uy/ministerio-salud-publica/sites/ministerio-salud-publica/files/2026-06/ELEPEM%20HABILITADOS%20JUNIO%202026.pdf,ELEPEM HABILITADOS JUNIO 2026.pdf,83,Montevideo,Montevideo,En Familia,Matto Grosso 5577,Matto Grosso,5577,18,residencialenfamilia@gmail.com,,,,,,
MSPF-084,ELP-0561,msp_habilitacion_final_2026,Establecimientos de Larga Estadía para Personas Mayores habilitados en el país,2026-06-30,https://www.gub.uy/ministerio-salud-publica/sites/ministerio-salud-publica/files/2026-06/ELEPEM%20HABILITADOS%20JUNIO%202026.pdf,ELEPEM HABILITADOS JUNIO 2026.pdf,84,Montevideo,Montevideo,Polo House,Orleans 2504,Orleans,2504,11,rociospco@hotmail.com,,,,,,
MSPF-085,ELP-0403,msp_habilitacion_final_2026,Establecimientos de Larga Estadía para Personas Mayores habilitados en el país,2026-06-30,https://www.gub.uy/ministerio-salud-publica/sites/ministerio-salud-publica/files/2026-06/ELEPEM%20HABILITADOS%20JUNIO%202026.pdf,ELEPEM HABILITADOS JUNIO 2026.pdf,85,Montevideo,Montevideo,Facundo Zaccaron,Ignacio Núñez 2361,Ignacio Núñez,2361,15,facundoresidencial@hotmail.com,,,,,,
MSPF-086,ELP-0308,msp_habilitacion_final_2026,Establecimientos de Larga Estadía para Personas Mayores habilitados en el país,2026-06-30,https://www.gub.uy/ministerio-salud-publica/sites/ministerio-salud-publica/files/2026-06/ELEPEM%20HABILITADOS%20JUNIO%202026.pdf,ELEPEM HABILITADOS JUNIO 2026.pdf,86,Montevideo,Montevideo,Ascasubí,Ascasubí 4114,Ascasubí,4114,18,residencialascasubi@gmail.com,,,,,,
MSPF-087,ELP-0297,msp_habilitacion_final_2026,Establecimientos de Larga Estadía para Personas Mayores habilitados en el país,2026-06-30,https://www.gub.uy/ministerio-salud-publica/sites/ministerio-salud-publica/files/2026-06/ELEPEM%20HABILITADOS%20JUNIO%202026.pdf,ELEPEM HABILITADOS JUNIO 2026.pdf,87,Montevideo,Montevideo,Amanda I,Guillermo Tell 3888,Guillermo Tell,3888,11,njss_13@hotmail.com,,,,,,
MSPF-088,ELP-0560,msp_habilitacion_final_2026,Establecimientos de Larga Estadía para Personas Mayores habilitados en el país,2026-06-30,https://www.gub.uy/ministerio-salud-publica/sites/ministerio-salud-publica/files/2026-06/ELEPEM%20HABILITADOS%20JUNIO%202026.pdf,ELEPEM HABILITADOS JUNIO 2026.pdf,88,Montevideo,Montevideo,Petit Home,Manuel Pintos Cardeiros 5647,Manuel Pintos Cardeiros,5647,25,petithome16@gmail.com,,,,,,
MSPF-089,ELP-0492,msp_habilitacion_final_2026,Establecimientos de Larga Estadía para Personas Mayores habilitados en el país,2026-06-30,https://www.gub.uy/ministerio-salud-publica/sites/ministerio-salud-publica/files/2026-06/ELEPEM%20HABILITADOS%20JUNIO%202026.pdf,ELEPEM HABILITADOS JUNIO 2026.pdf,89,Montevideo,Montevideo,Las Marías,Pilar Costa 36,Pilar Costa,36,27,liliana-mazzei@hotmail.com,,,,,,
MSPF-090,ELP-0286,msp_habilitacion_final_2026,Establecimientos de Larga Estadía para Personas Mayores habilitados en el país,2026-06-30,https://www.gub.uy/ministerio-salud-publica/sites/ministerio-salud-publica/files/2026-06/ELEPEM%20HABILITADOS%20JUNIO%202026.pdf,ELEPEM HABILITADOS JUNIO 2026.pdf,90,Montevideo,Montevideo,Alborada,H. Gutiérrez Ruiz 1223,H. Gutiérrez Ruiz,1223,13,carlaibarra042@gmail.com,,,,,,
MSPF-091,ELP-0436,msp_habilitacion_final_2026,Establecimientos de Larga Estadía para Personas Mayores habilitados en el país,2026-06-30,https://www.gub.uy/ministerio-salud-publica/sites/ministerio-salud-publica/files/2026-06/ELEPEM%20HABILITADOS%20JUNIO%202026.pdf,ELEPEM HABILITADOS JUNIO 2026.pdf,91,Montevideo,Montevideo,Hogar Italiano,Paysandú 1935,Paysandú,1935,29,gerardopilatti@hotmail.com,,,,,,
MSPF-092,ELP-0512,msp_habilitacion_final_2026,Establecimientos de Larga Estadía para Personas Mayores habilitados en el país,2026-06-30,https://www.gub.uy/ministerio-salud-publica/sites/ministerio-salud-publica/files/2026-06/ELEPEM%20HABILITADOS%20JUNIO%202026.pdf,ELEPEM HABILITADOS JUNIO 2026.pdf,92,Montevideo,Montevideo,Los Rosales,Carreras Nacionales 3414,Carreras Nacionales,3414,10,sanitariabandera@gmail.com,,,,,,
MSPF-093,ELP-0537,msp_habilitacion_final_2026,Establecimientos de Larga Estadía para Personas Mayores habilitados en el país,2026-06-30,https://www.gub.uy/ministerio-salud-publica/sites/ministerio-salud-publica/files/2026-06/ELEPEM%20HABILITADOS%20JUNIO%202026.pdf,ELEPEM HABILITADOS JUNIO 2026.pdf,93,Montevideo,Montevideo,Mon Etoile,San Martín 3437,San Martín,3437,20,monetoileresidencial@hotmail.com,,,,,,
MSPF-094,ELP-0548,msp_habilitacion_final_2026,Establecimientos de Larga Estadía para Personas Mayores habilitados en el país,2026-06-30,https://www.gub.uy/ministerio-salud-publica/sites/ministerio-salud-publica/files/2026-06/ELEPEM%20HABILITADOS%20JUNIO%202026.pdf,ELEPEM HABILITADOS JUNIO 2026.pdf,94,Montevideo,Montevideo,Nuevo Amanecer,Gurmendez 2360 entre Goes y Miguelete,Gurmendez,2360,25,ulisescapo@adinet.com.uy administracion@lamaison.com.uy –,,,,,,
MSPF-095,ELP-0470,msp_habilitacion_final_2026,Establecimientos de Larga Estadía para Personas Mayores habilitados en el país,2026-06-30,https://www.gub.uy/ministerio-salud-publica/sites/ministerio-salud-publica/files/2026-06/ELEPEM%20HABILITADOS%20JUNIO%202026.pdf,ELEPEM HABILITADOS JUNIO 2026.pdf,95,Montevideo,Montevideo,La Maison,26 de Marzo 3322,,26 de Marzo 3322,58,lourdestel@gmail.com,,,,,,
MSPF-096,ELP-0636,msp_habilitacion_final_2026,Establecimientos de Larga Estadía para Personas Mayores habilitados en el país,2026-06-30,https://www.gub.uy/ministerio-salud-publica/sites/ministerio-salud-publica/files/2026-06/ELEPEM%20HABILITADOS%20JUNIO%202026.pdf,ELEPEM HABILITADOS JUNIO 2026.pdf,96,Montevideo,Montevideo,Residencial Ricaldoni,Américo Ricaldoni 1802,Américo Ricaldoni,1802,19,facundoresidencial@hotmail.com karenbarnech@frenchhouse.com.uy -,,,,,,
MSPF-097,ELP-0407,msp_habilitacion_final_2026,Establecimientos de Larga Estadía para Personas Mayores habilitados en el país,2026-06-30,https://www.gub.uy/ministerio-salud-publica/sites/ministerio-salud-publica/files/2026-06/ELEPEM%20HABILITADOS%20JUNIO%202026.pdf,ELEPEM HABILITADOS JUNIO 2026.pdf,97,Montevideo,Montevideo,French House Residencia Arkadia,Celedonio Nin y Silva 2358,Celedonio Nin y Silva,2358,66,frencharkadia@frenchhouse.com.uy,,,,,,
MSPF-098,ELP-0460,msp_habilitacion_final_2026,Establecimientos de Larga Estadía para Personas Mayores habilitados en el país,2026-06-30,https://www.gub.uy/ministerio-salud-publica/sites/ministerio-salud-publica/files/2026-06/ELEPEM%20HABILITADOS%20JUNIO%202026.pdf,ELEPEM HABILITADOS JUNIO 2026.pdf,98,Montevideo,Montevideo,La Belle Epoque,Hugo de los Santos Recarte 1284/86,Hugo de los Santos Recarte,1284/86,26,belleepoqueuy@gmail.com,,,,,,
MSPF-099,ELP-0544,msp_habilitacion_final_2026,Establecimientos de Larga Estadía para Personas Mayores habilitados en el país,2026-06-30,https://www.gub.uy/ministerio-salud-publica/sites/ministerio-salud-publica/files/2026-06/ELEPEM%20HABILITADOS%20JUNIO%202026.pdf,ELEPEM HABILITADOS JUNIO 2026.pdf,99,Montevideo,Montevideo,Nuestras Raíces,Santiago de Anca 1369,Santiago de Anca,1369,40,hogarnuestrasraices@gmail.com,,,,,,
MSPF-100,ELP-0459,msp_habilitacion_final_2026,Establecimientos de Larga Estadía para Personas Mayores habilitados en el país,2026-06-30,https://www.gub.uy/ministerio-salud-publica/sites/ministerio-salud-publica/files/2026-06/ELEPEM%20HABILITADOS%20JUNIO%202026.pdf,ELEPEM HABILITADOS JUNIO 2026.pdf,100,Montevideo,Montevideo,La Amistad,Nueva Palmira 2084,Nueva Palmira,2084,22,shirleyvegafaccio@hotmail.com,,,,,,
MSPF-101,ELP-0517,msp_habilitacion_final_2026,Establecimientos de Larga Estadía para Personas Mayores habilitados en el país,2026-06-30,https://www.gub.uy/ministerio-salud-publica/sites/ministerio-salud-publica/files/2026-06/ELEPEM%20HABILITADOS%20JUNIO%202026.pdf,ELEPEM HABILITADOS JUNIO 2026.pdf,101,Montevideo,Montevideo,María Belën,Rodó 1874,Rodó,1874,22,residencialmariabelen@gmail.com,,,,,,
MSPF-102,ELP-0511,msp_habilitacion_final_2026,Establecimientos de Larga Estadía para Personas Mayores habilitados en el país,2026-06-30,https://www.gub.uy/ministerio-salud-publica/sites/ministerio-salud-publica/files/2026-06/ELEPEM%20HABILITADOS%20JUNIO%202026.pdf,ELEPEM HABILITADOS JUNIO 2026.pdf,102,Montevideo,Montevideo,Los Robles,Quicuyo 974,Quicuyo,974,32,aperciante@adinet.com.uy,,,,,,
MSPF-103,ELP-0471,msp_habilitacion_final_2026,Establecimientos de Larga Estadía para Personas Mayores habilitados en el país,2026-06-30,https://www.gub.uy/ministerio-salud-publica/sites/ministerio-salud-publica/files/2026-06/ELEPEM%20HABILITADOS%20JUNIO%202026.pdf,ELEPEM HABILITADOS JUNIO 2026.pdf,103,Montevideo,Montevideo,La Rosaleda,Agraciada 3157,Agraciada,3157,19,meditsalud@gmail.com,,,,,,
MSPF-104,ELP-0680,msp_habilitacion_final_2026,Establecimientos de Larga Estadía para Personas Mayores habilitados en el país,2026-06-30,https://www.gub.uy/ministerio-salud-publica/sites/ministerio-salud-publica/files/2026-06/ELEPEM%20HABILITADOS%20JUNIO%202026.pdf,ELEPEM HABILITADOS JUNIO 2026.pdf,104,Montevideo,Montevideo,Saniguet,Avda. Millán 3260,Avda. Millán,3260,48,residencialsaniguet@gmail.com,,,,,,
MSPF-105,ELP-0399,msp_habilitacion_final_2026,Establecimientos de Larga Estadía para Personas Mayores habilitados en el país,2026-06-30,https://www.gub.uy/ministerio-salud-publica/sites/ministerio-salud-publica/files/2026-06/ELEPEM%20HABILITADOS%20JUNIO%202026.pdf,ELEPEM HABILITADOS JUNIO 2026.pdf,105,Montevideo,Montevideo,Estilo de Vida 1 Y 2,Bulevar España 2516,Bulevar España,2516,40,rv1@estilodevida.com.uy,,,,,,
MSPF-106,ELP-0365,msp_habilitacion_final_2026,Establecimientos de Larga Estadía para Personas Mayores habilitados en el país,2026-06-30,https://www.gub.uy/ministerio-salud-publica/sites/ministerio-salud-publica/files/2026-06/ELEPEM%20HABILITADOS%20JUNIO%202026.pdf,ELEPEM HABILITADOS JUNIO 2026.pdf,106,Montevideo,Montevideo,Danubio Azul,Cno. Carrasco 4607 esq. Veracierto,Cno. Carrasco,4607,50,,,,,,,
MSPF-107,ELP-0344,msp_habilitacion_final_2026,Establecimientos de Larga Estadía para Personas Mayores habilitados en el país,2026-06-30,https://www.gub.uy/ministerio-salud-publica/sites/ministerio-salud-publica/files/2026-06/ELEPEM%20HABILITADOS%20JUNIO%202026.pdf,ELEPEM HABILITADOS JUNIO 2026.pdf,107,Montevideo,Montevideo,Centro del Ad. Mayor,Luis de la Torre 712,Luis de la Torre,712,28,gustavocusati@gmail.com,,,,,,
MSPF-108,ELP-0639,msp_habilitacion_final_2026,Establecimientos de Larga Estadía para Personas Mayores habilitados en el país,2026-06-30,https://www.gub.uy/ministerio-salud-publica/sites/ministerio-salud-publica/files/2026-06/ELEPEM%20HABILITADOS%20JUNIO%202026.pdf,ELEPEM HABILITADOS JUNIO 2026.pdf,108,Montevideo,Montevideo,Rincón de Luz,Rambla República de Chile 4469,Rambla República de Chile,4469,28,rincondeluz4@hotmail.com - emib6@hotmail.com,,,,,,
MSPF-109,ELP-0532,msp_habilitacion_final_2026,Establecimientos de Larga Estadía para Personas Mayores habilitados en el país,2026-06-30,https://www.gub.uy/ministerio-salud-publica/sites/ministerio-salud-publica/files/2026-06/ELEPEM%20HABILITADOS%20JUNIO%202026.pdf,ELEPEM HABILITADOS JUNIO 2026.pdf,109,Montevideo,Montevideo,Mi Sueño,Mariano Uriarte 6192,Mariano Uriarte,6192,14,omanarues1@hotmail.com,,,,,,
MSPF-110,ELP-0432,msp_habilitacion_final_2026,Establecimientos de Larga Estadía para Personas Mayores habilitados en el país,2026-06-30,https://www.gub.uy/ministerio-salud-publica/sites/ministerio-salud-publica/files/2026-06/ELEPEM%20HABILITADOS%20JUNIO%202026.pdf,ELEPEM HABILITADOS JUNIO 2026.pdf,110,Montevideo,Montevideo,Hogar Dulce Hogar,Manuel Albo 2733,Manuel Albo,2733,22,trifulcagarcia@gmail.com anadoldan1952@gmail.com -,,,,,,
MSPF-111,ELP-0306,msp_habilitacion_final_2026,Establecimientos de Larga Estadía para Personas Mayores habilitados en el país,2026-06-30,https://www.gub.uy/ministerio-salud-publica/sites/ministerio-salud-publica/files/2026-06/ELEPEM%20HABILITADOS%20JUNIO%202026.pdf,ELEPEM HABILITADOS JUNIO 2026.pdf,111,Montevideo,Montevideo,Aripuca,Uruguayana 3395,Uruguayana,3395,10,fernandopsi@vera.com.uy,,,,,,
MSPF-112,ELP-0428,msp_habilitacion_final_2026,Establecimientos de Larga Estadía para Personas Mayores habilitados en el país,2026-06-30,https://www.gub.uy/ministerio-salud-publica/sites/ministerio-salud-publica/files/2026-06/ELEPEM%20HABILITADOS%20JUNIO%202026.pdf,ELEPEM HABILITADOS JUNIO 2026.pdf,112,Montevideo,Montevideo,Hogar Casa Campo (Grupo Life),Guardizabal 1634,Guardizabal,1634,17,casacamporesidencial@gmail.com,,,,,,
MSPF-113,ELP-0500,msp_habilitacion_final_2026,Establecimientos de Larga Estadía para Personas Mayores habilitados en el país,2026-06-30,https://www.gub.uy/ministerio-salud-publica/sites/ministerio-salud-publica/files/2026-06/ELEPEM%20HABILITADOS%20JUNIO%202026.pdf,ELEPEM HABILITADOS JUNIO 2026.pdf,113,Montevideo,Montevideo,Lura Pingaro,Ignacio Nuñez 2346,Ignacio Nuñez,2346,19,l.pingaro@hotmail.com,,,,,,
MSPF-114,ELP-0529,msp_habilitacion_final_2026,Establecimientos de Larga Estadía para Personas Mayores habilitados en el país,2026-06-30,https://www.gub.uy/ministerio-salud-publica/sites/ministerio-salud-publica/files/2026-06/ELEPEM%20HABILITADOS%20JUNIO%202026.pdf,ELEPEM HABILITADOS JUNIO 2026.pdf,114,Montevideo,Montevideo,Mi Jazmín,Italia 4444,Italia,4444,28,agvalentini@hotmail.com,,,,,,
MSPF-115,ELP-0449,msp_habilitacion_final_2026,Establecimientos de Larga Estadía para Personas Mayores habilitados en el país,2026-06-30,https://www.gub.uy/ministerio-salud-publica/sites/ministerio-salud-publica/files/2026-06/ELEPEM%20HABILITADOS%20JUNIO%202026.pdf,ELEPEM HABILITADOS JUNIO 2026.pdf,115,Montevideo,Montevideo,Hotel Lafayette,Soriano 1170,Soriano,1170,85,pablo@lafayette.com.uy,,,,,,
MSPF-116,ELP-0386,msp_habilitacion_final_2026,Establecimientos de Larga Estadía para Personas Mayores habilitados en el país,2026-06-30,https://www.gub.uy/ministerio-salud-publica/sites/ministerio-salud-publica/files/2026-06/ELEPEM%20HABILITADOS%20JUNIO%202026.pdf,ELEPEM HABILITADOS JUNIO 2026.pdf,116,Montevideo,Montevideo,El Jardín de los Abuelos,Cardal 3074,Cardal,3074,22,eljardindelosabuelosoficial@gmail.com,,,,,,
MSPF-117,ELP-0387,msp_habilitacion_final_2026,Establecimientos de Larga Estadía para Personas Mayores habilitados en el país,2026-06-30,https://www.gub.uy/ministerio-salud-publica/sites/ministerio-salud-publica/files/2026-06/ELEPEM%20HABILITADOS%20JUNIO%202026.pdf,ELEPEM HABILITADOS JUNIO 2026.pdf,117,Montevideo,Montevideo,El Jardín de los Abuelos,Spikerman 2412,Spikerman,2412,18,eljardindelosabuelosoficial@gmail.com,,,,,,
MSPF-118,ELP-0461,msp_habilitacion_final_2026,Establecimientos de Larga Estadía para Personas Mayores habilitados en el país,2026-06-30,https://www.gub.uy/ministerio-salud-publica/sites/ministerio-salud-publica/files/2026-06/ELEPEM%20HABILITADOS%20JUNIO%202026.pdf,ELEPEM HABILITADOS JUNIO 2026.pdf,118,Montevideo,Montevideo,La Belle Epoque 2,Marcos Bruto 1213,Marcos Bruto,1213,15,belleepoqueuy@gmail.com,,,,,,
MSPF-119,ELP-0417,msp_habilitacion_final_2026,Establecimientos de Larga Estadía para Personas Mayores habilitados en el país,2026-06-30,https://www.gub.uy/ministerio-salud-publica/sites/ministerio-salud-publica/files/2026-06/ELEPEM%20HABILITADOS%20JUNIO%202026.pdf,ELEPEM HABILITADOS JUNIO 2026.pdf,119,Montevideo,Montevideo,Gutiérrez,Cubo del Norte 3601,Cubo del Norte,3601,25,omoosakpatasi@gmail.com,,,,,,
MSPF-120,ELP-0439,msp_habilitacion_final_2026,Establecimientos de Larga Estadía para Personas Mayores habilitados en el país,2026-06-30,https://www.gub.uy/ministerio-salud-publica/sites/ministerio-salud-publica/files/2026-06/ELEPEM%20HABILITADOS%20JUNIO%202026.pdf,ELEPEM HABILITADOS JUNIO 2026.pdf,120,Montevideo,Montevideo,Hogar Madre Ana,Enrique Martinez 1409,Enrique Martinez,1409,69,amenendez@hotmail.com,,,,,,
MSPF-121,ELP-0394,msp_habilitacion_final_2026,Establecimientos de Larga Estadía para Personas Mayores habilitados en el país,2026-06-30,https://www.gub.uy/ministerio-salud-publica/sites/ministerio-salud-publica/files/2026-06/ELEPEM%20HABILITADOS%20JUNIO%202026.pdf,ELEPEM HABILITADOS JUNIO 2026.pdf,121,Montevideo,Montevideo,En Compañía I,French 2391 (anexo 1),French,2391 (anexo 1),11,gencompania@hotmail.com,,,,,,
MSPF-122,ELP-0373,msp_habilitacion_final_2026,Establecimientos de Larga Estadía para Personas Mayores habilitados en el país,2026-06-30,https://www.gub.uy/ministerio-salud-publica/sites/ministerio-salud-publica/files/2026-06/ELEPEM%20HABILITADOS%20JUNIO%202026.pdf,ELEPEM HABILITADOS JUNIO 2026.pdf,122,Montevideo,Montevideo,Doña Juana,Francisco Simón 2416,Francisco Simón,2416,17,mathiasmeneses1606@gmail.com,,,,,,
MSPF-123,ELP-0520,msp_habilitacion_final_2026,Establecimientos de Larga Estadía para Personas Mayores habilitados en el país,2026-06-30,https://www.gub.uy/ministerio-salud-publica/sites/ministerio-salud-publica/files/2026-06/ELEPEM%20HABILITADOS%20JUNIO%202026.pdf,ELEPEM HABILITADOS JUNIO 2026.pdf,123,Montevideo,Montevideo,María Violeta,Burgues 2907 esquina E. Martinez,Burgues,2907,17,residencialmariavioleta@gmail.com,,,,,,
MSPF-124,ELP-0359,msp_habilitacion_final_2026,Establecimientos de Larga Estadía para Personas Mayores habilitados en el país,2026-06-30,https://www.gub.uy/ministerio-salud-publica/sites/ministerio-salud-publica/files/2026-06/ELEPEM%20HABILITADOS%20JUNIO%202026.pdf,ELEPEM HABILITADOS JUNIO 2026.pdf,124,Montevideo,Montevideo,Corazón de Oro,Margarita 5707,Margarita,5707,13,residencialcorazondeoro@gmail.com,,,,,,
MSPF-125,ELP-0420,msp_habilitacion_final_2026,Establecimientos de Larga Estadía para Personas Mayores habilitados en el país,2026-06-30,https://www.gub.uy/ministerio-salud-publica/sites/ministerio-salud-publica/files/2026-06/ELEPEM%20HABILITADOS%20JUNIO%202026.pdf,ELEPEM HABILITADOS JUNIO 2026.pdf,125,Montevideo,Montevideo,Hebert Leiva,Cno. Carlos A. López 3944,Cno. Carlos A. López,3944,23,,,,,,,
MSPF-126,ELP-0506,msp_habilitacion_final_2026,Establecimientos de Larga Estadía para Personas Mayores habilitados en el país,2026-06-30,https://www.gub.uy/ministerio-salud-publica/sites/ministerio-salud-publica/files/2026-06/ELEPEM%20HABILITADOS%20JUNIO%202026.pdf,ELEPEM HABILITADOS JUNIO 2026.pdf,126,Montevideo,Montevideo,London House Residencia,Rambla Tomás Berreta 6885,Rambla Tomás Berreta,6885,24,lozanojuan@gmail.com,,,,,,
MSPF-127,ELP-0319,msp_habilitacion_final_2026,Establecimientos de Larga Estadía para Personas Mayores habilitados en el país,2026-06-30,https://www.gub.uy/ministerio-salud-publica/sites/ministerio-salud-publica/files/2026-06/ELEPEM%20HABILITADOS%20JUNIO%202026.pdf,ELEPEM HABILITADOS JUNIO 2026.pdf,127,Montevideo,Montevideo,Residencial Blanes,Juan Manuel Blanes 965,Juan Manuel Blanes,965,16,salernomontevideo@gmail.com basileasuites.com.uy - ggdegener@gmail.com -,,,,,,
MSPF-128,ELP-0313,msp_habilitacion_final_2026,Establecimientos de Larga Estadía para Personas Mayores habilitados en el país,2026-06-30,https://www.gub.uy/ministerio-salud-publica/sites/ministerio-salud-publica/files/2026-06/ELEPEM%20HABILITADOS%20JUNIO%202026.pdf,ELEPEM HABILITADOS JUNIO 2026.pdf,128,Montevideo,Montevideo,Basilea Suites,Bolivia 1338,Bolivia,1338,16,basilea@basileasuites.com.uy,,,,,,
MSPF-129,ELP-0291,msp_habilitacion_final_2026,Establecimientos de Larga Estadía para Personas Mayores habilitados en el país,2026-06-30,https://www.gub.uy/ministerio-salud-publica/sites/ministerio-salud-publica/files/2026-06/ELEPEM%20HABILITADOS%20JUNIO%202026.pdf,ELEPEM HABILITADOS JUNIO 2026.pdf,129,Montevideo,Montevideo,Altos de Carrasco,Camino Carrasco 6996,Camino Carrasco,6996,12,altosdecarrascoresidencial@gmail.com,,,,,,
MSPF-130,ELP-0525,msp_habilitacion_final_2026,Establecimientos de Larga Estadía para Personas Mayores habilitados en el país,2026-06-30,https://www.gub.uy/ministerio-salud-publica/sites/ministerio-salud-publica/files/2026-06/ELEPEM%20HABILITADOS%20JUNIO%202026.pdf,ELEPEM HABILITADOS JUNIO 2026.pdf,130,Montevideo,Montevideo,Melina House,Canovas del Castillo 4790,Canovas del Castillo,4790,9,crisgime50@gmail.com hogarsaintremy@gmail.com -,,,,,,
MSPF-131,ELP-0641,msp_habilitacion_final_2026,Establecimientos de Larga Estadía para Personas Mayores habilitados en el país,2026-06-30,https://www.gub.uy/ministerio-salud-publica/sites/ministerio-salud-publica/files/2026-06/ELEPEM%20HABILITADOS%20JUNIO%202026.pdf,ELEPEM HABILITADOS JUNIO 2026.pdf,131,Montevideo,Montevideo,Saint Remy,Jose Marti 3118/ 3124,Jose Marti,3118/ 3124,18,jessi.meyer@gmail.com,,,,,,
MSPF-132,ELP-0454,msp_habilitacion_final_2026,Establecimientos de Larga Estadía para Personas Mayores habilitados en el país,2026-06-30,https://www.gub.uy/ministerio-salud-publica/sites/ministerio-salud-publica/files/2026-06/ELEPEM%20HABILITADOS%20JUNIO%202026.pdf,ELEPEM HABILITADOS JUNIO 2026.pdf,132,Montevideo,Montevideo,Jardines de Setiembre,Lido 1685,Lido,1685,20,residencialjardines@vera.com.uy,,,,,,
MSPF-133,ELP-0409,msp_habilitacion_final_2026,Establecimientos de Larga Estadía para Personas Mayores habilitados en el país,2026-06-30,https://www.gub.uy/ministerio-salud-publica/sites/ministerio-salud-publica/files/2026-06/ELEPEM%20HABILITADOS%20JUNIO%202026.pdf,ELEPEM HABILITADOS JUNIO 2026.pdf,133,Montevideo,Montevideo,Fundación Algarrobo,Palmar 2560,Palmar,2560,53,fundacionalgarrobo@gmail.com,,,,,,
MSPF-134,ELP-0672,msp_habilitacion_final_2026,Establecimientos de Larga Estadía para Personas Mayores habilitados en el país,2026-06-30,https://www.gub.uy/ministerio-salud-publica/sites/ministerio-salud-publica/files/2026-06/ELEPEM%20HABILITADOS%20JUNIO%202026.pdf,ELEPEM HABILITADOS JUNIO 2026.pdf,134,Montevideo,Montevideo,Saint Michele,Alberdi 6344,Alberdi,6344,22,atmisaintmichel@gmail.com residencialagee@gmail.com -,,,,,,
MSPF-135,ELP-0279,msp_habilitacion_final_2026,Establecimientos de Larga Estadía para Personas Mayores habilitados en el país,2026-06-30,https://www.gub.uy/ministerio-salud-publica/sites/ministerio-salud-publica/files/2026-06/ELEPEM%20HABILITADOS%20JUNIO%202026.pdf,ELEPEM HABILITADOS JUNIO 2026.pdf,135,Montevideo,Montevideo,Agee II,Bulevar Artigas 4101,Bulevar Artigas,4101,34,rodrigoboibo@hotmail.com,,,,,,
MSPF-136,ELP-0369,msp_habilitacion_final_2026,Establecimientos de Larga Estadía para Personas Mayores habilitados en el país,2026-06-30,https://www.gub.uy/ministerio-salud-publica/sites/ministerio-salud-publica/files/2026-06/ELEPEM%20HABILITADOS%20JUNIO%202026.pdf,ELEPEM HABILITADOS JUNIO 2026.pdf,136,Montevideo,Montevideo,Diamante,Waldemar Hansen 1764,Waldemar Hansen,1764,23,diamanteresidenciales@gmail.com residencialcampodimele@gmail.com -,,,,,,
MSPF-137,ELP-0325,msp_habilitacion_final_2026,Establecimientos de Larga Estadía para Personas Mayores habilitados en el país,2026-06-30,https://www.gub.uy/ministerio-salud-publica/sites/ministerio-salud-publica/files/2026-06/ELEPEM%20HABILITADOS%20JUNIO%202026.pdf,ELEPEM HABILITADOS JUNIO 2026.pdf,137,Montevideo,Montevideo,Campodimele,Alejandro Fleming 1776,Alejandro Fleming,1776,15,hernancervetto@gmail.com,,,,,,
MSPF-138,ELP-0421,msp_habilitacion_final_2026,Establecimientos de Larga Estadía para Personas Mayores habilitados en el país,2026-06-30,https://www.gub.uy/ministerio-salud-publica/sites/ministerio-salud-publica/files/2026-06/ELEPEM%20HABILITADOS%20JUNIO%202026.pdf,ELEPEM HABILITADOS JUNIO 2026.pdf,138,Montevideo,Montevideo,Hermanas Hospitalarias Benito Menini,Hno. Gil 927,Hno. Gil,927,100,hcsmenni@adinet.com.uy,,,,,,
MSPF-139,ELP-0482,msp_habilitacion_final_2026,Establecimientos de Larga Estadía para Personas Mayores habilitados en el país,2026-06-30,https://www.gub.uy/ministerio-salud-publica/sites/ministerio-salud-publica/files/2026-06/ELEPEM%20HABILITADOS%20JUNIO%202026.pdf,ELEPEM HABILITADOS JUNIO 2026.pdf,139,Montevideo,Montevideo,Las Condes,Palmar 2644,Palmar,2644,16,a.anselmi85@hotmail.com carrascohomeresidencial@gmail.com -,,,,,,
MSPF-140,ELP-0326,msp_habilitacion_final_2026,Establecimientos de Larga Estadía para Personas Mayores habilitados en el país,2026-06-30,https://www.gub.uy/ministerio-salud-publica/sites/ministerio-salud-publica/files/2026-06/ELEPEM%20HABILITADOS%20JUNIO%202026.pdf,ELEPEM HABILITADOS JUNIO 2026.pdf,140,Montevideo,Montevideo,Carrasco Home,Rivera 7110,Rivera,7110,10,aguisadri@hotmail.com,,,,,,
MSPF-141,ELP-0557,msp_habilitacion_final_2026,Establecimientos de Larga Estadía para Personas Mayores habilitados en el país,2026-06-30,https://www.gub.uy/ministerio-salud-publica/sites/ministerio-salud-publica/files/2026-06/ELEPEM%20HABILITADOS%20JUNIO%202026.pdf,ELEPEM HABILITADOS JUNIO 2026.pdf,141,Montevideo,Montevideo,Palerno,Rivera 2287,Rivera,2287,18,salernomontevideo@gmail.com,,,,,,
MSPF-142,ELP-0476,msp_habilitacion_final_2026,Establecimientos de Larga Estadía para Personas Mayores habilitados en el país,2026-06-30,https://www.gub.uy/ministerio-salud-publica/sites/ministerio-salud-publica/files/2026-06/ELEPEM%20HABILITADOS%20JUNIO%202026.pdf,ELEPEM HABILITADOS JUNIO 2026.pdf,142,Montevideo,Montevideo,La Terraza,Ellauri 728,Ellauri,728,35,dinchausti@hotmail.com,,,,,,
MSPF-143,ELP-0293,msp_habilitacion_final_2026,Establecimientos de Larga Estadía para Personas Mayores habilitados en el país,2026-06-30,https://www.gub.uy/ministerio-salud-publica/sites/ministerio-salud-publica/files/2026-06/ELEPEM%20HABILITADOS%20JUNIO%202026.pdf,ELEPEM HABILITADOS JUNIO 2026.pdf,143,Montevideo,Montevideo,Altos del Parque II,Americo Ricaldoni 1716,Americo Ricaldoni,1716,15,altosdelparque@gmail.com,,,,,,
MSPF-144,ELP-0300,msp_habilitacion_final_2026,Establecimientos de Larga Estadía para Personas Mayores habilitados en el país,2026-06-30,https://www.gub.uy/ministerio-salud-publica/sites/ministerio-salud-publica/files/2026-06/ELEPEM%20HABILITADOS%20JUNIO%202026.pdf,ELEPEM HABILITADOS JUNIO 2026.pdf,144,Montevideo,Montevideo,Residencial Ángeles,Guaná 2015,Guaná,2015,22,residencialangeles11@gmail.com,,,,,,
MSPF-145,ELP-0324,msp_habilitacion_final_2026,Establecimientos de Larga Estadía para Personas Mayores habilitados en el país,2026-06-30,https://www.gub.uy/ministerio-salud-publica/sites/ministerio-salud-publica/files/2026-06/ELEPEM%20HABILITADOS%20JUNIO%202026.pdf,ELEPEM HABILITADOS JUNIO 2026.pdf,145,Montevideo,Montevideo,Cala,Prudencio de Pena 2521,Prudencio de Pena,2521,18,residencial.cala@hotmal.com,,,,,,
MSPF-146,ELP-0370,msp_habilitacion_final_2026,Establecimientos de Larga Estadía para Personas Mayores habilitados en el país,2026-06-30,https://www.gub.uy/ministerio-salud-publica/sites/ministerio-salud-publica/files/2026-06/ELEPEM%20HABILITADOS%20JUNIO%202026.pdf,ELEPEM HABILITADOS JUNIO 2026.pdf,146,Montevideo,Montevideo,Dolce Primavera,Balastiqui 1517. Punta Gorda,Balastiqui,1517. Punta Gorda,12,residencialdolceprimavera@gmail.com,,,,,,
MSPF-147,ELP-0355,msp_habilitacion_final_2026,Establecimientos de Larga Estadía para Personas Mayores habilitados en el país,2026-06-30,https://www.gub.uy/ministerio-salud-publica/sites/ministerio-salud-publica/files/2026-06/ELEPEM%20HABILITADOS%20JUNIO%202026.pdf,ELEPEM HABILITADOS JUNIO 2026.pdf,147,Montevideo,Montevideo,Claro de Luna,Santiago Gadea 3582,Santiago Gadea,3582,20,graciencia@gmail.com - aliciancio@gmail.com,,,,,,
MSPF-148,ELP-0527,msp_habilitacion_final_2026,Establecimientos de Larga Estadía para Personas Mayores habilitados en el país,2026-06-30,https://www.gub.uy/ministerio-salud-publica/sites/ministerio-salud-publica/files/2026-06/ELEPEM%20HABILITADOS%20JUNIO%202026.pdf,ELEPEM HABILITADOS JUNIO 2026.pdf,148,Montevideo,Montevideo,Mi Casa,Ramón Márquez 3069,Ramón Márquez,3069,24,gonzylos25@gmail.com,,,,,,
MSPF-149,ELP-0398,msp_habilitacion_final_2026,Establecimientos de Larga Estadía para Personas Mayores habilitados en el país,2026-06-30,https://www.gub.uy/ministerio-salud-publica/sites/ministerio-salud-publica/files/2026-06/ELEPEM%20HABILITADOS%20JUNIO%202026.pdf,ELEPEM HABILITADOS JUNIO 2026.pdf,149,Montevideo,Montevideo,Estancia Alberdi,Juan Bautista Alberdi 6261 entre Corcega y Dublir,Juan Bautista Alberdi,6261,15,residencialalberdi@gmail.com,,,,,,
MSPF-150,ELP-0321,msp_habilitacion_final_2026,Establecimientos de Larga Estadía para Personas Mayores habilitados en el país,2026-06-30,https://www.gub.uy/ministerio-salud-publica/sites/ministerio-salud-publica/files/2026-06/ELEPEM%20HABILITADOS%20JUNIO%202026.pdf,ELEPEM HABILITADOS JUNIO 2026.pdf,150,Montevideo,Montevideo,Residencial Boulevard,Bulevar Artigas 3028,Bulevar Artigas,3028,12,aliceleites@gmail.com taniahekimian@gmail.com -,,,,,,
MSPF-151,ELP-0692,msp_habilitacion_final_2026,Establecimientos de Larga Estadía para Personas Mayores habilitados en el país,2026-06-30,https://www.gub.uy/ministerio-salud-publica/sites/ministerio-salud-publica/files/2026-06/ELEPEM%20HABILITADOS%20JUNIO%202026.pdf,ELEPEM HABILITADOS JUNIO 2026.pdf,151,Montevideo,Montevideo,Talcahuano,Talcahuano 3226,Talcahuano,3226,16,luciadelossantos75@gmail.com,,,,,,
MSPF-152,ELP-0304,msp_habilitacion_final_2026,Establecimientos de Larga Estadía para Personas Mayores habilitados en el país,2026-06-30,https://www.gub.uy/ministerio-salud-publica/sites/ministerio-salud-publica/files/2026-06/ELEPEM%20HABILITADOS%20JUNIO%202026.pdf,ELEPEM HABILITADOS JUNIO 2026.pdf,152,Montevideo,Montevideo,Residencial Apart Hotel,Mateo Vidal 3328,Mateo Vidal,3328,24,residenciallowe@gmail.com,,,,,,
MSPF-153,ELP-0491,msp_habilitacion_final_2026,Establecimientos de Larga Estadía para Personas Mayores habilitados en el país,2026-06-30,https://www.gub.uy/ministerio-salud-publica/sites/ministerio-salud-publica/files/2026-06/ELEPEM%20HABILITADOS%20JUNIO%202026.pdf,ELEPEM HABILITADOS JUNIO 2026.pdf,153,Montevideo,Montevideo,Las Julietas,Camino Maldonado 4969,Camino Maldonado,4969,35,charito.l21@hotmail.com,,,,,,
MSPF-154,ELP-0358,msp_habilitacion_final_2026,Establecimientos de Larga Estadía para Personas Mayores habilitados en el país,2026-06-30,https://www.gub.uy/ministerio-salud-publica/sites/ministerio-salud-publica/files/2026-06/ELEPEM%20HABILITADOS%20JUNIO%202026.pdf,ELEPEM HABILITADOS JUNIO 2026.pdf,154,Montevideo,Montevideo,Como Antes,Arechaga 3285,Arechaga,3285,10,vampis88@hotmail.com,,,,,,
MSPF-155,ELP-0391,msp_habilitacion_final_2026,Establecimientos de Larga Estadía para Personas Mayores habilitados en el país,2026-06-30,https://www.gub.uy/ministerio-salud-publica/sites/ministerio-salud-publica/files/2026-06/ELEPEM%20HABILITADOS%20JUNIO%202026.pdf,ELEPEM HABILITADOS JUNIO 2026.pdf,155,Montevideo,Montevideo,Residencial Empatía,Hipolito Irigoyen 1482,Hipolito Irigoyen,1482,17,residencialempatia@gmail.com,,,,,,
MSPF-156,ELP-0437,msp_habilitacion_final_2026,Establecimientos de Larga Estadía para Personas Mayores habilitados en el país,2026-06-30,https://www.gub.uy/ministerio-salud-publica/sites/ministerio-salud-publica/files/2026-06/ELEPEM%20HABILITADOS%20JUNIO%202026.pdf,ELEPEM HABILITADOS JUNIO 2026.pdf,156,Montevideo,Montevideo,La Capilla,Plutarco 4009,Plutarco,4009,30,hogarcapilla@yahoo.com.ar,,,,,,
MSPF-157,ELP-0288,msp_habilitacion_final_2026,Establecimientos de Larga Estadía para Personas Mayores habilitados en el país,2026-06-30,https://www.gub.uy/ministerio-salud-publica/sites/ministerio-salud-publica/files/2026-06/ELEPEM%20HABILITADOS%20JUNIO%202026.pdf,ELEPEM HABILITADOS JUNIO 2026.pdf,157,Montevideo,Montevideo,Alborada,Martin C. Martínez 2593,Martin C. Martínez,2593,10,,,,,,,
MSPF-158,ELP-0278,msp_habilitacion_final_2026,Establecimientos de Larga Estadía para Personas Mayores habilitados en el país,2026-06-30,https://www.gub.uy/ministerio-salud-publica/sites/ministerio-salud-publica/files/2026-06/ELEPEM%20HABILITADOS%20JUNIO%202026.pdf,ELEPEM HABILITADOS JUNIO 2026.pdf,158,Montevideo,Montevideo,Acompaña Residenciales,Francisco Bauzá 3372,Francisco Bauzá,3372,45,anamiakits@gmail.com,,,,,,
MSPF-159,ELP-0562,msp_habilitacion_final_2026,Establecimientos de Larga Estadía para Personas Mayores habilitados en el país,2026-06-30,https://www.gub.uy/ministerio-salud-publica/sites/ministerio-salud-publica/files/2026-06/ELEPEM%20HABILITADOS%20JUNIO%202026.pdf,ELEPEM HABILITADOS JUNIO 2026.pdf,159,Montevideo,Montevideo,Procura Residencial,Batlle y Ordoñez 4143,Batlle y Ordoñez,4143,17,beatizacosta1679@hotmail.com,,,,,,
MSPF-160,ELP-0393,msp_habilitacion_final_2026,Establecimientos de Larga Estadía para Personas Mayores habilitados en el país,2026-06-30,https://www.gub.uy/ministerio-salud-publica/sites/ministerio-salud-publica/files/2026-06/ELEPEM%20HABILITADOS%20JUNIO%202026.pdf,ELEPEM HABILITADOS JUNIO 2026.pdf,160,Montevideo,Montevideo,En Compañia II,Arq. Horacio Acosta y Lara 7286 18,Arq. Horacio Acosta y Lara,7286 18,,gencompania@hotmail.com,,,,,,
MSPF-161,ELP-0385,msp_habilitacion_final_2026,Establecimientos de Larga Estadía para Personas Mayores habilitados en el país,2026-06-30,https://www.gub.uy/ministerio-salud-publica/sites/ministerio-salud-publica/files/2026-06/ELEPEM%20HABILITADOS%20JUNIO%202026.pdf,ELEPEM HABILITADOS JUNIO 2026.pdf,161,Montevideo,Montevideo,El Despertar,Bulevar Artigas 2927,Bulevar Artigas,2927,14,administracion@residencialeldespertar.com.uy,,,,,,
MSPF-162,ELP-0339,msp_habilitacion_final_2026,Establecimientos de Larga Estadía para Personas Mayores habilitados en el país,2026-06-30,https://www.gub.uy/ministerio-salud-publica/sites/ministerio-salud-publica/files/2026-06/ELEPEM%20HABILITADOS%20JUNIO%202026.pdf,ELEPEM HABILITADOS JUNIO 2026.pdf,162,Montevideo,Montevideo,Casona Carrasco,Beyroutht 1428,Beyroutht,1428,18,marisaferbra@gmail.com,,,,,,
MSPF-163,ELP-0444,msp_habilitacion_final_2026,Establecimientos de Larga Estadía para Personas Mayores habilitados en el país,2026-06-30,https://www.gub.uy/ministerio-salud-publica/sites/ministerio-salud-publica/files/2026-06/ELEPEM%20HABILITADOS%20JUNIO%202026.pdf,ELEPEM HABILITADOS JUNIO 2026.pdf,163,Montevideo,Montevideo,Hogar Nazareth,Bulevar Artigas 2255,Bulevar Artigas,2255,26,hogarnazareth2011@hotmail.com,,,,,,
MSPF-164,ELP-0445,msp_habilitacion_final_2026,Establecimientos de Larga Estadía para Personas Mayores habilitados en el país,2026-06-30,https://www.gub.uy/ministerio-salud-publica/sites/ministerio-salud-publica/files/2026-06/ELEPEM%20HABILITADOS%20JUNIO%202026.pdf,ELEPEM HABILITADOS JUNIO 2026.pdf,164,Montevideo,Montevideo,Hogar Nazareth,Campisteguy 2985,Campisteguy,2985,19,hogarnazareth2011@hotmail.com,,,,,,
MSPF-165,ELP-0275,msp_habilitacion_final_2026,Establecimientos de Larga Estadía para Personas Mayores habilitados en el país,2026-06-30,https://www.gub.uy/ministerio-salud-publica/sites/ministerio-salud-publica/files/2026-06/ELEPEM%20HABILITADOS%20JUNIO%202026.pdf,ELEPEM HABILITADOS JUNIO 2026.pdf,165,Montevideo,Montevideo,Abuela Dominga,Perdro Bustamante 1721,Perdro Bustamante,1721,9,residenciaadominga@gmail.com,,,,,,
MSPF-166,ELP-0363,msp_habilitacion_final_2026,Establecimientos de Larga Estadía para Personas Mayores habilitados en el país,2026-06-30,https://www.gub.uy/ministerio-salud-publica/sites/ministerio-salud-publica/files/2026-06/ELEPEM%20HABILITADOS%20JUNIO%202026.pdf,ELEPEM HABILITADOS JUNIO 2026.pdf,166,Montevideo,Montevideo,Crannbethaeh,Millan 3372 esq. Cisplatina,Millan,3372,16,admresidencial13@gmail.com,,,,,,
MSPF-167,ELP-0519,msp_habilitacion_final_2026,Establecimientos de Larga Estadía para Personas Mayores habilitados en el país,2026-06-30,https://www.gub.uy/ministerio-salud-publica/sites/ministerio-salud-publica/files/2026-06/ELEPEM%20HABILITADOS%20JUNIO%202026.pdf,ELEPEM HABILITADOS JUNIO 2026.pdf,167,Montevideo,Montevideo,María Mercedes,Carlos Maria de Pena 4240,Carlos Maria de Pena,4240,29,karina1928@hotmail.com,,,,,,
MSPF-168,ELP-0335,msp_habilitacion_final_2026,Establecimientos de Larga Estadía para Personas Mayores habilitados en el país,2026-06-30,https://www.gub.uy/ministerio-salud-publica/sites/ministerio-salud-publica/files/2026-06/ELEPEM%20HABILITADOS%20JUNIO%202026.pdf,ELEPEM HABILITADOS JUNIO 2026.pdf,168,Montevideo,Montevideo,Casa Flora,French 1726,French,1726,22,casafloraresidencial@gmail.com,,,,,,
MSPF-169,ELP-0290,msp_habilitacion_final_2026,Establecimientos de Larga Estadía para Personas Mayores habilitados en el país,2026-06-30,https://www.gub.uy/ministerio-salud-publica/sites/ministerio-salud-publica/files/2026-06/ELEPEM%20HABILITADOS%20JUNIO%202026.pdf,ELEPEM HABILITADOS JUNIO 2026.pdf,169,Montevideo,Montevideo,Altos de Bulevard,Bulevar Artigas 2188,Bulevar Artigas,2188,20,residencial.altosdeboulevar@hotmail.com,,,,,,
MSPF-170,ELP-0446,msp_habilitacion_final_2026,Establecimientos de Larga Estadía para Personas Mayores habilitados en el país,2026-06-30,https://www.gub.uy/ministerio-salud-publica/sites/ministerio-salud-publica/files/2026-06/ELEPEM%20HABILITADOS%20JUNIO%202026.pdf,ELEPEM HABILITADOS JUNIO 2026.pdf,170,Montevideo,Montevideo,Hogar Renacer,Zufriategui 984,Zufriategui,984,24,valeriagorlier@gmail.com,,,,,,
MSPF-171,ELP-0361,msp_habilitacion_final_2026,Establecimientos de Larga Estadía para Personas Mayores habilitados en el país,2026-06-30,https://www.gub.uy/ministerio-salud-publica/sites/ministerio-salud-publica/files/2026-06/ELEPEM%20HABILITADOS%20JUNIO%202026.pdf,ELEPEM HABILITADOS JUNIO 2026.pdf,171,Montevideo,Montevideo,Costa del Sol,Rivera 4831,Rivera,4831,14,residencialcostadelsol.uy@gmail.com,,,,,,
MSPF-172,ELP-0350,msp_habilitacion_final_2026,Establecimientos de Larga Estadía para Personas Mayores habilitados en el país,2026-06-30,https://www.gub.uy/ministerio-salud-publica/sites/ministerio-salud-publica/files/2026-06/ELEPEM%20HABILITADOS%20JUNIO%202026.pdf,ELEPEM HABILITADOS JUNIO 2026.pdf,172,Montevideo,Montevideo,Moirú,Juan Carlos Blanco 3362,Juan Carlos Blanco,3362,24,centromoiru@gmail.com,,,,,,
MSPF-173,ELP-0531,msp_habilitacion_final_2026,Establecimientos de Larga Estadía para Personas Mayores habilitados en el país,2026-06-30,https://www.gub.uy/ministerio-salud-publica/sites/ministerio-salud-publica/files/2026-06/ELEPEM%20HABILITADOS%20JUNIO%202026.pdf,ELEPEM HABILITADOS JUNIO 2026.pdf,173,Montevideo,Montevideo,Mi Rinconcito,José B. Freire 88,José B. Freire,88,16,,,,,,,
MSPF-174,ELP-0410,msp_habilitacion_final_2026,Establecimientos de Larga Estadía para Personas Mayores habilitados en el país,2026-06-30,https://www.gub.uy/ministerio-salud-publica/sites/ministerio-salud-publica/files/2026-06/ELEPEM%20HABILITADOS%20JUNIO%202026.pdf,ELEPEM HABILITADOS JUNIO 2026.pdf,174,Montevideo,Montevideo,Fundación Luis Manuel Calleja,Uruguayana 3393,Uruguayana,3393,6,,,,,,,
MSPF-175,ELP-0351,msp_habilitacion_final_2026,Establecimientos de Larga Estadía para Personas Mayores habilitados en el país,2026-06-30,https://www.gub.uy/ministerio-salud-publica/sites/ministerio-salud-publica/files/2026-06/ELEPEM%20HABILITADOS%20JUNIO%202026.pdf,ELEPEM HABILITADOS JUNIO 2026.pdf,175,Montevideo,Montevideo,Centro Zeus,Francisco Vidal 733,Francisco Vidal,733,24,cusatinatalia@gmail.com,,,,,,
MSPF-176,ELP-0582,msp_habilitacion_final_2026,Establecimientos de Larga Estadía para Personas Mayores habilitados en el país,2026-06-30,https://www.gub.uy/ministerio-salud-publica/sites/ministerio-salud-publica/files/2026-06/ELEPEM%20HABILITADOS%20JUNIO%202026.pdf,ELEPEM HABILITADOS JUNIO 2026.pdf,176,Montevideo,Montevideo,Residencial Casa Garzón,Garzón 1640 entre Casavalle y Aparicio Saravia,Garzón,1640,20,amavirsrl@gmail.com,,,,,,
MSPF-177,ELP-0474,msp_habilitacion_final_2026,Establecimientos de Larga Estadía para Personas Mayores habilitados en el país,2026-06-30,https://www.gub.uy/ministerio-salud-publica/sites/ministerio-salud-publica/files/2026-06/ELEPEM%20HABILITADOS%20JUNIO%202026.pdf,ELEPEM HABILITADOS JUNIO 2026.pdf,177,Montevideo,Montevideo,La Serenita Srl,8 de Octubre 2856,,8 de Octubre 2856,27,residencialserena2856@gmail.com,,,,,,
MSPF-178,ELP-0423,msp_habilitacion_final_2026,Establecimientos de Larga Estadía para Personas Mayores habilitados en el país,2026-06-30,https://www.gub.uy/ministerio-salud-publica/sites/ministerio-salud-publica/files/2026-06/ELEPEM%20HABILITADOS%20JUNIO%202026.pdf,ELEPEM HABILITADOS JUNIO 2026.pdf,178,Montevideo,Montevideo,Historias de Vida,Juan M. Perez 2785,Juan M. Perez,2785,13,sdopa@adinet.com.uy,,,,,,
MSPF-179,ELP-0503,msp_habilitacion_final_2026,Establecimientos de Larga Estadía para Personas Mayores habilitados en el país,2026-06-30,https://www.gub.uy/ministerio-salud-publica/sites/ministerio-salud-publica/files/2026-06/ELEPEM%20HABILITADOS%20JUNIO%202026.pdf,ELEPEM HABILITADOS JUNIO 2026.pdf,179,Montevideo,Montevideo,Licorne,Libertad 2791,Libertad,2791,12,ampezzosrl@gmail.com,,,,,,
MSPF-180,ELP-0367,msp_habilitacion_final_2026,Establecimientos de Larga Estadía para Personas Mayores habilitados en el país,2026-06-30,https://www.gub.uy/ministerio-salud-publica/sites/ministerio-salud-publica/files/2026-06/ELEPEM%20HABILITADOS%20JUNIO%202026.pdf,ELEPEM HABILITADOS JUNIO 2026.pdf,180,Montevideo,Montevideo,Del Parque,Pedro Berro 1320,Pedro Berro,1320,15,marinagfuentes@gmail.com,,,,,,
MSPF-181,ELP-0453,msp_habilitacion_final_2026,Establecimientos de Larga Estadía para Personas Mayores habilitados en el país,2026-06-30,https://www.gub.uy/ministerio-salud-publica/sites/ministerio-salud-publica/files/2026-06/ELEPEM%20HABILITADOS%20JUNIO%202026.pdf,ELEPEM HABILITADOS JUNIO 2026.pdf,181,Montevideo,Montevideo,Jackson,Jackson 936,Jackson,936,26,residenciajackson@gmail.com,,,,,,
MSPF-182,ELP-0546,msp_habilitacion_final_2026,Establecimientos de Larga Estadía para Personas Mayores habilitados en el país,2026-06-30,https://www.gub.uy/ministerio-salud-publica/sites/ministerio-salud-publica/files/2026-06/ELEPEM%20HABILITADOS%20JUNIO%202026.pdf,ELEPEM HABILITADOS JUNIO 2026.pdf,182,Montevideo,Montevideo,Nuestro Hogar,Martin .C.Martínez 1832,Martin .C.Martínez,1832,18,jaeolivera@hotmail.com,,,,,,
MSPF-183,ELP-0462,msp_habilitacion_final_2026,Establecimientos de Larga Estadía para Personas Mayores habilitados en el país,2026-06-30,https://www.gub.uy/ministerio-salud-publica/sites/ministerio-salud-publica/files/2026-06/ELEPEM%20HABILITADOS%20JUNIO%202026.pdf,ELEPEM HABILITADOS JUNIO 2026.pdf,183,Montevideo,Montevideo,La Casa de Lea,Larrañaga 3228,Larrañaga,3228,28,a.dere@hotmail.com,,,,,,
MSPF-184,ELP-0440,msp_habilitacion_final_2026,Establecimientos de Larga Estadía para Personas Mayores habilitados en el país,2026-06-30,https://www.gub.uy/ministerio-salud-publica/sites/ministerio-salud-publica/files/2026-06/ELEPEM%20HABILITADOS%20JUNIO%202026.pdf,ELEPEM HABILITADOS JUNIO 2026.pdf,184,Montevideo,Montevideo,Marsella,Joaquín Núñez 3082,Joaquín Núñez,3082,18,hogarmarsella@hotmail.com,,,,,,
MSPF-185,ELP-0653,msp_habilitacion_final_2026,Establecimientos de Larga Estadía para Personas Mayores habilitados en el país,2026-06-30,https://www.gub.uy/ministerio-salud-publica/sites/ministerio-salud-publica/files/2026-06/ELEPEM%20HABILITADOS%20JUNIO%202026.pdf,ELEPEM HABILITADOS JUNIO 2026.pdf,185,Montevideo,Montevideo,Tata Luis y Doña Lola,Mercedes 1572,Mercedes,1572,15,moni-molis@hotmail.com,,,,,,
MSPF-186,ELP-0657,msp_habilitacion_final_2026,Establecimientos de Larga Estadía para Personas Mayores habilitados en el país,2026-06-30,https://www.gub.uy/ministerio-salud-publica/sites/ministerio-salud-publica/files/2026-06/ELEPEM%20HABILITADOS%20JUNIO%202026.pdf,ELEPEM HABILITADOS JUNIO 2026.pdf,186,Montevideo,Montevideo,Veramar Home,Rambla Rep. de México 5913,Rambla Rep. de México,5913,12,veramarhome@gmail.com,,,,,,
MSPF-187,ELP-0400,msp_habilitacion_final_2026,Establecimientos de Larga Estadía para Personas Mayores habilitados en el país,2026-06-30,https://www.gub.uy/ministerio-salud-publica/sites/ministerio-salud-publica/files/2026-06/ELEPEM%20HABILITADOS%20JUNIO%202026.pdf,ELEPEM HABILITADOS JUNIO 2026.pdf,187,Montevideo,Montevideo,Estilo de Vida 3,Luis Cavia 2996,Luis Cavia,2996,39,estilodevida.com.uy,,,,,,
MSPF-188,ELP-0414,msp_habilitacion_final_2026,Establecimientos de Larga Estadía para Personas Mayores habilitados en el país,2026-06-30,https://www.gub.uy/ministerio-salud-publica/sites/ministerio-salud-publica/files/2026-06/ELEPEM%20HABILITADOS%20JUNIO%202026.pdf,ELEPEM HABILITADOS JUNIO 2026.pdf,188,Montevideo,Montevideo,Girasoles,Soca 1361,Soca,1361,17,silviaballesta@gmail.com - m.j27@hotmail.com dmariano@adinet.com.uy -,,,,,,
MSPF-189,ELP-0457,msp_habilitacion_final_2026,Establecimientos de Larga Estadía para Personas Mayores habilitados en el país,2026-06-30,https://www.gub.uy/ministerio-salud-publica/sites/ministerio-salud-publica/files/2026-06/ELEPEM%20HABILITADOS%20JUNIO%202026.pdf,ELEPEM HABILITADOS JUNIO 2026.pdf,189,Montevideo,Montevideo,Kalas,Carabelas 3511,Carabelas,3511,17,residencial.kala@gmail.com,,,,,,
MSPF-190,ELP-0298,msp_habilitacion_final_2026,Establecimientos de Larga Estadía para Personas Mayores habilitados en el país,2026-06-30,https://www.gub.uy/ministerio-salud-publica/sites/ministerio-salud-publica/files/2026-06/ELEPEM%20HABILITADOS%20JUNIO%202026.pdf,ELEPEM HABILITADOS JUNIO 2026.pdf,190,Montevideo,Montevideo,Amanda II,Millan 3600,Millan,3600,12,hjss_13@hotmail.com,,,,,,
MSPF-191,ELP-0443,msp_habilitacion_final_2026,Establecimientos de Larga Estadía para Personas Mayores habilitados en el país,2026-06-30,https://www.gub.uy/ministerio-salud-publica/sites/ministerio-salud-publica/files/2026-06/ELEPEM%20HABILITADOS%20JUNIO%202026.pdf,ELEPEM HABILITADOS JUNIO 2026.pdf,191,Montevideo,Montevideo,Hogar Nazareth,Avenida Italia 3780,Avenida Italia,3780,16,,,,,,,
MSPF-192,ELP-0701,msp_habilitacion_final_2026,Establecimientos de Larga Estadía para Personas Mayores habilitados en el país,2026-06-30,https://www.gub.uy/ministerio-salud-publica/sites/ministerio-salud-publica/files/2026-06/ELEPEM%20HABILITADOS%20JUNIO%202026.pdf,ELEPEM HABILITADOS JUNIO 2026.pdf,192,Montevideo,Montevideo,Tio Tito,Blanes Viale 5910,Blanes Viale,5910,20,rosanalarroca@hotmail.com,94458041,,,,,
MSPF-193,ELP-0558,msp_habilitacion_final_2026,Establecimientos de Larga Estadía para Personas Mayores habilitados en el país,2026-06-30,https://www.gub.uy/ministerio-salud-publica/sites/ministerio-salud-publica/files/2026-06/ELEPEM%20HABILITADOS%20JUNIO%202026.pdf,ELEPEM HABILITADOS JUNIO 2026.pdf,193,Montevideo,Montevideo,Parque Sol,Americo Ricaldoni 1672,Americo Ricaldoni,1672,13,,98442650,,,,,
MSPF-194,ELP-0556,msp_habilitacion_final_2026,Establecimientos de Larga Estadía para Personas Mayores habilitados en el país,2026-06-30,https://www.gub.uy/ministerio-salud-publica/sites/ministerio-salud-publica/files/2026-06/ELEPEM%20HABILITADOS%20JUNIO%202026.pdf,ELEPEM HABILITADOS JUNIO 2026.pdf,194,Montevideo,Montevideo,Palas Atenea Prado,Carlos Vaz Ferreira 3665 bis,Carlos Vaz Ferreira,3665 bis,57,adariask@gmail.com,233367901-04,,,,,
MSPF-195,ELP-0392,msp_habilitacion_final_2026,Establecimientos de Larga Estadía para Personas Mayores habilitados en el país,2026-06-30,https://www.gub.uy/ministerio-salud-publica/sites/ministerio-salud-publica/files/2026-06/ELEPEM%20HABILITADOS%20JUNIO%202026.pdf,ELEPEM HABILITADOS JUNIO 2026.pdf,195,Montevideo,Montevideo,EMPATÍA II,Valiente 4839,Valiente,4839,13,residencialempatia@gmail.com,2614 98 11,,,,,
MSPF-196,ELP-0702,msp_habilitacion_final_2026,Establecimientos de Larga Estadía para Personas Mayores habilitados en el país,2026-06-30,https://www.gub.uy/ministerio-salud-publica/sites/ministerio-salud-publica/files/2026-06/ELEPEM%20HABILITADOS%20JUNIO%202026.pdf,ELEPEM HABILITADOS JUNIO 2026.pdf,196,Montevideo,Montevideo,Umpierrez,Defensa 1880,Defensa,1880,13,andreaumpierrez71@hotmail.com,94163189,,,,,
MSPF-197,ELP-0314,msp_habilitacion_final_2026,Establecimientos de Larga Estadía para Personas Mayores habilitados en el país,2026-06-30,https://www.gub.uy/ministerio-salud-publica/sites/ministerio-salud-publica/files/2026-06/ELEPEM%20HABILITADOS%20JUNIO%202026.pdf,ELEPEM HABILITADOS JUNIO 2026.pdf,197,Montevideo,Montevideo,BEL-AIR,Dr. Carlos Nery 3431,Dr. Carlos Nery,3431,32,andrestasende@gmail.com,098362324 - 26964774,,,,,
MSPF-198,ELP-0717,msp_habilitacion_final_2026,Establecimientos de Larga Estadía para Personas Mayores habilitados en el país,2026-06-30,https://www.gub.uy/ministerio-salud-publica/sites/ministerio-salud-publica/files/2026-06/ELEPEM%20HABILITADOS%20JUNIO%202026.pdf,ELEPEM HABILITADOS JUNIO 2026.pdf,198,Paysandú,Paysandú,Hogar Ancianos Enrique Chaplin,Avda E. Chaplin 728,Avda E. Chaplin,728,60,hogarchaplinpaysandu@adinet.com.uy,47225074,,,,,
MSPF-199,ELP-0713,msp_habilitacion_final_2026,Establecimientos de Larga Estadía para Personas Mayores habilitados en el país,2026-06-30,https://www.gub.uy/ministerio-salud-publica/sites/ministerio-salud-publica/files/2026-06/ELEPEM%20HABILITADOS%20JUNIO%202026.pdf,ELEPEM HABILITADOS JUNIO 2026.pdf,199,Paysandú,Paysandú,Carpe Diem,Montecaseros 785,Montecaseros,785,16,,47238247 - 099748944,,,,,
MSPF-200,ELP-0734,msp_habilitacion_final_2026,Establecimientos de Larga Estadía para Personas Mayores habilitados en el país,2026-06-30,https://www.gub.uy/ministerio-salud-publica/sites/ministerio-salud-publica/files/2026-06/ELEPEM%20HABILITADOS%20JUNIO%202026.pdf,ELEPEM HABILITADOS JUNIO 2026.pdf,200,Río Negro,Young,Valentin Berezan,Hervidero 1866,Hervidero,1866,44,valentinberezan@gmail.com,45672018 - 098987039,,,,,
MSPF-201,ELP-0750,msp_habilitacion_final_2026,Establecimientos de Larga Estadía para Personas Mayores habilitados en el país,2026-06-30,https://www.gub.uy/ministerio-salud-publica/sites/ministerio-salud-publica/files/2026-06/ELEPEM%20HABILITADOS%20JUNIO%202026.pdf,ELEPEM HABILITADOS JUNIO 2026.pdf,201,Salto,Salto,Sol,Invernizzi 53,Invernizzi,53,31,soldesalto@adinet.com.uy,099033257 - 099082961 099508288 - 098501400 -,,,,,
MSPF-202,ELP-0738,msp_habilitacion_final_2026,Establecimientos de Larga Estadía para Personas Mayores habilitados en el país,2026-06-30,https://www.gub.uy/ministerio-salud-publica/sites/ministerio-salud-publica/files/2026-06/ELEPEM%20HABILITADOS%20JUNIO%202026.pdf,ELEPEM HABILITADOS JUNIO 2026.pdf,202,Salto,Salto,Años Dorados,Enrique Amorin 1563,Enrique Amorin,1563,31,tavosolari@gmail.com,098520070,,,,,
MSPF-203,ELP-0751,msp_habilitacion_final_2026,Establecimientos de Larga Estadía para Personas Mayores habilitados en el país,2026-06-30,https://www.gub.uy/ministerio-salud-publica/sites/ministerio-salud-publica/files/2026-06/ELEPEM%20HABILITADOS%20JUNIO%202026.pdf,ELEPEM HABILITADOS JUNIO 2026.pdf,203,Salto,Salto,Residencial Talabi,Bilbao N° 15,Bilbao N°,15,18,danifarias1210@gmail.com,473277247,,,,,
MSPF-204,ELP-0768,msp_habilitacion_final_2026,Establecimientos de Larga Estadía para Personas Mayores habilitados en el país,2026-06-30,https://www.gub.uy/ministerio-salud-publica/sites/ministerio-salud-publica/files/2026-06/ELEPEM%20HABILITADOS%20JUNIO%202026.pdf,ELEPEM HABILITADOS JUNIO 2026.pdf,204,San José,San José de Mayo,Hogar de Ancianos,Ruta 3 km 90 y continuación 18 de Julio,Ruta 3,Km 90,72,hogarsj@vera.com.uy,43422730 - 43429060,,,,,
MSPF-205,ELP-0755,msp_habilitacion_final_2026,Establecimientos de Larga Estadía para Personas Mayores habilitados en el país,2026-06-30,https://www.gub.uy/ministerio-salud-publica/sites/ministerio-salud-publica/files/2026-06/ELEPEM%20HABILITADOS%20JUNIO%202026.pdf,ELEPEM HABILITADOS JUNIO 2026.pdf,205,San José,San José de Mayo,Anciano e Impedido,Artigas N.º 421,Artigas N.º,421,30,residenciaartigas417@gmail.com,43431159 - 43422989,,,,,
MSPF-206,ELP-0774,msp_habilitacion_final_2026,Establecimientos de Larga Estadía para Personas Mayores habilitados en el país,2026-06-30,https://www.gub.uy/ministerio-salud-publica/sites/ministerio-salud-publica/files/2026-06/ELEPEM%20HABILITADOS%20JUNIO%202026.pdf,ELEPEM HABILITADOS JUNIO 2026.pdf,206,San José,Ecilda Paullier,Hogar Menonita,Ruta 1 Km 94 Colonia Delta,Ruta 1,Km 94,12,hogardelta1955@gmail.com,098357135 - 43492308,,,,,
MSPF-207,ELP-0756,msp_habilitacion_final_2026,Establecimientos de Larga Estadía para Personas Mayores habilitados en el país,2026-06-30,https://www.gub.uy/ministerio-salud-publica/sites/ministerio-salud-publica/files/2026-06/ELEPEM%20HABILITADOS%20JUNIO%202026.pdf,ELEPEM HABILITADOS JUNIO 2026.pdf,207,San José,Libertad,Casa Campo,Colon N.º 1072,Colon N.º,1072,15,katerine.gervasio@hotmail.com,098221902,,,,,
MSPF-208,ELP-0759,msp_habilitacion_final_2026,Establecimientos de Larga Estadía para Personas Mayores habilitados en el país,2026-06-30,https://www.gub.uy/ministerio-salud-publica/sites/ministerio-salud-publica/files/2026-06/ELEPEM%20HABILITADOS%20JUNIO%202026.pdf,ELEPEM HABILITADOS JUNIO 2026.pdf,208,San José,Ciudad del Plata,El Buen Vivir,"River Plate s/n esquina Pedro Cea, Solar 7, Manzana 56","River Plate s/n esquina Pedro Cea, Solar","7, Manzana 56",28,juliomartinez.del@hotmail.com,23477799 - 099170931,,,,,
MSPF-209,ELP-0765,msp_habilitacion_final_2026,Establecimientos de Larga Estadía para Personas Mayores habilitados en el país,2026-06-30,https://www.gub.uy/ministerio-salud-publica/sites/ministerio-salud-publica/files/2026-06/ELEPEM%20HABILITADOS%20JUNIO%202026.pdf,ELEPEM HABILITADOS JUNIO 2026.pdf,209,San José,Libertad,Emmanuel,25 de agosto 544,,25 de agosto 544,19,hogaremanuellibertad@gmail.com,43453204,,,,,
MSPF-210,ELP-0788,msp_habilitacion_final_2026,Establecimientos de Larga Estadía para Personas Mayores habilitados en el país,2026-06-30,https://www.gub.uy/ministerio-salud-publica/sites/ministerio-salud-publica/files/2026-06/ELEPEM%20HABILITADOS%20JUNIO%202026.pdf,ELEPEM HABILITADOS JUNIO 2026.pdf,210,Soriano,Mercedes,Hogar de Ancianos Braceras,"Radial Ruta 2 Km 277,500",Radial Ruta,"2 Km 277,500",45,,45333130 - 099530258,,,,,
MSPF-211,ELP-0797,msp_habilitacion_final_2026,Establecimientos de Larga Estadía para Personas Mayores habilitados en el país,2026-06-30,https://www.gub.uy/ministerio-salud-publica/sites/ministerio-salud-publica/files/2026-06/ELEPEM%20HABILITADOS%20JUNIO%202026.pdf,ELEPEM HABILITADOS JUNIO 2026.pdf,211,Soriano,Mercedes,Sueños Dorados 2,Sánchez 630,Sánchez,630,16,,45328483 - 091374628,,,,,
MSPF-212,ELP-0787,msp_habilitacion_final_2026,Establecimientos de Larga Estadía para Personas Mayores habilitados en el país,2026-06-30,https://www.gub.uy/ministerio-salud-publica/sites/ministerio-salud-publica/files/2026-06/ELEPEM%20HABILITADOS%20JUNIO%202026.pdf,ELEPEM HABILITADOS JUNIO 2026.pdf,212,Soriano,Egaña,Don Joaquín,Del Corralito y Zapicán,Del Corralito y Zapicán,,13,,45388534 - 092841683,,,,,
MIDES-001,ELP-0001,mides_certificado_social,Establecimientos con Certificado Social publicados por MIDES,,https://www.gub.uy/ministerio-desarrollo-social/etiqueta/otros/artigas-establecimientos-larga-estadia-para-personas-mayores-certificado-social,Páginas departamentales MIDES,1,Artigas,Bella Unión,Elida Moreira De Zambiazzo,Calle 10 S/N,Calle 10,S/N,,,47794340,,,,,
MIDES-002,ELP-0002,mides_certificado_social,Establecimientos con Certificado Social publicados por MIDES,,https://www.gub.uy/ministerio-desarrollo-social/etiqueta/otros/artigas-establecimientos-larga-estadia-para-personas-mayores-certificado-social,Páginas departamentales MIDES,2,Artigas,Baltasar Brum,Hogar Don Martín,Cousin S/N,Cousin,S/N,,,47762818 / 091939213,,,,,
MIDES-003,ELP-0019,mides_certificado_social,Establecimientos con Certificado Social publicados por MIDES,2024-07-15,https://www.gub.uy/ministerio-desarrollo-social/etiqueta/otros/canelones-establecimientos-larga-estadia-para-personas-mayores-certificado-social,Páginas departamentales MIDES,3,Canelones,Las Piedras,El Otoñal,Wilson Ferreira 502,Wilson Ferreira,502,,,23638902,,,,,
MIDES-004,ELP-0048,mides_certificado_social,Establecimientos con Certificado Social publicados por MIDES,2024-07-15,https://www.gub.uy/ministerio-desarrollo-social/etiqueta/otros/canelones-establecimientos-larga-estadia-para-personas-mayores-certificado-social,Páginas departamentales MIDES,4,Canelones,Canelones,La Estancia Hotel Residencial,María Stagnero De Munar Esq. Camino Imperiale S/N,María Stagnero De Munar Esq. Camino Imperiale,S/N,,,97774000,,,,,
MIDES-005,ELP-0022,mides_certificado_social,Establecimientos con Certificado Social publicados por MIDES,2024-07-15,https://www.gub.uy/ministerio-desarrollo-social/etiqueta/otros/canelones-establecimientos-larga-estadia-para-personas-mayores-certificado-social,Páginas departamentales MIDES,5,Canelones,La Paz,En Familia,Av. Artigas 281,Av. Artigas,281,,,91478410,,,,,
MIDES-006,ELP-0032,mides_certificado_social,Establecimientos con Certificado Social publicados por MIDES,2024-07-15,https://www.gub.uy/ministerio-desarrollo-social/etiqueta/otros/canelones-establecimientos-larga-estadia-para-personas-mayores-certificado-social,Páginas departamentales MIDES,6,Canelones,Pando,Hogar Intergeneracional De Pando,Luis Alberto De Herrera S/N,Luis Alberto De Herrera,S/N,,,22921114,,,,,
MIDES-007,ELP-0007,mides_certificado_social,Establecimientos con Certificado Social publicados por MIDES,2024-07-15,https://www.gub.uy/ministerio-desarrollo-social/etiqueta/otros/canelones-establecimientos-larga-estadia-para-personas-mayores-certificado-social,Páginas departamentales MIDES,7,Canelones,Santa Lucia,Biltmore,Batlle Y Ordoñez 74,Batlle Y Ordoñez,74,,,43349954,,,,,
MIDES-008,ELP-0038,mides_certificado_social,Establecimientos con Certificado Social publicados por MIDES,2024-07-15,https://www.gub.uy/ministerio-desarrollo-social/etiqueta/otros/canelones-establecimientos-larga-estadia-para-personas-mayores-certificado-social,Páginas departamentales MIDES,8,Canelones,Santa Lucia,Hogar Máximo Cenoz Hita,Magariños Cervantes 95,Magariños Cervantes,95,,,43347761 / 094881030,,,,,
MIDES-009,ELP-0004,mides_certificado_social,Establecimientos con Certificado Social publicados por MIDES,2024-07-15,https://www.gub.uy/ministerio-desarrollo-social/etiqueta/otros/canelones-establecimientos-larga-estadia-para-personas-mayores-certificado-social,Páginas departamentales MIDES,9,Canelones,Sauce,Abril,Ruta 6 Km 37000,Ruta 6,Km 37000,,,22940569,,,,,
MIDES-010,ELP-0093,mides_certificado_social,Establecimientos con Certificado Social publicados por MIDES,2024-07-15,https://www.gub.uy/ministerio-desarrollo-social/etiqueta/otros/canelones-establecimientos-larga-estadia-para-personas-mayores-certificado-social,Páginas departamentales MIDES,10,Canelones,Barra De Carrasco,Seniority Magna,Niteroi 948,Niteroi,948,,,26003938,,,,,
MIDES-011,ELP-0069,mides_certificado_social,Establecimientos con Certificado Social publicados por MIDES,2024-07-15,https://www.gub.uy/ministerio-desarrollo-social/etiqueta/otros/canelones-establecimientos-larga-estadia-para-personas-mayores-certificado-social,Páginas departamentales MIDES,11,Canelones,Barra De Carrasco,Residencial Del Lago,Av. De Las Americas 5500,Av. De Las Americas,5500,,,26003503,,,,,
MIDES-012,ELP-0011,mides_certificado_social,Establecimientos con Certificado Social publicados por MIDES,2024-07-15,https://www.gub.uy/ministerio-desarrollo-social/etiqueta/otros/canelones-establecimientos-larga-estadia-para-personas-mayores-certificado-social,Páginas departamentales MIDES,12,Canelones,Solymar,Centro Vital,Av. Gianatassio Esq. Artigas M 44 S 3,Av. Gianatassio Esq. Artigas,M 44 S 3,,,26984086,,,,,
MIDES-013,ELP-0020,mides_certificado_social,Establecimientos con Certificado Social publicados por MIDES,2024-07-15,https://www.gub.uy/ministerio-desarrollo-social/etiqueta/otros/canelones-establecimientos-larga-estadia-para-personas-mayores-certificado-social,Páginas departamentales MIDES,13,Canelones,Solymar,El Renacer,Av. Gral. Gestido Esq. Canelones M2 S7,Av. Gral. Gestido Esq. Canelones,M2 S7,,,26988809,,,,,
MIDES-014,ELP-0064,mides_certificado_social,Establecimientos con Certificado Social publicados por MIDES,2024-07-15,https://www.gub.uy/ministerio-desarrollo-social/etiqueta/otros/canelones-establecimientos-larga-estadia-para-personas-mayores-certificado-social,Páginas departamentales MIDES,14,Canelones,Solymar,Pinares,James Summer M42 S7,James Summer,M42 S7,,,97324119,,,,,
MIDES-015,ELP-0008,mides_certificado_social,Establecimientos con Certificado Social publicados por MIDES,2024-07-15,https://www.gub.uy/ministerio-desarrollo-social/etiqueta/otros/canelones-establecimientos-larga-estadia-para-personas-mayores-certificado-social,Páginas departamentales MIDES,15,Canelones,Solymar,Bonsejour La Costa,Viña Del Mar M16 S27,Viña Del Mar,M16 S27,,,091916222 / 099916222,,,,,
MIDES-016,ELP-0044,mides_certificado_social,Establecimientos con Certificado Social publicados por MIDES,2024-07-15,https://www.gub.uy/ministerio-desarrollo-social/etiqueta/otros/canelones-establecimientos-larga-estadia-para-personas-mayores-certificado-social,Páginas departamentales MIDES,16,Canelones,El Pinar,La Bonne Vie,Río Negro M216 S15,Río Negro,M216 S15,,,26989926,,,,,
MIDES-017,ELP-0092,mides_certificado_social,Establecimientos con Certificado Social publicados por MIDES,2024-07-15,https://www.gub.uy/ministerio-desarrollo-social/etiqueta/otros/canelones-establecimientos-larga-estadia-para-personas-mayores-certificado-social,Páginas departamentales MIDES,17,Canelones,El Pinar,Senescentis Ii,Av. Pérez Butler M257 S2,Av. Pérez Butler,M257 S2,,,098725165 / 26816645,,,,,
MIDES-018,ELP-0056,mides_certificado_social,Establecimientos con Certificado Social publicados por MIDES,2024-07-15,https://www.gub.uy/ministerio-desarrollo-social/etiqueta/otros/canelones-establecimientos-larga-estadia-para-personas-mayores-certificado-social,Páginas departamentales MIDES,18,Canelones,Lagomar,Luz Del Sol,Luz Del Sol M58 S5,Luz Del Sol,M58 S5,,,26832205,,,,,
MIDES-019,ELP-0032,mides_certificado_social,Establecimientos con Certificado Social publicados por MIDES,2024-07-15,https://www.gub.uy/ministerio-desarrollo-social/etiqueta/otros/canelones-establecimientos-larga-estadia-para-personas-mayores-certificado-social,Páginas departamentales MIDES,19,Canelones,Los Cerrillos,Hogar De Ancianos Puga Soria,Luis Alberto De Herrera Entre Ruta 36 Y A. Machin S/N,Luis Alberto De Herrera Entre Ruta 36 Y A. Machin,S/N,,,43362096,,,,,
MIDES-020,ELP-0010,mides_certificado_social,Establecimientos con Certificado Social publicados por MIDES,2024-07-15,https://www.gub.uy/ministerio-desarrollo-social/etiqueta/otros/canelones-establecimientos-larga-estadia-para-personas-mayores-certificado-social,Páginas departamentales MIDES,20,Canelones,Los Cerrillos,La Casona,Ruta 36 Km 37000,Ruta 36,Km 37000,,,098762939 / 096566688,,,,,
MIDES-021,ELP-0052,mides_certificado_social,Establecimientos con Certificado Social publicados por MIDES,2024-07-15,https://www.gub.uy/ministerio-desarrollo-social/etiqueta/otros/canelones-establecimientos-larga-estadia-para-personas-mayores-certificado-social,Páginas departamentales MIDES,21,Canelones,Shangrila,La Rochelle,Del Estio Esq. Circunvalacion Del Uruguay M33 S16,Del Estio Esq. Circunvalacion Del Uruguay,M33 S16,,,26824963,,,,,
MIDES-022,ELP-0029,mides_certificado_social,Establecimientos con Certificado Social publicados por MIDES,2024-07-15,https://www.gub.uy/ministerio-desarrollo-social/etiqueta/otros/canelones-establecimientos-larga-estadia-para-personas-mayores-certificado-social,Páginas departamentales MIDES,22,Canelones,Shangrila,Hogar Ana Maria Y Beatriz Izquierdo,Av. Giannattasio M2 S2,Av. Giannattasio,M2 S2,,,26832541,,,,,
MIDES-023,ELP-0028,mides_certificado_social,Establecimientos con Certificado Social publicados por MIDES,2024-07-15,https://www.gub.uy/ministerio-desarrollo-social/etiqueta/otros/canelones-establecimientos-larga-estadia-para-personas-mayores-certificado-social,Páginas departamentales MIDES,23,Canelones,San Jacinto,Hogar Ana Arriola De Ado,Ruta 7 Km 52.800,Ruta 7,Km 52.800,,,94801758,,,,,
MIDES-024,ELP-0051,mides_certificado_social,Establecimientos con Certificado Social publicados por MIDES,2024-07-15,https://www.gub.uy/ministerio-desarrollo-social/etiqueta/otros/canelones-establecimientos-larga-estadia-para-personas-mayores-certificado-social,Páginas departamentales MIDES,24,Canelones,San Jacinto,La Quinta,Ruta 11 Km 135.500,Ruta 11,Km 135.500,,,43909952,,,,,
MIDES-025,ELP-0036,mides_certificado_social,Establecimientos con Certificado Social publicados por MIDES,2024-07-15,https://www.gub.uy/ministerio-desarrollo-social/etiqueta/otros/canelones-establecimientos-larga-estadia-para-personas-mayores-certificado-social,Páginas departamentales MIDES,25,Canelones,Progreso,Hogar Maranata,Juana De Ibarbourou 256,Juana De Ibarbourou,256,,,23693278 / 098881416,,,,,
MIDES-026,ELP-0015,mides_certificado_social,Establecimientos con Certificado Social publicados por MIDES,2024-07-15,https://www.gub.uy/ministerio-desarrollo-social/etiqueta/otros/canelones-establecimientos-larga-estadia-para-personas-mayores-certificado-social,Páginas departamentales MIDES,26,Canelones,Progreso,El Es Mi Paz,Av. Brasil Entre Rio Negro Y Paysandú S/N,Av. Brasil Entre Rio Negro Y Paysandú,S/N,,,23698608,,,,,
MIDES-027,ELP-0101,mides_certificado_social,Establecimientos con Certificado Social publicados por MIDES,2024-07-15,https://www.gub.uy/ministerio-desarrollo-social/etiqueta/otros/cerro-largo-establecimientos-larga-estadia-para-personas-mayores-certificado-social,Páginas departamentales MIDES,27,Cerro Largo,Rio Branco,Hogar De Ancianos Y Obras Sociales De Rio Branco,Calle 2 (Barrio Omar Rojas) S/N,Calle 2 (Barrio Omar Rojas),S/N,,,46754796 / 46752960,,,,,
MIDES-028,ELP-0100,mides_certificado_social,Establecimientos con Certificado Social publicados por MIDES,2024-07-15,https://www.gub.uy/ministerio-desarrollo-social/etiqueta/otros/cerro-largo-establecimientos-larga-estadia-para-personas-mayores-certificado-social,Páginas departamentales MIDES,28,Cerro Largo,Fraile Muerto,Hogar Blanca Castro De Argenzio,Gral.Artigas Y Avda.Blanca Castro De Argenzio S/N,Gral.Artigas Y Avda.Blanca Castro De Argenzio,S/N,,,46889038,,,,,
MIDES-029,ELP-0143,mides_certificado_social,Establecimientos con Certificado Social publicados por MIDES,2026-01-12,https://www.gub.uy/ministerio-desarrollo-social/etiqueta/otros/colonia-establecimientos-larga-estadia-para-personas-mayores-certificado-social,Páginas departamentales MIDES,29,Colonia,Colonia,Sacramento,Camino Aeropuerto 21203,Camino Aeropuerto,21203,,,45203671,,,,,
MIDES-030,ELP-0147,mides_certificado_social,Establecimientos con Certificado Social publicados por MIDES,2026-01-12,https://www.gub.uy/ministerio-desarrollo-social/etiqueta/otros/colonia-establecimientos-larga-estadia-para-personas-mayores-certificado-social,Páginas departamentales MIDES,30,Colonia,Colonia,Yolanda,Dr. Luis Casanello 848,Dr. Luis Casanello,848,,,45223122,,,,,
MIDES-031,ELP-0128,mides_certificado_social,Establecimientos con Certificado Social publicados por MIDES,2026-01-12,https://www.gub.uy/ministerio-desarrollo-social/etiqueta/otros/colonia-establecimientos-larga-estadia-para-personas-mayores-certificado-social,Páginas departamentales MIDES,31,Colonia,Carmelo,La Merced,19 De Abril 601,19 De Abril,601,,,45422127,,,,,
MIDES-032,ELP-0104,mides_certificado_social,Establecimientos con Certificado Social publicados por MIDES,2026-01-12,https://www.gub.uy/ministerio-desarrollo-social/etiqueta/otros/colonia-establecimientos-larga-estadia-para-personas-mayores-certificado-social,Páginas departamentales MIDES,32,Colonia,Juan Lacaze,Árbol De La Vida,Juana C. De Campomar 131,Juana C. De Campomar,131,,,45865153,,,,,
MIDES-033,ELP-0116,mides_certificado_social,Establecimientos con Certificado Social publicados por MIDES,2026-01-12,https://www.gub.uy/ministerio-desarrollo-social/etiqueta/otros/colonia-establecimientos-larga-estadia-para-personas-mayores-certificado-social,Páginas departamentales MIDES,33,Colonia,Nueva Helvecia,Hogar De Ancianos De La Sociedad De Auxilio Frauenverein,German Imhoff 904,German Imhoff,904,,,45544158,,,,,
MIDES-034,ELP-0119,mides_certificado_social,Establecimientos con Certificado Social publicados por MIDES,2026-01-12,https://www.gub.uy/ministerio-desarrollo-social/etiqueta/otros/colonia-establecimientos-larga-estadia-para-personas-mayores-certificado-social,Páginas departamentales MIDES,34,Colonia,Nueva Palmira,Hogar De Ancianos Nueva Palmira,Ituzaingo 1091,Ituzaingo,1091,,,45446020,,,,,
MIDES-035,ELP-0112,mides_certificado_social,Establecimientos con Certificado Social publicados por MIDES,2026-01-12,https://www.gub.uy/ministerio-desarrollo-social/etiqueta/otros/colonia-establecimientos-larga-estadia-para-personas-mayores-certificado-social,Páginas departamentales MIDES,35,Colonia,Ombues De Lavalle,Hogar De Ancianos De Ombues De Lavalle,Ruta 55 Km 22,Ruta 55,Km 22,,,45706103,,,,,
MIDES-036,ELP-0108,mides_certificado_social,Establecimientos con Certificado Social publicados por MIDES,2026-01-12,https://www.gub.uy/ministerio-desarrollo-social/etiqueta/otros/colonia-establecimientos-larga-estadia-para-personas-mayores-certificado-social,Páginas departamentales MIDES,36,Colonia,Valdense,Brisas Del Plata,"Ruta 1 Km 121,500",Ruta 1,"Km 121,500",,,45588234 / 45589171,,,,,
MIDES-037,ELP-0114,mides_certificado_social,Establecimientos con Certificado Social publicados por MIDES,2026-01-12,https://www.gub.uy/ministerio-desarrollo-social/etiqueta/otros/colonia-establecimientos-larga-estadia-para-personas-mayores-certificado-social,Páginas departamentales MIDES,37,Colonia,Conchillas,Hogar De Ancianos Centenario Conchillas,Tomas Walker S/N,Tomas Walker,S/N,,,45772134,,,,,
MIDES-038,ELP-0106,mides_certificado_social,Establecimientos con Certificado Social publicados por MIDES,2026-01-12,https://www.gub.uy/ministerio-desarrollo-social/etiqueta/otros/colonia-establecimientos-larga-estadia-para-personas-mayores-certificado-social,Páginas departamentales MIDES,38,Colonia,Col. Miguelete,Asc. Civil Por-Bienestar Social De La Tercera Edad,Jose Pedro Varela S/N,Jose Pedro Varela,S/N,,,45752145 / 45752509,,,,,
MIDES-039,ELP-0138,mides_certificado_social,Establecimientos con Certificado Social publicados por MIDES,2026-01-12,https://www.gub.uy/ministerio-desarrollo-social/etiqueta/otros/colonia-establecimientos-larga-estadia-para-personas-mayores-certificado-social,Páginas departamentales MIDES,39,Colonia,Colonia,Mis Soles,Intendente Suárez 167,Intendente Suárez,167,,,98312892,,,,,
MIDES-040,ELP-0135,mides_certificado_social,Establecimientos con Certificado Social publicados por MIDES,2026-01-12,https://www.gub.uy/ministerio-desarrollo-social/etiqueta/otros/colonia-establecimientos-larga-estadia-para-personas-mayores-certificado-social,Páginas departamentales MIDES,40,Colonia,Valdense,Mi Hogarcito,25 de agosto 809,25 de agosto,809,,,45589748,,,,,
MIDES-041,ELP-0149,mides_certificado_social,Establecimientos con Certificado Social publicados por MIDES,2024-07-15,https://www.gub.uy/ministerio-desarrollo-social/etiqueta/otros/durazno-establecimientos-larga-estadia-para-personas-mayores-certificado-social,Páginas departamentales MIDES,41,Durazno,Durazno,Comision Pro Ayuda Al Anciano De Durazno,Maciel 630,Maciel,630,,,43625499,,,,,
MIDES-042,ELP-0165,mides_certificado_social,Establecimientos con Certificado Social publicados por MIDES,2024-07-15,https://www.gub.uy/ministerio-desarrollo-social/etiqueta/otros/durazno-establecimientos-larga-estadia-para-personas-mayores-certificado-social,Páginas departamentales MIDES,42,Durazno,Durazno,Tea Garden 2,Dr.Emilio Penza 951,Dr.Emilio Penza,951,,,98000667,,,,,
MIDES-043,ELP-0150,mides_certificado_social,Establecimientos con Certificado Social publicados por MIDES,2024-07-15,https://www.gub.uy/ministerio-desarrollo-social/etiqueta/otros/durazno-establecimientos-larga-estadia-para-personas-mayores-certificado-social,Páginas departamentales MIDES,43,Durazno,Durazno,Green House,Batalla De Las Piedras 232,Batalla De Las Piedras,232,,,43622724,,,,,
MIDES-044,ELP-0152,mides_certificado_social,Establecimientos con Certificado Social publicados por MIDES,2024-07-15,https://www.gub.uy/ministerio-desarrollo-social/etiqueta/otros/durazno-establecimientos-larga-estadia-para-personas-mayores-certificado-social,Páginas departamentales MIDES,44,Durazno,Durazno,Hostal La Vida Es Bella,Luis alberto de herrera 1118,Luis alberto de herrera,1118,,,43620863,,,,,
MIDES-045,ELP-0167,mides_certificado_social,Establecimientos con Certificado Social publicados por MIDES,2024-07-15,https://www.gub.uy/ministerio-desarrollo-social/etiqueta/otros/flores-establecimientos-larga-estadia-para-personas-mayores-certificado-social,Páginas departamentales MIDES,45,Flores,Trinidad,Hogar Cipriano Goñi (Asse),Manuel Irazabal S/N,Manuel Irazabal,S/N,,,43644202,,,,,
MIDES-046,ELP-0174,mides_certificado_social,Establecimientos con Certificado Social publicados por MIDES,2024-07-15,https://www.gub.uy/ministerio-desarrollo-social/etiqueta/otros/flores-establecimientos-larga-estadia-para-personas-mayores-certificado-social,Páginas departamentales MIDES,46,Flores,Trinidad,Wana,Santisima Trinidad 643,Santisima Trinidad,643,,,43851343,,,,,
MIDES-047,ELP-0181,mides_certificado_social,Establecimientos con Certificado Social publicados por MIDES,2024-07-15,https://www.gub.uy/ministerio-desarrollo-social/etiqueta/otros/florida-establecimientos-larga-estadia-para-personas-mayores-certificado-social,Páginas departamentales MIDES,47,Florida,Florida,Hogar De Ancianos De Florida,Faustino Harrison Esq. Timoteo Aparicio S/N,Faustino Harrison Esq. Timoteo Aparicio,S/N,,,43522515,,,,,
MIDES-048,ELP-0186,mides_certificado_social,Establecimientos con Certificado Social publicados por MIDES,2024-07-15,https://www.gub.uy/ministerio-desarrollo-social/etiqueta/otros/florida-establecimientos-larga-estadia-para-personas-mayores-certificado-social,Páginas departamentales MIDES,48,Florida,Florida,Las Hortensias,Barreiro 517,Barreiro,517,,,094816106,,,,,
MIDES-049,ELP-0185,mides_certificado_social,Establecimientos con Certificado Social publicados por MIDES,2024-07-15,https://www.gub.uy/ministerio-desarrollo-social/etiqueta/otros/florida-establecimientos-larga-estadia-para-personas-mayores-certificado-social,Páginas departamentales MIDES,49,Florida,Florida,Hotel Residencial Los Olivos,Rivera 266,Rivera,266,,,43522913,,,,,
MIDES-050,ELP-0181,mides_certificado_social,Establecimientos con Certificado Social publicados por MIDES,2024-07-15,https://www.gub.uy/ministerio-desarrollo-social/etiqueta/otros/florida-establecimientos-larga-estadia-para-personas-mayores-certificado-social,Páginas departamentales MIDES,50,Florida,Sarandí Grande,Hogar Dr. Alfredo Sanjuan,Faustino Harrison S/N,Faustino Harrison,S/N,,,43549578,,,,,
MIDES-051,ELP-0188,mides_certificado_social,Establecimientos con Certificado Social publicados por MIDES,2024-07-15,https://www.gub.uy/ministerio-desarrollo-social/etiqueta/otros/florida-establecimientos-larga-estadia-para-personas-mayores-certificado-social,Páginas departamentales MIDES,51,Florida,Sarandí Grande,Los Tulipanes,Aida Garat de Bidondo 862,Aida Garat de Bidondo,862,,,095383216,,,,,
MIDES-052,ELP-0198,mides_certificado_social,Establecimientos con Certificado Social publicados por MIDES,2026-01-12,https://www.gub.uy/ministerio-desarrollo-social/etiqueta/otros/lavalleja-establecimientos-larga-estadia-para-personas-mayores-certificado-social,Páginas departamentales MIDES,52,Lavalleja,Minas,Cristal,Ituzaingó 436,Ituzaingó,436,,,44420524,,,,,
MIDES-053,ELP-0201,mides_certificado_social,Establecimientos con Certificado Social publicados por MIDES,2026-01-12,https://www.gub.uy/ministerio-desarrollo-social/etiqueta/otros/lavalleja-establecimientos-larga-estadia-para-personas-mayores-certificado-social,Páginas departamentales MIDES,53,Lavalleja,José Pedro Varela,Institución Pro Bienestar Social Del Anciano De José Pedro Varela,Uruguay S/N,Uruguay,S/N,,,44559102 / 44559799,,,,,
MIDES-054,ELP-0215,mides_certificado_social,Establecimientos con Certificado Social publicados por MIDES,2024-07-15,https://www.gub.uy/ministerio-desarrollo-social/etiqueta/otros/maldonado-establecimientos-larga-estadia-para-personas-mayores-certificado-social,Páginas departamentales MIDES,54,Maldonado,Maldonado,El Porvenir,25 De Mayo 875,25 De Mayo,875,,,42247960,,,,,
MIDES-055,ELP-0234,mides_certificado_social,Establecimientos con Certificado Social publicados por MIDES,2024-07-15,https://www.gub.uy/ministerio-desarrollo-social/etiqueta/otros/maldonado-establecimientos-larga-estadia-para-personas-mayores-certificado-social,Páginas departamentales MIDES,55,Maldonado,Maldonado,Los Juncos,6 De Julio 1784,6 De Julio,1784,,,42269878 / 092191647,,,,,
MIDES-056,ELP-0220,mides_certificado_social,Establecimientos con Certificado Social publicados por MIDES,2024-07-15,https://www.gub.uy/ministerio-desarrollo-social/etiqueta/otros/maldonado-establecimientos-larga-estadia-para-personas-mayores-certificado-social,Páginas departamentales MIDES,56,Maldonado,San Carlos,Hogar De Ancianos Ecilda Cardozo,25 De Agosto 773,25 De Agosto,773,,,42668513,,,,,
MIDES-057,ELP-0236,mides_certificado_social,Establecimientos con Certificado Social publicados por MIDES,2024-07-15,https://www.gub.uy/ministerio-desarrollo-social/etiqueta/otros/maldonado-establecimientos-larga-estadia-para-personas-mayores-certificado-social,Páginas departamentales MIDES,57,Maldonado,San carlos,Los Paraisos,4 de octubre 962,4 de octubre,962,,,42662810,,,,,
MIDES-058,ELP-0222,mides_certificado_social,Establecimientos con Certificado Social publicados por MIDES,2024-07-15,https://www.gub.uy/ministerio-desarrollo-social/etiqueta/otros/maldonado-establecimientos-larga-estadia-para-personas-mayores-certificado-social,Páginas departamentales MIDES,58,Maldonado,Pan De Azucar,Hogar Q.F. Eva Gonzalez,Ruta 93 Km92,Ruta 93,Km92,,,44347474,,,,,
MIDES-059,ELP-0240,mides_certificado_social,Establecimientos con Certificado Social publicados por MIDES,2024-07-15,https://www.gub.uy/ministerio-desarrollo-social/etiqueta/otros/maldonado-establecimientos-larga-estadia-para-personas-mayores-certificado-social,Páginas departamentales MIDES,59,Maldonado,Pan De Azucar,Renacer,Ceibal 404,Ceibal,404,,,44349594,,,,,
MIDES-060,ELP-0230,mides_certificado_social,Establecimientos con Certificado Social publicados por MIDES,2024-07-15,https://www.gub.uy/ministerio-desarrollo-social/etiqueta/otros/maldonado-establecimientos-larga-estadia-para-personas-mayores-certificado-social,Páginas departamentales MIDES,60,Maldonado,Punta Del Este,Las Lavandas,Paso De La Cadena S/N,Paso De La Cadena,S/N,,,42480339,,,,,
MIDES-061,ELP-0232,mides_certificado_social,Establecimientos con Certificado Social publicados por MIDES,2024-07-15,https://www.gub.uy/ministerio-desarrollo-social/etiqueta/otros/maldonado-establecimientos-larga-estadia-para-personas-mayores-certificado-social,Páginas departamentales MIDES,61,Maldonado,Punta Del Este,Los Alamos,Calle Pedragosa Sierra Esq. Bilbao S/N,Calle Pedragosa Sierra Esq. Bilbao,S/N,,,42481758,,,,,
MIDES-062,ELP-0227,mides_certificado_social,Establecimientos con Certificado Social publicados por MIDES,2024-07-15,https://www.gub.uy/ministerio-desarrollo-social/etiqueta/otros/maldonado-establecimientos-larga-estadia-para-personas-mayores-certificado-social,Páginas departamentales MIDES,62,Maldonado,Punta Ballena,La Tregua,Camino Los Camalotes S/N,Camino Los Camalotes,S/N,,,42577513 / 095321855,,,,,
MIDES-063,ELP-0419,mides_certificado_social,Establecimientos con Certificado Social publicados por MIDES,2024-07-15,https://www.gub.uy/ministerio-desarrollo-social/etiqueta/otros/montevideo-establecimientos-larga-estadia-para-personas-mayores-certificado-social,Páginas departamentales MIDES,63,Montevideo,Montevideo,Happy life,Av. 8 De Octubre 3205,Av. 8 De Octubre,3205,,,24807940,,,,,
MIDES-064,ELP-0471,mides_certificado_social,Establecimientos con Certificado Social publicados por MIDES,2024-07-15,https://www.gub.uy/ministerio-desarrollo-social/etiqueta/otros/montevideo-establecimientos-larga-estadia-para-personas-mayores-certificado-social,Páginas departamentales MIDES,64,Montevideo,Montevideo,La Rosaleda (Mediterráneo Salud),Av. Agraciada 3157,Av. Agraciada,3157,,,22092175,,,,,
MIDES-065,ELP-0378,mides_certificado_social,Establecimientos con Certificado Social publicados por MIDES,2024-07-15,https://www.gub.uy/ministerio-desarrollo-social/etiqueta/otros/montevideo-establecimientos-larga-estadia-para-personas-mayores-certificado-social,Páginas departamentales MIDES,65,Montevideo,Montevideo,Dos Soles,Dr. Augusto Turenne 3322,Dr. Augusto Turenne,3322,,,24812120,,,,,
MIDES-066,ELP-0533,mides_certificado_social,Establecimientos con Certificado Social publicados por MIDES,2024-07-15,https://www.gub.uy/ministerio-desarrollo-social/etiqueta/otros/montevideo-establecimientos-larga-estadia-para-personas-mayores-certificado-social,Páginas departamentales MIDES,66,Montevideo,Montevideo,Miguel Ángel,Bv. Jose Batlle Y Ordoñez 5781,Bv. Jose Batlle Y Ordoñez,5781,,,23587957,,,,,
MIDES-067,ELP-0536,mides_certificado_social,Establecimientos con Certificado Social publicados por MIDES,2024-07-15,https://www.gub.uy/ministerio-desarrollo-social/etiqueta/otros/montevideo-establecimientos-larga-estadia-para-personas-mayores-certificado-social,Páginas departamentales MIDES,67,Montevideo,Montevideo,Mis Nietos,Bv. Artigas 4251,Bv. Artigas,4251,,,22086959,,,,,
MIDES-068,ELP-0491,mides_certificado_social,Establecimientos con Certificado Social publicados por MIDES,2024-07-15,https://www.gub.uy/ministerio-desarrollo-social/etiqueta/otros/montevideo-establecimientos-larga-estadia-para-personas-mayores-certificado-social,Páginas departamentales MIDES,68,Montevideo,Montevideo,Las Julietas,Cno. Maldonado 4969,Cno. Maldonado,4969,,,25119581,,,,,
MIDES-069,ELP-0545,mides_certificado_social,Establecimientos con Certificado Social publicados por MIDES,2024-07-15,https://www.gub.uy/ministerio-desarrollo-social/etiqueta/otros/montevideo-establecimientos-larga-estadia-para-personas-mayores-certificado-social,Páginas departamentales MIDES,69,Montevideo,Montevideo,Nuestro Hogar,Bv. Artigas 1148,Bv. Artigas,1148,,,27097647,,,,,
MIDES-070,ELP-0480,mides_certificado_social,Establecimientos con Certificado Social publicados por MIDES,2024-07-15,https://www.gub.uy/ministerio-desarrollo-social/etiqueta/otros/montevideo-establecimientos-larga-estadia-para-personas-mayores-certificado-social,Páginas departamentales MIDES,70,Montevideo,Montevideo,Las Brisas,Colonia 2179/2183,Colonia,2179/2183,,,24012833,,,,,
MIDES-071,ELP-0435,mides_certificado_social,Establecimientos con Certificado Social publicados por MIDES,2024-07-15,https://www.gub.uy/ministerio-desarrollo-social/etiqueta/otros/montevideo-establecimientos-larga-estadia-para-personas-mayores-certificado-social,Páginas departamentales MIDES,71,Montevideo,Montevideo,Hogar Israelita,Burgues 3194,Burgues,3194,,,22090836,,,,,
MIDES-072,ELP-0438,mides_certificado_social,Establecimientos con Certificado Social publicados por MIDES,2024-07-15,https://www.gub.uy/ministerio-desarrollo-social/etiqueta/otros/montevideo-establecimientos-larga-estadia-para-personas-mayores-certificado-social,Páginas departamentales MIDES,72,Montevideo,Montevideo,Hogar La Toscana,Av. Centenario 3076,Av. Centenario,3076,,,24803348,,,,,
MIDES-073,ELP-0558,mides_certificado_social,Establecimientos con Certificado Social publicados por MIDES,2024-07-15,https://www.gub.uy/ministerio-desarrollo-social/etiqueta/otros/montevideo-establecimientos-larga-estadia-para-personas-mayores-certificado-social,Páginas departamentales MIDES,73,Montevideo,Montevideo,Residencial Parquesol,Av. Americo Ricaldoni 1672,Av. Americo Ricaldoni,1672,,,26228333,,,,,
MIDES-074,ELP-0522,mides_certificado_social,Establecimientos con Certificado Social publicados por MIDES,2024-07-15,https://www.gub.uy/ministerio-desarrollo-social/etiqueta/otros/montevideo-establecimientos-larga-estadia-para-personas-mayores-certificado-social,Páginas departamentales MIDES,74,Montevideo,Montevideo,Mariana,Gaboto 1323,Gaboto,1323,,,24010884,,,,,
MIDES-075,ELP-0563,mides_certificado_social,Establecimientos con Certificado Social publicados por MIDES,2024-07-15,https://www.gub.uy/ministerio-desarrollo-social/etiqueta/otros/montevideo-establecimientos-larga-estadia-para-personas-mayores-certificado-social,Páginas departamentales MIDES,75,Montevideo,Montevideo,Red Bienestar,Av. Gral. Rivera 4589,Av. Gral. Rivera,4589,,,26193342,,,,,
MIDES-076,ELP-0445,mides_certificado_social,Establecimientos con Certificado Social publicados por MIDES,2024-07-15,https://www.gub.uy/ministerio-desarrollo-social/etiqueta/otros/montevideo-establecimientos-larga-estadia-para-personas-mayores-certificado-social,Páginas departamentales MIDES,76,Montevideo,Montevideo,Hogar Nazareth,Campisteguy 2985,Campisteguy,2985,,,23561100 / 096715299 /22087803,,,,,
MIDES-077,ELP-0436,mides_certificado_social,Establecimientos con Certificado Social publicados por MIDES,2024-07-15,https://www.gub.uy/ministerio-desarrollo-social/etiqueta/otros/montevideo-establecimientos-larga-estadia-para-personas-mayores-certificado-social,Páginas departamentales MIDES,77,Montevideo,Montevideo,Hogar Italiano,Paysandú 1935,Paysandú,1935,,,24018609,,,,,
MIDES-078,ELP-0661,mides_certificado_social,Establecimientos con Certificado Social publicados por MIDES,2024-07-15,https://www.gub.uy/ministerio-desarrollo-social/etiqueta/otros/montevideo-establecimientos-larga-estadia-para-personas-mayores-certificado-social,Páginas departamentales MIDES,78,Montevideo,Montevideo,Villa Amanda,Santa Lucia 4175,Santa Lucia,4175,,,23045477,,,,,
MIDES-079,ELP-0413,mides_certificado_social,Establecimientos con Certificado Social publicados por MIDES,2024-07-15,https://www.gub.uy/ministerio-desarrollo-social/etiqueta/otros/montevideo-establecimientos-larga-estadia-para-personas-mayores-certificado-social,Páginas departamentales MIDES,79,Montevideo,Montevideo,Gerardo S.R.L.,Uruguayana 3222,Uruguayana,3222,,,22031222,,,,,
MIDES-080,ELP-0456,mides_certificado_social,Establecimientos con Certificado Social publicados por MIDES,2024-07-15,https://www.gub.uy/ministerio-desarrollo-social/etiqueta/otros/montevideo-establecimientos-larga-estadia-para-personas-mayores-certificado-social,Páginas departamentales MIDES,80,Montevideo,Montevideo,Juan XXIII,Dr. Pablo De Maria 1184,Dr. Pablo De Maria,1184,,,24022679,,,,,
MIDES-081,ELP-0447,mides_certificado_social,Establecimientos con Certificado Social publicados por MIDES,2024-07-15,https://www.gub.uy/ministerio-desarrollo-social/etiqueta/otros/montevideo-establecimientos-larga-estadia-para-personas-mayores-certificado-social,Páginas departamentales MIDES,81,Montevideo,Montevideo,Hogar Siena,Libertad 2840,Libertad,2840,,,27078650 / 27092867,,,,,
MIDES-082,ELP-0462,mides_certificado_social,Establecimientos con Certificado Social publicados por MIDES,2024-07-15,https://www.gub.uy/ministerio-desarrollo-social/etiqueta/otros/montevideo-establecimientos-larga-estadia-para-personas-mayores-certificado-social,Páginas departamentales MIDES,82,Montevideo,Montevideo,La Casa de Lea,Av. Damaso Antonio Larrañaga 3228,Av. Damaso Antonio Larrañaga,3228,,,24807806,,,,,
MIDES-083,ELP-0676,mides_certificado_social,Establecimientos con Certificado Social publicados por MIDES,2024-07-15,https://www.gub.uy/ministerio-desarrollo-social/etiqueta/otros/montevideo-establecimientos-larga-estadia-para-personas-mayores-certificado-social,Páginas departamentales MIDES,83,Montevideo,Montevideo,San Jorge,Av. Gral. Rivera 2520,Av. Gral. Rivera,2520,,,27072432,,,,,
MIDES-084,ELP-0652,mides_certificado_social,Establecimientos con Certificado Social publicados por MIDES,2024-07-15,https://www.gub.uy/ministerio-desarrollo-social/etiqueta/otros/montevideo-establecimientos-larga-estadia-para-personas-mayores-certificado-social,Páginas departamentales MIDES,84,Montevideo,Montevideo,Sweet Home,Av. Juan Bautista Alberdi 6250,Av. Juan Bautista Alberdi,6250,,,26004352,,,,,
MIDES-085,ELP-0642,mides_certificado_social,Establecimientos con Certificado Social publicados por MIDES,2024-07-15,https://www.gub.uy/ministerio-desarrollo-social/etiqueta/otros/montevideo-establecimientos-larga-estadia-para-personas-mayores-certificado-social,Páginas departamentales MIDES,85,Montevideo,Montevideo,San Diego,Fiol De Pereda 1421,Fiol De Pereda,1421,,,22044556,,,,,
MIDES-086,ELP-0484,mides_certificado_social,Establecimientos con Certificado Social publicados por MIDES,2024-07-15,https://www.gub.uy/ministerio-desarrollo-social/etiqueta/otros/montevideo-establecimientos-larga-estadia-para-personas-mayores-certificado-social,Páginas departamentales MIDES,86,Montevideo,Montevideo,Las Dos Hermanas,Pernas 2565/2571,Pernas,2565/2571,,,25087300,,,,,
MIDES-087,ELP-0605,mides_certificado_social,Establecimientos con Certificado Social publicados por MIDES,2024-07-15,https://www.gub.uy/ministerio-desarrollo-social/etiqueta/otros/montevideo-establecimientos-larga-estadia-para-personas-mayores-certificado-social,Páginas departamentales MIDES,87,Montevideo,Montevideo,Setiembre,Cassinoni 1285,Cassinoni,1285,,,24019729,,,,,
MIDES-088,ELP-0555,mides_certificado_social,Establecimientos con Certificado Social publicados por MIDES,2024-07-15,https://www.gub.uy/ministerio-desarrollo-social/etiqueta/otros/montevideo-establecimientos-larga-estadia-para-personas-mayores-certificado-social,Páginas departamentales MIDES,88,Montevideo,Montevideo,Palas Atenea (Pocitos),Bv. España 2488,Bv. España,2488,,,27120590,,,,,
MIDES-089,ELP-0422,mides_certificado_social,Establecimientos con Certificado Social publicados por MIDES,2024-07-15,https://www.gub.uy/ministerio-desarrollo-social/etiqueta/otros/montevideo-establecimientos-larga-estadia-para-personas-mayores-certificado-social,Páginas departamentales MIDES,89,Montevideo,Montevideo,Higea,Marco Bruto 1264,Marco Bruto,1264,,,26281266,,,,,
MIDES-090,ELP-0494,mides_certificado_social,Establecimientos con Certificado Social publicados por MIDES,2024-07-15,https://www.gub.uy/ministerio-desarrollo-social/etiqueta/otros/montevideo-establecimientos-larga-estadia-para-personas-mayores-certificado-social,Páginas departamentales MIDES,90,Montevideo,Montevideo,Las Reinas,Juan Carlos Blanco 3323,Juan Carlos Blanco,3323,,,23033883,,,,,
MIDES-091,ELP-0481,mides_certificado_social,Establecimientos con Certificado Social publicados por MIDES,2024-07-15,https://www.gub.uy/ministerio-desarrollo-social/etiqueta/otros/montevideo-establecimientos-larga-estadia-para-personas-mayores-certificado-social,Páginas departamentales MIDES,91,Montevideo,Montevideo,Las Calas,Coimbra 5854,Coimbra,5854,,,26061810,,,,,
MIDES-092,ELP-0646,mides_certificado_social,Establecimientos con Certificado Social publicados por MIDES,2024-07-15,https://www.gub.uy/ministerio-desarrollo-social/etiqueta/otros/montevideo-establecimientos-larga-estadia-para-personas-mayores-certificado-social,Páginas departamentales MIDES,92,Montevideo,Montevideo,Segunda Juventud I,Marcelino Sosa 2409,Marcelino Sosa,2409,,,22027111,,,,,
MIDES-093,ELP-0330,mides_certificado_social,Establecimientos con Certificado Social publicados por MIDES,2024-07-15,https://www.gub.uy/ministerio-desarrollo-social/etiqueta/otros/montevideo-establecimientos-larga-estadia-para-personas-mayores-certificado-social,Páginas departamentales MIDES,93,Montevideo,Montevideo,Casa Del Sol,Av. Damaso Antonio Larrañaga 4104,Av. Damaso Antonio Larrañaga,4104,,,25095533,,,,,
MIDES-094,ELP-0478,mides_certificado_social,Establecimientos con Certificado Social publicados por MIDES,2024-07-15,https://www.gub.uy/ministerio-desarrollo-social/etiqueta/otros/montevideo-establecimientos-larga-estadia-para-personas-mayores-certificado-social,Páginas departamentales MIDES,94,Montevideo,Montevideo,Las Gardenias I,Caramurú 5812,Caramurú,5812,,,26002457,,,,,
MIDES-095,ELP-0651,mides_certificado_social,Establecimientos con Certificado Social publicados por MIDES,2024-07-15,https://www.gub.uy/ministerio-desarrollo-social/etiqueta/otros/montevideo-establecimientos-larga-estadia-para-personas-mayores-certificado-social,Páginas departamentales MIDES,95,Montevideo,Montevideo,Sueño De Hogar,Av. Gral. San Martin 3020,Av. Gral. San Martin,3020,,,22025781,,,,,
MIDES-096,ELP-0374,mides_certificado_social,Establecimientos con Certificado Social publicados por MIDES,2024-07-15,https://www.gub.uy/ministerio-desarrollo-social/etiqueta/otros/montevideo-establecimientos-larga-estadia-para-personas-mayores-certificado-social,Páginas departamentales MIDES,96,Montevideo,Montevideo,Doña María,Humachiri 4126,Humachiri,4126,,,25067962,,,,,
MIDES-097,ELP-0510,mides_certificado_social,Establecimientos con Certificado Social publicados por MIDES,2024-07-15,https://www.gub.uy/ministerio-desarrollo-social/etiqueta/otros/montevideo-establecimientos-larga-estadia-para-personas-mayores-certificado-social,Páginas departamentales MIDES,97,Montevideo,Montevideo,Los Nonos,Francisco Canaro 2290,Francisco Canaro,2290,,,24086831,,,,,
MIDES-098,ELP-0342,mides_certificado_social,Establecimientos con Certificado Social publicados por MIDES,2024-07-15,https://www.gub.uy/ministerio-desarrollo-social/etiqueta/otros/montevideo-establecimientos-larga-estadia-para-personas-mayores-certificado-social,Páginas departamentales MIDES,98,Montevideo,Montevideo,Cecilia,Fray Bentos 3689,Fray Bentos,3689,,,25087835,,,,,
MIDES-099,ELP-0397,mides_certificado_social,Establecimientos con Certificado Social publicados por MIDES,2024-07-15,https://www.gub.uy/ministerio-desarrollo-social/etiqueta/otros/montevideo-establecimientos-larga-estadia-para-personas-mayores-certificado-social,Páginas departamentales MIDES,99,Montevideo,Montevideo,Erika,Arismendi 1425,Arismendi,1425,,,24033651,,,,,
MIDES-100,ELP-0653,mides_certificado_social,Establecimientos con Certificado Social publicados por MIDES,2024-07-15,https://www.gub.uy/ministerio-desarrollo-social/etiqueta/otros/montevideo-establecimientos-larga-estadia-para-personas-mayores-certificado-social,Páginas departamentales MIDES,100,Montevideo,Montevideo,Tata Luis Y Doña Lola II,Mercedes 1570/1572,Mercedes,1570/1572,,,24097422,,,,,
MIDES-101,ELP-0655,mides_certificado_social,Establecimientos con Certificado Social publicados por MIDES,2024-07-15,https://www.gub.uy/ministerio-desarrollo-social/etiqueta/otros/montevideo-establecimientos-larga-estadia-para-personas-mayores-certificado-social,Páginas departamentales MIDES,101,Montevideo,Montevideo,Terra Nostra,Pedro Cosio 2451,Pedro Cosio,2451,,,25261891 / 09255118,,,,,
MIDES-102,ELP-0488,mides_certificado_social,Establecimientos con Certificado Social publicados por MIDES,2024-07-15,https://www.gub.uy/ministerio-desarrollo-social/etiqueta/otros/montevideo-establecimientos-larga-estadia-para-personas-mayores-certificado-social,Páginas departamentales MIDES,102,Montevideo,Montevideo,Las Gardenias II,Mariano Uriarte 6383,Mariano Uriarte,6383,,,26059543,,,,,
MIDES-103,ELP-0346,mides_certificado_social,Establecimientos con Certificado Social publicados por MIDES,2024-07-15,https://www.gub.uy/ministerio-desarrollo-social/etiqueta/otros/montevideo-establecimientos-larga-estadia-para-personas-mayores-certificado-social,Páginas departamentales MIDES,103,Montevideo,Montevideo,Centro Del Adulto Mayor Agraciada (Clamerica SA),Av. Agraciada 3373,Av. Agraciada,3373,,,23000080,,,,,
MIDES-104,ELP-0537,mides_certificado_social,Establecimientos con Certificado Social publicados por MIDES,2024-07-15,https://www.gub.uy/ministerio-desarrollo-social/etiqueta/otros/montevideo-establecimientos-larga-estadia-para-personas-mayores-certificado-social,Páginas departamentales MIDES,104,Montevideo,Montevideo,Mon Etoile,Av. Gral. San Martin 3437,Av. Gral. San Martin,3437,,,22060019,,,,,
MIDES-105,ELP-0317,mides_certificado_social,Establecimientos con Certificado Social publicados por MIDES,2024-07-15,https://www.gub.uy/ministerio-desarrollo-social/etiqueta/otros/montevideo-establecimientos-larga-estadia-para-personas-mayores-certificado-social,Páginas departamentales MIDES,105,Montevideo,Montevideo,Bellos Años,Av. Dr. Luis Alberto De Herrera 3159,Av. Dr. Luis Alberto De Herrera,3159,,,24814286,,,,,
MIDES-106,ELP-0449,mides_certificado_social,Establecimientos con Certificado Social publicados por MIDES,2024-07-15,https://www.gub.uy/ministerio-desarrollo-social/etiqueta/otros/montevideo-establecimientos-larga-estadia-para-personas-mayores-certificado-social,Páginas departamentales MIDES,106,Montevideo,Montevideo,Hotel Residencial Lafayette,Soriano 1170,Soriano,1170,,,29024646,,,,,
MIDES-107,ELP-0280,mides_certificado_social,Establecimientos con Certificado Social publicados por MIDES,2024-07-15,https://www.gub.uy/ministerio-desarrollo-social/etiqueta/otros/montevideo-establecimientos-larga-estadia-para-personas-mayores-certificado-social,Páginas departamentales MIDES,107,Montevideo,Montevideo,Aguas De Reposo,Av. Italia 6527,Av. Italia,6527,,,26040203,,,,,
MIDES-108,ELP-0546,mides_certificado_social,Establecimientos con Certificado Social publicados por MIDES,2024-07-15,https://www.gub.uy/ministerio-desarrollo-social/etiqueta/otros/montevideo-establecimientos-larga-estadia-para-personas-mayores-certificado-social,Páginas departamentales MIDES,108,Montevideo,Montevideo,Nuestro Hogar,Martin C. Martinez 1832,Martin C. Martinez,1832,,,24095976,,,,,
MIDES-109,ELP-0296,mides_certificado_social,Establecimientos con Certificado Social publicados por MIDES,2024-07-15,https://www.gub.uy/ministerio-desarrollo-social/etiqueta/otros/montevideo-establecimientos-larga-estadia-para-personas-mayores-certificado-social,Páginas departamentales MIDES,109,Montevideo,Montevideo,Altos Del Parque,Av. Americo Ricaldoni 1748,Av. Americo Ricaldoni,1748,,,26231229,,,,,
MIDES-110,ELP-0347,mides_certificado_social,Establecimientos con Certificado Social publicados por MIDES,2024-07-15,https://www.gub.uy/ministerio-desarrollo-social/etiqueta/otros/montevideo-establecimientos-larga-estadia-para-personas-mayores-certificado-social,Páginas departamentales MIDES,110,Montevideo,Montevideo,Centro Del Adulto Mayor Central,Bv. España 2526,Bv. España,2526,,,27095211,,,,,
MIDES-111,ELP-0451,mides_certificado_social,Establecimientos con Certificado Social publicados por MIDES,2024-07-15,https://www.gub.uy/ministerio-desarrollo-social/etiqueta/otros/montevideo-establecimientos-larga-estadia-para-personas-mayores-certificado-social,Páginas departamentales MIDES,111,Montevideo,Montevideo,Irigoitia,Av. Dr. Juan Carlos Blanco 3485,Av. Dr. Juan Carlos Blanco,3485,,,23364530,,,,,
MIDES-112,ELP-0337,mides_certificado_social,Establecimientos con Certificado Social publicados por MIDES,2024-07-15,https://www.gub.uy/ministerio-desarrollo-social/etiqueta/otros/montevideo-establecimientos-larga-estadia-para-personas-mayores-certificado-social,Páginas departamentales MIDES,112,Montevideo,Montevideo,Casa Tranquila,Av. Americo Ricaldoni 2876,Av. Americo Ricaldoni,2876,,,92245094,,,,,
MIDES-113,ELP-0501,mides_certificado_social,Establecimientos con Certificado Social publicados por MIDES,2024-07-15,https://www.gub.uy/ministerio-desarrollo-social/etiqueta/otros/montevideo-establecimientos-larga-estadia-para-personas-mayores-certificado-social,Páginas departamentales MIDES,113,Montevideo,Montevideo,Les Jardins,Av. Italia 5910,Av. Italia,5910,,,26058818 / 096414185,,,,,
MIDES-114,ELP-0660,mides_certificado_social,Establecimientos con Certificado Social publicados por MIDES,2024-07-15,https://www.gub.uy/ministerio-desarrollo-social/etiqueta/otros/montevideo-establecimientos-larga-estadia-para-personas-mayores-certificado-social,Páginas departamentales MIDES,114,Montevideo,Montevideo,Vilcabamba Harwood,Av. Almirante Harwood 6214,Av. Almirante Harwood,6214,,,26000263,,,,,
MIDES-115,ELP-0507,mides_certificado_social,Establecimientos con Certificado Social publicados por MIDES,2024-07-15,https://www.gub.uy/ministerio-desarrollo-social/etiqueta/otros/montevideo-establecimientos-larga-estadia-para-personas-mayores-certificado-social,Páginas departamentales MIDES,115,Montevideo,Montevideo,Los Alpes,Av. Daniel Fernandez Crespo 1776,Av. Daniel Fernandez Crespo,1776,,,24000596,,,,,
MIDES-116,ELP-0506,mides_certificado_social,Establecimientos con Certificado Social publicados por MIDES,2024-07-15,https://www.gub.uy/ministerio-desarrollo-social/etiqueta/otros/montevideo-establecimientos-larga-estadia-para-personas-mayores-certificado-social,Páginas departamentales MIDES,116,Montevideo,Montevideo,London House Residencia Rambla,Rambla Tomas Berreta 6885,Rambla Tomas Berreta,6885,,,26060748,,,,,
MIDES-117,ELP-0407,mides_certificado_social,Establecimientos con Certificado Social publicados por MIDES,2024-07-15,https://www.gub.uy/ministerio-desarrollo-social/etiqueta/otros/montevideo-establecimientos-larga-estadia-para-personas-mayores-certificado-social,Páginas departamentales MIDES,117,Montevideo,Montevideo,French House Residencia Arkadia,Dr. Celedonio Nin Y Silva 2358,Dr. Celedonio Nin Y Silva,2358,,,26058624,,,,,
MIDES-118,ELP-0364,mides_certificado_social,Establecimientos con Certificado Social publicados por MIDES,2024-07-15,https://www.gub.uy/ministerio-desarrollo-social/etiqueta/otros/montevideo-establecimientos-larga-estadia-para-personas-mayores-certificado-social,Páginas departamentales MIDES,118,Montevideo,Montevideo,Las Cuatro Estaciones,Republica Del Salvador 2968,Republica Del Salvador,2968,,,24879453,,,,,
MIDES-119,ELP-0552,mides_certificado_social,Establecimientos con Certificado Social publicados por MIDES,2024-07-15,https://www.gub.uy/ministerio-desarrollo-social/etiqueta/otros/montevideo-establecimientos-larga-estadia-para-personas-mayores-certificado-social,Páginas departamentales MIDES,119,Montevideo,Montevideo,Old Trafford,Jaime Cibils 2824 Bis,Jaime Cibils,2824 Bis,,,24830605,,,,,
MIDES-120,ELP-0502,mides_certificado_social,Establecimientos con Certificado Social publicados por MIDES,2024-07-15,https://www.gub.uy/ministerio-desarrollo-social/etiqueta/otros/montevideo-establecimientos-larga-estadia-para-personas-mayores-certificado-social,Páginas departamentales MIDES,120,Montevideo,Montevideo,Les Sens,Av. Italia 6509,Av. Italia,6509,,,93573260 / 26017957,,,,,
MIDES-121,ELP-0390,mides_certificado_social,Establecimientos con Certificado Social publicados por MIDES,2024-07-15,https://www.gub.uy/ministerio-desarrollo-social/etiqueta/otros/montevideo-establecimientos-larga-estadia-para-personas-mayores-certificado-social,Páginas departamentales MIDES,121,Montevideo,Montevideo,El Remanso,Jaime Cibils 2848,Jaime Cibils,2848,,,24872181,,,,,
MIDES-122,ELP-0656,mides_certificado_social,Establecimientos con Certificado Social publicados por MIDES,2024-07-15,https://www.gub.uy/ministerio-desarrollo-social/etiqueta/otros/montevideo-establecimientos-larga-estadia-para-personas-mayores-certificado-social,Páginas departamentales MIDES,122,Montevideo,Montevideo,Umpierrez,Juan Manuel Blanes 1274,Juan Manuel Blanes,1274,,,24012306,,,,,
MIDES-123,ELP-0461,mides_certificado_social,Establecimientos con Certificado Social publicados por MIDES,2024-07-15,https://www.gub.uy/ministerio-desarrollo-social/etiqueta/otros/montevideo-establecimientos-larga-estadia-para-personas-mayores-certificado-social,Páginas departamentales MIDES,123,Montevideo,Montevideo,La Belle Epoque II,Marco Bruto 1213,Marco Bruto,1213,,,26231056,,,,,
MIDES-124,ELP-0376,mides_certificado_social,Establecimientos con Certificado Social publicados por MIDES,2024-07-15,https://www.gub.uy/ministerio-desarrollo-social/etiqueta/otros/montevideo-establecimientos-larga-estadia-para-personas-mayores-certificado-social,Páginas departamentales MIDES,124,Montevideo,Montevideo,Dorita,Av.Gral Flores 3674,Av.Gral Flores,3674,,,22168481,,,,,
MIDES-125,ELP-0566,mides_certificado_social,Establecimientos con Certificado Social publicados por MIDES,2024-07-15,https://www.gub.uy/ministerio-desarrollo-social/etiqueta/otros/montevideo-establecimientos-larga-estadia-para-personas-mayores-certificado-social,Páginas departamentales MIDES,125,Montevideo,Montevideo,Remansum,Charrúa 2224,Charrúa,2224,,,24013791,,,,,
MIDES-126,ELP-0561,mides_certificado_social,Establecimientos con Certificado Social publicados por MIDES,2024-07-15,https://www.gub.uy/ministerio-desarrollo-social/etiqueta/otros/montevideo-establecimientos-larga-estadia-para-personas-mayores-certificado-social,Páginas departamentales MIDES,126,Montevideo,Montevideo,Polo House,Orleans 2504,Orleans,2504,,,26012375,,,,,
MIDES-127,ELP-0327,mides_certificado_social,Establecimientos con Certificado Social publicados por MIDES,2024-07-15,https://www.gub.uy/ministerio-desarrollo-social/etiqueta/otros/montevideo-establecimientos-larga-estadia-para-personas-mayores-certificado-social,Páginas departamentales MIDES,127,Montevideo,Montevideo,Casa Andreoni,Luis Andreoni 7228,Luis Andreoni,7228,,,26056952,,,,,
MIDES-128,ELP-0543,mides_certificado_social,Establecimientos con Certificado Social publicados por MIDES,2024-07-15,https://www.gub.uy/ministerio-desarrollo-social/etiqueta/otros/montevideo-establecimientos-larga-estadia-para-personas-mayores-certificado-social,Páginas departamentales MIDES,128,Montevideo,Montevideo,Nonna Elsa,Av. Agraciada 3080,Av. Agraciada,3080,,,22097936,,,,,
MIDES-129,ELP-0495,mides_certificado_social,Establecimientos con Certificado Social publicados por MIDES,2024-07-15,https://www.gub.uy/ministerio-desarrollo-social/etiqueta/otros/montevideo-establecimientos-larga-estadia-para-personas-mayores-certificado-social,Páginas departamentales MIDES,129,Montevideo,Montevideo,Las Tres Marías,Mario Cassinoni 1120,Mario Cassinoni,1120,,,24017998,,,,,
MIDES-130,ELP-0636,mides_certificado_social,Establecimientos con Certificado Social publicados por MIDES,2024-07-15,https://www.gub.uy/ministerio-desarrollo-social/etiqueta/otros/montevideo-establecimientos-larga-estadia-para-personas-mayores-certificado-social,Páginas departamentales MIDES,130,Montevideo,Montevideo,Ricaldoni,Ricaldoni 1802,Ricaldoni,1802,,,24839972,,,,,
MIDES-131,ELP-0428,mides_certificado_social,Establecimientos con Certificado Social publicados por MIDES,2024-07-15,https://www.gub.uy/ministerio-desarrollo-social/etiqueta/otros/montevideo-establecimientos-larga-estadia-para-personas-mayores-certificado-social,Páginas departamentales MIDES,131,Montevideo,Montevideo,Hogar Casa Campo,Guardizabal 1634,Guardizabal,1634,,,26045753,,,,,
MIDES-132,ELP-0647,mides_certificado_social,Establecimientos con Certificado Social publicados por MIDES,2024-07-15,https://www.gub.uy/ministerio-desarrollo-social/etiqueta/otros/montevideo-establecimientos-larga-estadia-para-personas-mayores-certificado-social,Páginas departamentales MIDES,132,Montevideo,Montevideo,Residencial Serena,8 De Octubre 2856,8 De Octubre,2856,,,24802408,,,,,
MIDES-133,ELP-0431,mides_certificado_social,Establecimientos con Certificado Social publicados por MIDES,2024-07-15,https://www.gub.uy/ministerio-desarrollo-social/etiqueta/otros/montevideo-establecimientos-larga-estadia-para-personas-mayores-certificado-social,Páginas departamentales MIDES,133,Montevideo,Montevideo,Hogar De Ancianos De Piebu,Av. Daniel Fernández Crespo 1768,Av. Daniel Fernández Crespo,1768,,,24097678 / 4098744,,,,,
MIDES-134,ELP-0441,mides_certificado_social,Establecimientos con Certificado Social publicados por MIDES,2024-07-15,https://www.gub.uy/ministerio-desarrollo-social/etiqueta/otros/montevideo-establecimientos-larga-estadia-para-personas-mayores-certificado-social,Páginas departamentales MIDES,134,Montevideo,Montevideo,Hogar Montpellier,Luis A.Herrera 1112 1112,Luis A.Herrera 1112,1112,,,26228906,,,,,
MIDES-135,ELP-0367,mides_certificado_social,Establecimientos con Certificado Social publicados por MIDES,2024-07-15,https://www.gub.uy/ministerio-desarrollo-social/etiqueta/otros/montevideo-establecimientos-larga-estadia-para-personas-mayores-certificado-social,Páginas departamentales MIDES,135,Montevideo,Montevideo,Residencial Del Parque,Pedro F. Berro 1320,Pedro F. Berro,1320,,,27099844,,,,,
MIDES-136,ELP-0429,mides_certificado_social,Establecimientos con Certificado Social publicados por MIDES,2024-07-15,https://www.gub.uy/ministerio-desarrollo-social/etiqueta/otros/montevideo-establecimientos-larga-estadia-para-personas-mayores-certificado-social,Páginas departamentales MIDES,136,Montevideo,Montevideo,Hogar Cocoon,Francisco Torres 3870,Francisco Torres,3870,,,23376573,,,,,
MIDES-137,ELP-0289,mides_certificado_social,Establecimientos con Certificado Social publicados por MIDES,2024-07-15,https://www.gub.uy/ministerio-desarrollo-social/etiqueta/otros/montevideo-establecimientos-larga-estadia-para-personas-mayores-certificado-social,Páginas departamentales MIDES,137,Montevideo,Montevideo,Allegra,Clemente Pradines 1775,Clemente Pradines,1775,,,26832033,,,,,
MIDES-138,ELP-0309,mides_certificado_social,Establecimientos con Certificado Social publicados por MIDES,2024-07-15,https://www.gub.uy/ministerio-desarrollo-social/etiqueta/otros/montevideo-establecimientos-larga-estadia-para-personas-mayores-certificado-social,Páginas departamentales MIDES,138,Montevideo,Montevideo,Asociación Civil Instituto De Las Hermanas Del Perpetuo Socorro,Av. Millán 2934,Av. Millán,2934,,,22002417,,,,,
MIDES-139,ELP-0297,mides_certificado_social,Establecimientos con Certificado Social publicados por MIDES,2024-07-15,https://www.gub.uy/ministerio-desarrollo-social/etiqueta/otros/montevideo-establecimientos-larga-estadia-para-personas-mayores-certificado-social,Páginas departamentales MIDES,139,Montevideo,Montevideo,Amanda I,Guillermo Tell 3888,Guillermo Tell,3888,,,22047030,,,,,
MIDES-140,ELP-0532,mides_certificado_social,Establecimientos con Certificado Social publicados por MIDES,2024-07-15,https://www.gub.uy/ministerio-desarrollo-social/etiqueta/otros/montevideo-establecimientos-larga-estadia-para-personas-mayores-certificado-social,Páginas departamentales MIDES,140,Montevideo,Montevideo,Mi Sueño,Mariano Uriarte 6192,Mariano Uriarte,6192,,,099561446 / 26038590,,,,,
MIDES-141,ELP-0408,mides_certificado_social,Establecimientos con Certificado Social publicados por MIDES,2024-07-15,https://www.gub.uy/ministerio-desarrollo-social/etiqueta/otros/montevideo-establecimientos-larga-estadia-para-personas-mayores-certificado-social,Páginas departamentales MIDES,141,Montevideo,Montevideo,French House Residencia Uriarte,Mariano Uriarte 6567,Mariano Uriarte,6567,,,26048442,,,,,
MIDES-142,ELP-0306,mides_certificado_social,Establecimientos con Certificado Social publicados por MIDES,2024-07-15,https://www.gub.uy/ministerio-desarrollo-social/etiqueta/otros/montevideo-establecimientos-larga-estadia-para-personas-mayores-certificado-social,Páginas departamentales MIDES,142,Montevideo,Montevideo,Residencial Aripuca,Uruguayana 3395,Uruguayana,3395,,,23061680,,,,,
MIDES-143,ELP-0696,mides_certificado_social,Establecimientos con Certificado Social publicados por MIDES,2024-07-15,https://www.gub.uy/ministerio-desarrollo-social/etiqueta/otros/montevideo-establecimientos-larga-estadia-para-personas-mayores-certificado-social,Páginas departamentales MIDES,143,Montevideo,Montevideo,The Green Home,Bolivia 2436,Bolivia,2436,,,26041163,,,,,
MIDES-144,ELP-0492,mides_certificado_social,Establecimientos con Certificado Social publicados por MIDES,2024-07-15,https://www.gub.uy/ministerio-desarrollo-social/etiqueta/otros/montevideo-establecimientos-larga-estadia-para-personas-mayores-certificado-social,Páginas departamentales MIDES,144,Montevideo,Montevideo,Las Marias,Pilar Costa 36,Pilar Costa,36,,,23059854,,,,,
MIDES-145,ELP-0395,mides_certificado_social,Establecimientos con Certificado Social publicados por MIDES,2024-07-15,https://www.gub.uy/ministerio-desarrollo-social/etiqueta/otros/montevideo-establecimientos-larga-estadia-para-personas-mayores-certificado-social,Páginas departamentales MIDES,145,Montevideo,Montevideo,En Familia,Matto Grosso 5577,Matto Grosso,5577,,,23213380 / 094813892,,,,,
MIDES-146,ELP-0286,mides_certificado_social,Establecimientos con Certificado Social publicados por MIDES,2024-07-15,https://www.gub.uy/ministerio-desarrollo-social/etiqueta/otros/montevideo-establecimientos-larga-estadia-para-personas-mayores-certificado-social,Páginas departamentales MIDES,146,Montevideo,Montevideo,Alborada,Hector Gutierrez Ruiz 1223,Hector Gutierrez Ruiz,1223,,,29028951,,,,,
MIDES-147,ELP-0489,mides_certificado_social,Establecimientos con Certificado Social publicados por MIDES,2024-07-15,https://www.gub.uy/ministerio-desarrollo-social/etiqueta/otros/montevideo-establecimientos-larga-estadia-para-personas-mayores-certificado-social,Páginas departamentales MIDES,147,Montevideo,Montevideo,Las Gardenias III,Belastiqui 1490,Belastiqui,1490,,,95489693,,,,,
MIDES-148,ELP-0359,mides_certificado_social,Establecimientos con Certificado Social publicados por MIDES,2024-07-15,https://www.gub.uy/ministerio-desarrollo-social/etiqueta/otros/montevideo-establecimientos-larga-estadia-para-personas-mayores-certificado-social,Páginas departamentales MIDES,148,Montevideo,Montevideo,Corazón De Oro,Margarita 5707,Margarita,5707,,,23228385,,,,,
MIDES-149,ELP-0645,mides_certificado_social,Establecimientos con Certificado Social publicados por MIDES,2024-07-15,https://www.gub.uy/ministerio-desarrollo-social/etiqueta/otros/montevideo-establecimientos-larga-estadia-para-personas-mayores-certificado-social,Páginas departamentales MIDES,149,Montevideo,Montevideo,Segunda Juventud IV,José Batlle Y Ordóñez 2946,José Batlle Y Ordóñez,2946,,,94056905,,,,,
MIDES-150,ELP-0641,mides_certificado_social,Establecimientos con Certificado Social publicados por MIDES,2024-07-15,https://www.gub.uy/ministerio-desarrollo-social/etiqueta/otros/montevideo-establecimientos-larga-estadia-para-personas-mayores-certificado-social,Páginas departamentales MIDES,150,Montevideo,Montevideo,Saint Remy,Jose Marti 3118,Jose Marti,3118,,,27065819 / 092600349,,,,,
MIDES-151,ELP-0298,mides_certificado_social,Establecimientos con Certificado Social publicados por MIDES,2024-07-15,https://www.gub.uy/ministerio-desarrollo-social/etiqueta/otros/montevideo-establecimientos-larga-estadia-para-personas-mayores-certificado-social,Páginas departamentales MIDES,151,Montevideo,Montevideo,Amanda II,Millán 3600,Millán,3600,,,23377084,,,,,
MIDES-152,ELP-0488,mides_certificado_social,Establecimientos con Certificado Social publicados por MIDES,2024-07-15,https://www.gub.uy/ministerio-desarrollo-social/etiqueta/otros/montevideo-establecimientos-larga-estadia-para-personas-mayores-certificado-social,Páginas departamentales MIDES,152,Montevideo,Montevideo,Las Gardenias II,Mariano Uriarte 6383,Mariano Uriarte,6383,,,26059543,,,,,
MIDES-153,ELP-0459,mides_certificado_social,Establecimientos con Certificado Social publicados por MIDES,2024-07-15,https://www.gub.uy/ministerio-desarrollo-social/etiqueta/otros/montevideo-establecimientos-larga-estadia-para-personas-mayores-certificado-social,Páginas departamentales MIDES,153,Montevideo,Montevideo,La Amistad,Nueva Palmira 2084,Nueva Palmira,2084,,,24025953,,,,,
MIDES-154,ELP-0498,mides_certificado_social,Establecimientos con Certificado Social publicados por MIDES,2024-07-15,https://www.gub.uy/ministerio-desarrollo-social/etiqueta/otros/montevideo-establecimientos-larga-estadia-para-personas-mayores-certificado-social,Páginas departamentales MIDES,154,Montevideo,Montevideo,Le Refuge,Av. Agraciada 2405,Av. Agraciada,2405,,,29243072,,,,,
MIDES-155,ELP-0308,mides_certificado_social,Establecimientos con Certificado Social publicados por MIDES,2024-07-15,https://www.gub.uy/ministerio-desarrollo-social/etiqueta/otros/montevideo-establecimientos-larga-estadia-para-personas-mayores-certificado-social,Páginas departamentales MIDES,155,Montevideo,Montevideo,Ascasubi,Hilario Ascasubi 4114,Hilario Ascasubi,4114,,,23092260 / 099427195,,,,,
MIDES-156,ELP-0460,mides_certificado_social,Establecimientos con Certificado Social publicados por MIDES,2024-07-15,https://www.gub.uy/ministerio-desarrollo-social/etiqueta/otros/montevideo-establecimientos-larga-estadia-para-personas-mayores-certificado-social,Páginas departamentales MIDES,156,Montevideo,Montevideo,La Belle Epoque,Hugo De Los Santos Recarte 1284,Hugo De Los Santos Recarte,1284,,,27077294,,,,,
MIDES-157,ELP-0512,mides_certificado_social,Establecimientos con Certificado Social publicados por MIDES,2024-07-15,https://www.gub.uy/ministerio-desarrollo-social/etiqueta/otros/montevideo-establecimientos-larga-estadia-para-personas-mayores-certificado-social,Páginas departamentales MIDES,157,Montevideo,Montevideo,Los Rosales,Carreras Nacionales 3414,Carreras Nacionales,3414,,,25119412,,,,,
MIDES-158,ELP-0421,mides_certificado_social,Establecimientos con Certificado Social publicados por MIDES,2024-07-15,https://www.gub.uy/ministerio-desarrollo-social/etiqueta/otros/montevideo-establecimientos-larga-estadia-para-personas-mayores-certificado-social,Páginas departamentales MIDES,158,Montevideo,Montevideo,Residencial Benito Menni,Gil 927,Gil,927,,,23093525 / 23085012,,,,,
MIDES-159,ELP-0532,mides_certificado_social,Establecimientos con Certificado Social publicados por MIDES,2024-07-15,https://www.gub.uy/ministerio-desarrollo-social/etiqueta/otros/montevideo-establecimientos-larga-estadia-para-personas-mayores-certificado-social,Páginas departamentales MIDES,159,Montevideo,Montevideo,Mi Sueño,Mariano Uriarte 6192,Mariano Uriarte,6192,,,099561446 / 26038590,,,,,
MIDES-160,ELP-0420,mides_certificado_social,Establecimientos con Certificado Social publicados por MIDES,2024-07-15,https://www.gub.uy/ministerio-desarrollo-social/etiqueta/otros/montevideo-establecimientos-larga-estadia-para-personas-mayores-certificado-social,Páginas departamentales MIDES,160,Montevideo,Montevideo,Hogar De Hebert Leiva,Carlos A. López 3944,Carlos A. López,3944,,,22271435,,,,,
MIDES-161,ELP-0500,mides_certificado_social,Establecimientos con Certificado Social publicados por MIDES,2024-07-15,https://www.gub.uy/ministerio-desarrollo-social/etiqueta/otros/montevideo-establecimientos-larga-estadia-para-personas-mayores-certificado-social,Páginas departamentales MIDES,161,Montevideo,Montevideo,Lenoble,Ignacio Nuñez 2346,Ignacio Nuñez,2346,,,24832754,,,,,
MIDES-162,ELP-0657,mides_certificado_social,Establecimientos con Certificado Social publicados por MIDES,2024-07-15,https://www.gub.uy/ministerio-desarrollo-social/etiqueta/otros/montevideo-establecimientos-larga-estadia-para-personas-mayores-certificado-social,Páginas departamentales MIDES,162,Montevideo,Montevideo,Veramar Home,Rambla Republica De Mexico 5913,Rambla Republica De Mexico,5913,,,26059703,,,,,
MIDES-163,ELP-0453,mides_certificado_social,Establecimientos con Certificado Social publicados por MIDES,2024-07-15,https://www.gub.uy/ministerio-desarrollo-social/etiqueta/otros/montevideo-establecimientos-larga-estadia-para-personas-mayores-certificado-social,Páginas departamentales MIDES,163,Montevideo,Montevideo,Residencial Jackson,Jackson 936,Jackson,936,,,24112020,,,,,
MIDES-164,ELP-0350,mides_certificado_social,Establecimientos con Certificado Social publicados por MIDES,2024-07-15,https://www.gub.uy/ministerio-desarrollo-social/etiqueta/otros/montevideo-establecimientos-larga-estadia-para-personas-mayores-certificado-social,Páginas departamentales MIDES,164,Montevideo,Montevideo,Centro Residencial Moiru,Av. Dr. Juan Carlos Blanco 3362,Av. Dr. Juan Carlos Blanco,3362,,,23563421 – 099876084,,,,,
MIDES-165,ELP-0443,mides_certificado_social,Establecimientos con Certificado Social publicados por MIDES,2024-07-15,https://www.gub.uy/ministerio-desarrollo-social/etiqueta/otros/montevideo-establecimientos-larga-estadia-para-personas-mayores-certificado-social,Páginas departamentales MIDES,165,Montevideo,Montevideo,Hogar Nazareth,Av. Italia 3780,Av. Italia,3780,,,25058283,,,,,
MIDES-166,ELP-0335,mides_certificado_social,Establecimientos con Certificado Social publicados por MIDES,2024-07-15,https://www.gub.uy/ministerio-desarrollo-social/etiqueta/otros/montevideo-establecimientos-larga-estadia-para-personas-mayores-certificado-social,Páginas departamentales MIDES,166,Montevideo,Montevideo,Hogar Casa Flora,Gral. French 1726,Gral. French,1726,,,26051486,,,,,
MIDES-167,ELP-0548,mides_certificado_social,Establecimientos con Certificado Social publicados por MIDES,2024-07-15,https://www.gub.uy/ministerio-desarrollo-social/etiqueta/otros/montevideo-establecimientos-larga-estadia-para-personas-mayores-certificado-social,Páginas departamentales MIDES,167,Montevideo,Montevideo,Nuevo Amanecer,Gurmendez 2360,Gurmendez,2360,,,25056297,,,,,
MIDES-168,ELP-0313,mides_certificado_social,Establecimientos con Certificado Social publicados por MIDES,2024-07-15,https://www.gub.uy/ministerio-desarrollo-social/etiqueta/otros/montevideo-establecimientos-larga-estadia-para-personas-mayores-certificado-social,Páginas departamentales MIDES,168,Montevideo,Montevideo,Basileas Suites,Avda. Bolivia 1338,Avda. Bolivia,1338,,,26029106,,,,,
MIDES-169,ELP-0365,mides_certificado_social,Establecimientos con Certificado Social publicados por MIDES,2024-07-15,https://www.gub.uy/ministerio-desarrollo-social/etiqueta/otros/montevideo-establecimientos-larga-estadia-para-personas-mayores-certificado-social,Páginas departamentales MIDES,169,Montevideo,Montevideo,Danubio Azul,Cno. Carrasco 4607-4611,Cno. Carrasco,4607-4611,,,25250711,,,,,
MIDES-170,ELP-0312,mides_certificado_social,Establecimientos con Certificado Social publicados por MIDES,2024-07-15,https://www.gub.uy/ministerio-desarrollo-social/etiqueta/otros/montevideo-establecimientos-larga-estadia-para-personas-mayores-certificado-social,Páginas departamentales MIDES,170,Montevideo,Montevideo,Babel Residel Boutique,Mariano Uriarte 6537,Mariano Uriarte,6537,,,26005617,,,,,
MIDES-171,ELP-0320,mides_certificado_social,Establecimientos con Certificado Social publicados por MIDES,2024-07-15,https://www.gub.uy/ministerio-desarrollo-social/etiqueta/otros/montevideo-establecimientos-larga-estadia-para-personas-mayores-certificado-social,Páginas departamentales MIDES,171,Montevideo,Montevideo,Bonsejour (Paal Familia Srl),Pedro Blanes Viale 6222,Pedro Blanes Viale,6222,,,91916222,,,,,
MIDES-172,ELP-0366,mides_certificado_social,Establecimientos con Certificado Social publicados por MIDES,2024-07-15,https://www.gub.uy/ministerio-desarrollo-social/etiqueta/otros/montevideo-establecimientos-larga-estadia-para-personas-mayores-certificado-social,Páginas departamentales MIDES,172,Montevideo,Montevideo,De Los Pocitos,Echevarriarza 3333-3335,Echevarriarza,3333-3335,,,26280267,,,,,
MIDES-173,ELP-0427,mides_certificado_social,Establecimientos con Certificado Social publicados por MIDES,2024-07-15,https://www.gub.uy/ministerio-desarrollo-social/etiqueta/otros/montevideo-establecimientos-larga-estadia-para-personas-mayores-certificado-social,Páginas departamentales MIDES,173,Montevideo,Montevideo,Hogar Amelia Ruano De Schiaffino,Pedro Trapani 1197,Pedro Trapani,1197,,,23361686 - 23361241 - 23364016,,,,,
MIDES-174,ELP-0372,mides_certificado_social,Establecimientos con Certificado Social publicados por MIDES,2024-07-15,https://www.gub.uy/ministerio-desarrollo-social/etiqueta/otros/montevideo-establecimientos-larga-estadia-para-personas-mayores-certificado-social,Páginas departamentales MIDES,174,Montevideo,Montevideo,Doña Cata,Luis.Alberto De Herrera 3819,Luis.Alberto De Herrera,3819,,,22035297,,,,,
MIDES-175,ELP-0525,mides_certificado_social,Establecimientos con Certificado Social publicados por MIDES,2024-07-15,https://www.gub.uy/ministerio-desarrollo-social/etiqueta/otros/montevideo-establecimientos-larga-estadia-para-personas-mayores-certificado-social,Páginas departamentales MIDES,175,Montevideo,Montevideo,Melina House,Cánovas Del Castillo 4790,Cánovas Del Castillo,4790,,,25224790,,,,,
MIDES-176,ELP-0544,mides_certificado_social,Establecimientos con Certificado Social publicados por MIDES,2024-07-15,https://www.gub.uy/ministerio-desarrollo-social/etiqueta/otros/montevideo-establecimientos-larga-estadia-para-personas-mayores-certificado-social,Páginas departamentales MIDES,176,Montevideo,Montevideo,Nuestras Raices,Santiago De Anca 1369,Santiago De Anca,1369,,,26140715,,,,,
MIDES-177,ELP-0282,mides_certificado_social,Establecimientos con Certificado Social publicados por MIDES,2024-07-15,https://www.gub.uy/ministerio-desarrollo-social/etiqueta/otros/montevideo-establecimientos-larga-estadia-para-personas-mayores-certificado-social,Páginas departamentales MIDES,177,Montevideo,Montevideo,Aires Del Parque,Pedro Campbell 1527,Pedro Campbell,1527,,,27080512 – 099173409,,,,,
MIDES-178,ELP-0369,mides_certificado_social,Establecimientos con Certificado Social publicados por MIDES,2024-07-15,https://www.gub.uy/ministerio-desarrollo-social/etiqueta/otros/montevideo-establecimientos-larga-estadia-para-personas-mayores-certificado-social,Páginas departamentales MIDES,178,Montevideo,Montevideo,Diamante,Waldemar Hansen 1764,Waldemar Hansen,1764,,,23216116 - 092071173,,,,,
MIDES-179,ELP-0414,mides_certificado_social,Establecimientos con Certificado Social publicados por MIDES,2024-07-15,https://www.gub.uy/ministerio-desarrollo-social/etiqueta/otros/montevideo-establecimientos-larga-estadia-para-personas-mayores-certificado-social,Páginas departamentales MIDES,179,Montevideo,Montevideo,Girasoles,Av. Dr. Francisco Soca 1361,Av. Dr. Francisco Soca,1361,,,27082604,,,,,
MIDES-180,ELP-0394,mides_certificado_social,Establecimientos con Certificado Social publicados por MIDES,2024-07-15,https://www.gub.uy/ministerio-desarrollo-social/etiqueta/otros/montevideo-establecimientos-larga-estadia-para-personas-mayores-certificado-social,Páginas departamentales MIDES,180,Montevideo,Montevideo,En Compañía,Av. Gral. French 2391,Av. Gral. French,2391,,,26015292 / 095985580,,,,,
MIDES-181,ELP-0393,mides_certificado_social,Establecimientos con Certificado Social publicados por MIDES,2024-07-15,https://www.gub.uy/ministerio-desarrollo-social/etiqueta/otros/montevideo-establecimientos-larga-estadia-para-personas-mayores-certificado-social,Páginas departamentales MIDES,181,Montevideo,Montevideo,En Compañía,Arq. Horacio Acosta Y Lara 7286,Arq. Horacio Acosta Y Lara,7286,,,26058530,,,,,
MIDES-182,ELP-0692,mides_certificado_social,Establecimientos con Certificado Social publicados por MIDES,2024-07-15,https://www.gub.uy/ministerio-desarrollo-social/etiqueta/otros/montevideo-establecimientos-larga-estadia-para-personas-mayores-certificado-social,Páginas departamentales MIDES,182,Montevideo,Montevideo,Talcahuano,Talcahuano 3226,Talcahuano,3226,,,24870259,,,,,
MIDES-183,ELP-0469,mides_certificado_social,Establecimientos con Certificado Social publicados por MIDES,2024-07-15,https://www.gub.uy/ministerio-desarrollo-social/etiqueta/otros/montevideo-establecimientos-larga-estadia-para-personas-mayores-certificado-social,Páginas departamentales MIDES,183,Montevideo,Montevideo,La Maison,26 De Marzo 3322,26 De Marzo,3322,,,26233232,,,,,
MIDES-184,ELP-0373,mides_certificado_social,Establecimientos con Certificado Social publicados por MIDES,2024-07-15,https://www.gub.uy/ministerio-desarrollo-social/etiqueta/otros/montevideo-establecimientos-larga-estadia-para-personas-mayores-certificado-social,Páginas departamentales MIDES,184,Montevideo,Montevideo,Doña Juana,Francisco Simón 2416,Francisco Simón,2416,,,24833219 / 095190530,,,,,
MIDES-185,ELP-0680,mides_certificado_social,Establecimientos con Certificado Social publicados por MIDES,2024-07-15,https://www.gub.uy/ministerio-desarrollo-social/etiqueta/otros/montevideo-establecimientos-larga-estadia-para-personas-mayores-certificado-social,Páginas departamentales MIDES,185,Montevideo,Montevideo,Saniguet,Av. Millán 3260,Av. Millán,3260,,,22001611,,,,,
MIDES-186,ELP-0517,mides_certificado_social,Establecimientos con Certificado Social publicados por MIDES,2024-07-15,https://www.gub.uy/ministerio-desarrollo-social/etiqueta/otros/montevideo-establecimientos-larga-estadia-para-personas-mayores-certificado-social,Páginas departamentales MIDES,186,Montevideo,Montevideo,Residencial María Belén,José Enrique Rodo 1874,José Enrique Rodo,1874,,,24022173 / 24021874,,,,,
MIDES-187,ELP-0529,mides_certificado_social,Establecimientos con Certificado Social publicados por MIDES,2024-07-15,https://www.gub.uy/ministerio-desarrollo-social/etiqueta/otros/montevideo-establecimientos-larga-estadia-para-personas-mayores-certificado-social,Páginas departamentales MIDES,187,Montevideo,Montevideo,Mi Jazmín,Av. Italia 4444,Av. Italia,4444,,,26131106,,,,,
MIDES-188,ELP-0399,mides_certificado_social,Establecimientos con Certificado Social publicados por MIDES,2024-07-15,https://www.gub.uy/ministerio-desarrollo-social/etiqueta/otros/montevideo-establecimientos-larga-estadia-para-personas-mayores-certificado-social,Páginas departamentales MIDES,188,Montevideo,Montevideo,Estilo De Vida,Br. España 2516,Br. España,2516,,,27106026,,,,,
MIDES-189,ELP-0402,mides_certificado_social,Establecimientos con Certificado Social publicados por MIDES,2024-07-15,https://www.gub.uy/ministerio-desarrollo-social/etiqueta/otros/montevideo-establecimientos-larga-estadia-para-personas-mayores-certificado-social,Páginas departamentales MIDES,189,Montevideo,Montevideo,Estilo De Vida,Echeverriarza 3453,Echeverriarza,3453,,,27076257 / 26221673,,,,,
MIDES-190,ELP-0400,mides_certificado_social,Establecimientos con Certificado Social publicados por MIDES,2024-07-15,https://www.gub.uy/ministerio-desarrollo-social/etiqueta/otros/montevideo-establecimientos-larga-estadia-para-personas-mayores-certificado-social,Páginas departamentales MIDES,190,Montevideo,Montevideo,Estilo De Vida,Luis B. Cavia 2996,Luis B. Cavia,2996,,,27076257 / 27087808,,,,,
MIDES-191,ELP-0344,mides_certificado_social,Establecimientos con Certificado Social publicados por MIDES,2024-07-15,https://www.gub.uy/ministerio-desarrollo-social/etiqueta/otros/montevideo-establecimientos-larga-estadia-para-personas-mayores-certificado-social,Páginas departamentales MIDES,191,Montevideo,Montevideo,Centro Para El Adulto Mayor,Luis De La Torre 712,Luis De La Torre,712,,,27118584,,,,,
MIDES-192,ELP-0684,mides_certificado_social,Establecimientos con Certificado Social publicados por MIDES,2024-07-15,https://www.gub.uy/ministerio-desarrollo-social/etiqueta/otros/montevideo-establecimientos-larga-estadia-para-personas-mayores-certificado-social,Páginas departamentales MIDES,192,Montevideo,Montevideo,Segunda Juventud II,Camino Maldonado 5034,Camino Maldonado,5034,,,25111618,,,,,
MIDES-193,ELP-0423,mides_certificado_social,Establecimientos con Certificado Social publicados por MIDES,2024-07-15,https://www.gub.uy/ministerio-desarrollo-social/etiqueta/otros/montevideo-establecimientos-larga-estadia-para-personas-mayores-certificado-social,Páginas departamentales MIDES,193,Montevideo,Montevideo,Historias De Vida,Juan María Perez 2785,Juan María Perez,2785,,,27114864,,,,,
MIDES-194,ELP-0639,mides_certificado_social,Establecimientos con Certificado Social publicados por MIDES,2024-07-15,https://www.gub.uy/ministerio-desarrollo-social/etiqueta/otros/montevideo-establecimientos-larga-estadia-para-personas-mayores-certificado-social,Páginas departamentales MIDES,194,Montevideo,Montevideo,Residencial Rincón De Luz Cuatro,Rbla. Republica De Chile 4469,Rbla. Republica De Chile,4469,,,26149533,,,,,
MIDES-195,ELP-0511,mides_certificado_social,Establecimientos con Certificado Social publicados por MIDES,2024-07-15,https://www.gub.uy/ministerio-desarrollo-social/etiqueta/otros/montevideo-establecimientos-larga-estadia-para-personas-mayores-certificado-social,Páginas departamentales MIDES,195,Montevideo,Montevideo,Los Robles De Sayago,Quicuyo 974,Quicuyo,974,,,23596544,,,,,
MIDES-196,ELP-0323,mides_certificado_social,Establecimientos con Certificado Social publicados por MIDES,2024-07-15,https://www.gub.uy/ministerio-desarrollo-social/etiqueta/otros/montevideo-establecimientos-larga-estadia-para-personas-mayores-certificado-social,Páginas departamentales MIDES,196,Montevideo,Montevideo,Buenos Tiempos,Dr. Anzalone 6263,Dr. Anzalone,6263,,,23214851,,,,,
MIDES-197,ELP-0362,mides_certificado_social,Establecimientos con Certificado Social publicados por MIDES,2024-07-15,https://www.gub.uy/ministerio-desarrollo-social/etiqueta/otros/montevideo-establecimientos-larga-estadia-para-personas-mayores-certificado-social,Páginas departamentales MIDES,197,Montevideo,Montevideo,Crann Bethadh,Av. Millán 3372,Av. Millán,3372,,,.098445549,,,,,
MIDES-198,ELP-0355,mides_certificado_social,Establecimientos con Certificado Social publicados por MIDES,2024-07-15,https://www.gub.uy/ministerio-desarrollo-social/etiqueta/otros/montevideo-establecimientos-larga-estadia-para-personas-mayores-certificado-social,Páginas departamentales MIDES,198,Montevideo,Montevideo,Claro De Luna,Santiago Gadea 3582,Santiago Gadea,3582,,,24800442,,,,,
MIDES-199,ELP-0305,mides_certificado_social,Establecimientos con Certificado Social publicados por MIDES,2024-07-15,https://www.gub.uy/ministerio-desarrollo-social/etiqueta/otros/montevideo-establecimientos-larga-estadia-para-personas-mayores-certificado-social,Páginas departamentales MIDES,199,Montevideo,Montevideo,Árbol De La Vida,Tomas Villalba 3281,Tomas Villalba,3281,,,23053856,,,,,
MIDES-200,ELP-0417,mides_certificado_social,Establecimientos con Certificado Social publicados por MIDES,2024-07-15,https://www.gub.uy/ministerio-desarrollo-social/etiqueta/otros/montevideo-establecimientos-larga-estadia-para-personas-mayores-certificado-social,Páginas departamentales MIDES,200,Montevideo,Montevideo,Residencial Gutiérrez,Cubo Del Norte 3601,Cubo Del Norte,3601,,,23363601,,,,,
MIDES-201,ELP-0685,mides_certificado_social,Establecimientos con Certificado Social publicados por MIDES,2024-07-15,https://www.gub.uy/ministerio-desarrollo-social/etiqueta/otros/montevideo-establecimientos-larga-estadia-para-personas-mayores-certificado-social,Páginas departamentales MIDES,201,Montevideo,Montevideo,Segunda Juventud III,Av. 8 De Octubre 4635,Av. 8 De Octubre,4635,,,25093856,,,,,
MIDES-202,ELP-0520,mides_certificado_social,Establecimientos con Certificado Social publicados por MIDES,2024-07-15,https://www.gub.uy/ministerio-desarrollo-social/etiqueta/otros/montevideo-establecimientos-larga-estadia-para-personas-mayores-certificado-social,Páginas departamentales MIDES,202,Montevideo,Montevideo,María Violeta,Av. Burgues 2907,Av. Burgues,2907,,,22099801 / 098072907,,,,,
MIDES-203,ELP-0439,mides_certificado_social,Establecimientos con Certificado Social publicados por MIDES,2024-07-15,https://www.gub.uy/ministerio-desarrollo-social/etiqueta/otros/montevideo-establecimientos-larga-estadia-para-personas-mayores-certificado-social,Páginas departamentales MIDES,203,Montevideo,Montevideo,Madre Ana (Instituto De Las Hermanas Del Perpetuo Socorro),Gral. Enrique Martínez 1409,Gral. Enrique Martínez,1409,,,22036273,,,,,
MIDES-204,ELP-0291,mides_certificado_social,Establecimientos con Certificado Social publicados por MIDES,2024-07-15,https://www.gub.uy/ministerio-desarrollo-social/etiqueta/otros/montevideo-establecimientos-larga-estadia-para-personas-mayores-certificado-social,Páginas departamentales MIDES,204,Montevideo,Montevideo,Altos de Carrasco,Cno. Carrasco 6996,Cno. Carrasco,6996,,,26004979 / 092644122,,,,,
MIDES-205,ELP-0319,mides_certificado_social,Establecimientos con Certificado Social publicados por MIDES,2024-07-15,https://www.gub.uy/ministerio-desarrollo-social/etiqueta/otros/montevideo-establecimientos-larga-estadia-para-personas-mayores-certificado-social,Páginas departamentales MIDES,205,Montevideo,Montevideo,Blanes,Juan Manuel Blanes 965,Juan Manuel Blanes,965,,,24134663,,,,,
MIDES-206,ELP-0672,mides_certificado_social,Establecimientos con Certificado Social publicados por MIDES,2024-07-15,https://www.gub.uy/ministerio-desarrollo-social/etiqueta/otros/montevideo-establecimientos-larga-estadia-para-personas-mayores-certificado-social,Páginas departamentales MIDES,206,Montevideo,Montevideo,Saint Michel,Av. Juan Bautista Alberdi 6344,Av. Juan Bautista Alberdi,6344,,,26046780,,,,,
MIDES-207,ELP-0444,mides_certificado_social,Establecimientos con Certificado Social publicados por MIDES,2024-07-15,https://www.gub.uy/ministerio-desarrollo-social/etiqueta/otros/montevideo-establecimientos-larga-estadia-para-personas-mayores-certificado-social,Páginas departamentales MIDES,207,Montevideo,Montevideo,Hogar Nazareth,Bv. Artigas 2255,Bv. Artigas,2255,,,22012133,,,,,
MIDES-208,ELP-0283,mides_certificado_social,Establecimientos con Certificado Social publicados por MIDES,2024-07-15,https://www.gub.uy/ministerio-desarrollo-social/etiqueta/otros/montevideo-establecimientos-larga-estadia-para-personas-mayores-certificado-social,Páginas departamentales MIDES,208,Montevideo,Montevideo,Aires del Prado,Alejandro Fiol De Pereda 1102,Alejandro Fiol De Pereda,1102,,,22009025,,,,,
MIDES-209,ELP-0454,mides_certificado_social,Establecimientos con Certificado Social publicados por MIDES,2024-07-15,https://www.gub.uy/ministerio-desarrollo-social/etiqueta/otros/montevideo-establecimientos-larga-estadia-para-personas-mayores-certificado-social,Páginas departamentales MIDES,209,Montevideo,Montevideo,Jardines De Setiembre,Lido 1685,Lido,1685,,,26008786,,,,,
MIDES-210,ELP-0410,mides_certificado_social,Establecimientos con Certificado Social publicados por MIDES,2024-07-15,https://www.gub.uy/ministerio-desarrollo-social/etiqueta/otros/montevideo-establecimientos-larga-estadia-para-personas-mayores-certificado-social,Páginas departamentales MIDES,210,Montevideo,Montevideo,Fundación Luis Manuel Calleja,Uruguayana 3393,Uruguayana,3393,,,98850245,,,,,
MIDES-211,ELP-0433,mides_certificado_social,Establecimientos con Certificado Social publicados por MIDES,2024-07-15,https://www.gub.uy/ministerio-desarrollo-social/etiqueta/otros/montevideo-establecimientos-larga-estadia-para-personas-mayores-certificado-social,Páginas departamentales MIDES,211,Montevideo,Montevideo,Hogar Español,Av. De Las Instrucciones 981,Av. De Las Instrucciones,981,,,23597271 / 23593221,,,,,
MIDES-212,ELP-0504,mides_certificado_social,Establecimientos con Certificado Social publicados por MIDES,2024-07-15,https://www.gub.uy/ministerio-desarrollo-social/etiqueta/otros/montevideo-establecimientos-larga-estadia-para-personas-mayores-certificado-social,Páginas departamentales MIDES,212,Montevideo,Montevideo,Lizsheyle,Santana 1729,Santana,1729,,,26132795,,,,,
MIDES-213,ELP-0457,mides_certificado_social,Establecimientos con Certificado Social publicados por MIDES,2024-07-15,https://www.gub.uy/ministerio-desarrollo-social/etiqueta/otros/montevideo-establecimientos-larga-estadia-para-personas-mayores-certificado-social,Páginas departamentales MIDES,213,Montevideo,Montevideo,Kala,Carabela 3511,Carabela,3511,,,22014156,,,,,
MIDES-214,ELP-0411,mides_certificado_social,Establecimientos con Certificado Social publicados por MIDES,2024-07-15,https://www.gub.uy/ministerio-desarrollo-social/etiqueta/otros/montevideo-establecimientos-larga-estadia-para-personas-mayores-certificado-social,Páginas departamentales MIDES,214,Montevideo,Montevideo,Fundación Algarrobo,Palmar 2520,Palmar,2520,,,27093842,,,,,
MIDES-215,ELP-0391,mides_certificado_social,Establecimientos con Certificado Social publicados por MIDES,2024-07-15,https://www.gub.uy/ministerio-desarrollo-social/etiqueta/otros/montevideo-establecimientos-larga-estadia-para-personas-mayores-certificado-social,Páginas departamentales MIDES,215,Montevideo,Montevideo,Empatía,Hipólito Yrigoyen 1482,Hipólito Yrigoyen,1482,,,26146646,,,,,
MIDES-216,ELP-0549,mides_certificado_social,Establecimientos con Certificado Social publicados por MIDES,2024-07-15,https://www.gub.uy/ministerio-desarrollo-social/etiqueta/otros/montevideo-establecimientos-larga-estadia-para-personas-mayores-certificado-social,Páginas departamentales MIDES,216,Montevideo,Montevideo,Nuevo Rimac,Jackson 1025,Jackson,1025,,,24182921 / 092250555,,,,,
MIDES-217,ELP-0527,mides_certificado_social,Establecimientos con Certificado Social publicados por MIDES,2024-07-15,https://www.gub.uy/ministerio-desarrollo-social/etiqueta/otros/montevideo-establecimientos-larga-estadia-para-personas-mayores-certificado-social,Páginas departamentales MIDES,217,Montevideo,Montevideo,Mi Casa,Ramon Márquez 3069,Ramon Márquez,3069,,,22002757,,,,,
MIDES-218,ELP-0361,mides_certificado_social,Establecimientos con Certificado Social publicados por MIDES,2024-07-15,https://www.gub.uy/ministerio-desarrollo-social/etiqueta/otros/montevideo-establecimientos-larga-estadia-para-personas-mayores-certificado-social,Páginas departamentales MIDES,218,Montevideo,Montevideo,Costa Del Sol,Av. Gral. Rivera 4831,Av. Gral. Rivera,4831,,,26147306,,,,,
MIDES-219,ELP-0519,mides_certificado_social,Establecimientos con Certificado Social publicados por MIDES,2024-07-15,https://www.gub.uy/ministerio-desarrollo-social/etiqueta/otros/montevideo-establecimientos-larga-estadia-para-personas-mayores-certificado-social,Páginas departamentales MIDES,219,Montevideo,Montevideo,María Mercedes,Cno. Carlos Maria De Pena 4240,Cno. Carlos Maria De Pena,4240,,,23097141 / 23088151,,,,,
MIDES-220,ELP-0325,mides_certificado_social,Establecimientos con Certificado Social publicados por MIDES,2024-07-15,https://www.gub.uy/ministerio-desarrollo-social/etiqueta/otros/montevideo-establecimientos-larga-estadia-para-personas-mayores-certificado-social,Páginas departamentales MIDES,220,Montevideo,Montevideo,Campodimele,Alejandro Fleming 1776,Alejandro Fleming,1776,,,26138670,,,,,
MIDES-221,ELP-0301,mides_certificado_social,Establecimientos con Certificado Social publicados por MIDES,2024-07-15,https://www.gub.uy/ministerio-desarrollo-social/etiqueta/otros/montevideo-establecimientos-larga-estadia-para-personas-mayores-certificado-social,Páginas departamentales MIDES,221,Montevideo,Montevideo,Años Luz,Juan Paullier 1330,Juan Paullier,1330,,,96698169,,,,,
MIDES-222,ELP-0321,mides_certificado_social,Establecimientos con Certificado Social publicados por MIDES,2024-07-15,https://www.gub.uy/ministerio-desarrollo-social/etiqueta/otros/montevideo-establecimientos-larga-estadia-para-personas-mayores-certificado-social,Páginas departamentales MIDES,222,Montevideo,Montevideo,Residencial Boulevard,Bv. Artigas 3028,Bv. Artigas,3028,,,24810810 / 099695648,,,,,
MIDES-223,ELP-0467,mides_certificado_social,Establecimientos con Certificado Social publicados por MIDES,2024-07-15,https://www.gub.uy/ministerio-desarrollo-social/etiqueta/otros/montevideo-establecimientos-larga-estadia-para-personas-mayores-certificado-social,Páginas departamentales MIDES,223,Montevideo,Montevideo,La Familia,Zapican 3119,Zapican,3119,,,22095732,,,,,
MIDES-224,ELP-0476,mides_certificado_social,Establecimientos con Certificado Social publicados por MIDES,2024-07-15,https://www.gub.uy/ministerio-desarrollo-social/etiqueta/otros/montevideo-establecimientos-larga-estadia-para-personas-mayores-certificado-social,Páginas departamentales MIDES,224,Montevideo,Montevideo,La Terraza,Jose Ellauri 728,Jose Ellauri,728,,,27105609,,,,,
MIDES-225,ELP-0326,mides_certificado_social,Establecimientos con Certificado Social publicados por MIDES,2024-07-15,https://www.gub.uy/ministerio-desarrollo-social/etiqueta/otros/montevideo-establecimientos-larga-estadia-para-personas-mayores-certificado-social,Páginas departamentales MIDES,225,Montevideo,Montevideo,Carrasco Home,Av. Gral. Rivera 7110,Av. Gral. Rivera,7110,,,26059849,,,,,
MIDES-226,ELP-0557,mides_certificado_social,Establecimientos con Certificado Social publicados por MIDES,2024-07-15,https://www.gub.uy/ministerio-desarrollo-social/etiqueta/otros/montevideo-establecimientos-larga-estadia-para-personas-mayores-certificado-social,Páginas departamentales MIDES,226,Montevideo,Montevideo,Palermo,Av. Gral. Rivera 2287,Av. Gral. Rivera,2287,,,24081845,,,,,
MIDES-227,ELP-0482,mides_certificado_social,Establecimientos con Certificado Social publicados por MIDES,2024-07-15,https://www.gub.uy/ministerio-desarrollo-social/etiqueta/otros/montevideo-establecimientos-larga-estadia-para-personas-mayores-certificado-social,Páginas departamentales MIDES,227,Montevideo,Montevideo,Las Condes,Palmar 2644,Palmar,2644,,,27075499 / 091636387,,,,,
MIDES-228,ELP-0276,mides_certificado_social,Establecimientos con Certificado Social publicados por MIDES,2024-07-15,https://www.gub.uy/ministerio-desarrollo-social/etiqueta/otros/montevideo-establecimientos-larga-estadia-para-personas-mayores-certificado-social,Páginas departamentales MIDES,228,Montevideo,Montevideo,Abuela Julia II,Geronimo Piccioli 2875,Geronimo Piccioli,2875,,,25140216,,,,,
MIDES-229,ELP-0273,mides_certificado_social,Establecimientos con Certificado Social publicados por MIDES,2024-07-15,https://www.gub.uy/ministerio-desarrollo-social/etiqueta/otros/montevideo-establecimientos-larga-estadia-para-personas-mayores-certificado-social,Páginas departamentales MIDES,229,Montevideo,Montevideo,Abras,Gral. Enrique Martínez 2269,Gral. Enrique Martínez,2269,,,24817025,,,,,
MIDES-230,ELP-0293,mides_certificado_social,Establecimientos con Certificado Social publicados por MIDES,2024-07-15,https://www.gub.uy/ministerio-desarrollo-social/etiqueta/otros/montevideo-establecimientos-larga-estadia-para-personas-mayores-certificado-social,Páginas departamentales MIDES,230,Montevideo,Montevideo,Altos Del Parque II,Av. Américo Ricaldoni 1716,Av. Américo Ricaldoni,1716,,,26227424,,,,,
MIDES-231,ELP-0324,mides_certificado_social,Establecimientos con Certificado Social publicados por MIDES,2024-07-15,https://www.gub.uy/ministerio-desarrollo-social/etiqueta/otros/montevideo-establecimientos-larga-estadia-para-personas-mayores-certificado-social,Páginas departamentales MIDES,231,Montevideo,Montevideo,Cala,Prudencio De Pena 2521,Prudencio De Pena,2521,,,27051007 / 091956821,,,,,
MIDES-232,ELP-0358,mides_certificado_social,Establecimientos con Certificado Social publicados por MIDES,2024-07-15,https://www.gub.uy/ministerio-desarrollo-social/etiqueta/otros/montevideo-establecimientos-larga-estadia-para-personas-mayores-certificado-social,Páginas departamentales MIDES,232,Montevideo,Montevideo,Como Antes,Cnel. Justo Arechaga 3285,Cnel. Justo Arechaga,3285,,,22095857,,,,,
MIDES-233,ELP-0528,mides_certificado_social,Establecimientos con Certificado Social publicados por MIDES,2024-07-15,https://www.gub.uy/ministerio-desarrollo-social/etiqueta/otros/montevideo-establecimientos-larga-estadia-para-personas-mayores-certificado-social,Páginas departamentales MIDES,233,Montevideo,Montevideo,Mi Encanto,Cno. Manuel Fortet 1904,Cno. Manuel Fortet,1904,,,23201524,,,,,
MIDES-234,ELP-0300,mides_certificado_social,Establecimientos con Certificado Social publicados por MIDES,2024-07-15,https://www.gub.uy/ministerio-desarrollo-social/etiqueta/otros/montevideo-establecimientos-larga-estadia-para-personas-mayores-certificado-social,Páginas departamentales MIDES,234,Montevideo,Montevideo,Ángeles,Guana 2015,Guana,2015,,,24010149,,,,,
MIDES-235,ELP-0385,mides_certificado_social,Establecimientos con Certificado Social publicados por MIDES,2024-07-15,https://www.gub.uy/ministerio-desarrollo-social/etiqueta/otros/montevideo-establecimientos-larga-estadia-para-personas-mayores-certificado-social,Páginas departamentales MIDES,235,Montevideo,Montevideo,El Despertar,Bv. Artigas 2927,Bv. Artigas,2927,,,22058271 / 092970849,,,,,
MIDES-236,ELP-0416,mides_certificado_social,Establecimientos con Certificado Social publicados por MIDES,2024-07-15,https://www.gub.uy/ministerio-desarrollo-social/etiqueta/otros/montevideo-establecimientos-larga-estadia-para-personas-mayores-certificado-social,Páginas departamentales MIDES,236,Montevideo,Montevideo,Gladys Godoy,Enrique Compte Y Rique 1327,Enrique Compte Y Rique,1327,,,22017075,,,,,
MIDES-237,ELP-0370,mides_certificado_social,Establecimientos con Certificado Social publicados por MIDES,2024-07-15,https://www.gub.uy/ministerio-desarrollo-social/etiqueta/otros/montevideo-establecimientos-larga-estadia-para-personas-mayores-certificado-social,Páginas departamentales MIDES,237,Montevideo,Montevideo,Dolce Primavera,Belastiqui 1517,Belastiqui,1517,,,096 126 001 - 2603 6626,,,,,
MIDES-238,ELP-0304,mides_certificado_social,Establecimientos con Certificado Social publicados por MIDES,2024-07-15,https://www.gub.uy/ministerio-desarrollo-social/etiqueta/otros/montevideo-establecimientos-larga-estadia-para-personas-mayores-certificado-social,Páginas departamentales MIDES,238,Montevideo,Montevideo,Residencial Apart Hotel,Mateo Vidal 3328,Mateo Vidal,3328,,,24814403 / 098890232,,,,,
MIDES-239,ELP-0426,mides_certificado_social,Establecimientos con Certificado Social publicados por MIDES,2024-07-15,https://www.gub.uy/ministerio-desarrollo-social/etiqueta/otros/montevideo-establecimientos-larga-estadia-para-personas-mayores-certificado-social,Páginas departamentales MIDES,239,Montevideo,Montevideo,Hogar Alemán,Cno. Las Tortolitas 6500,Cno. Las Tortolitas,6500,,,23229707 / 23228082,,,,,
MIDES-240,ELP-0699,mides_certificado_social,Establecimientos con Certificado Social publicados por MIDES,2024-07-15,https://www.gub.uy/ministerio-desarrollo-social/etiqueta/otros/montevideo-establecimientos-larga-estadia-para-personas-mayores-certificado-social,Páginas departamentales MIDES,240,Montevideo,Montevideo,Tilos De Abril,6 De Abril 1374,6 De Abril,1374,,,26005538,,,,,
MIDES-241,ELP-0514,mides_certificado_social,Establecimientos con Certificado Social publicados por MIDES,2024-07-15,https://www.gub.uy/ministerio-desarrollo-social/etiqueta/otros/montevideo-establecimientos-larga-estadia-para-personas-mayores-certificado-social,Páginas departamentales MIDES,241,Montevideo,Montevideo,Madre Paulina,Cno. Castro 435,Cno. Castro,435,,,23089183 / 098468971,,,,,
MIDES-242,ELP-0446,mides_certificado_social,Establecimientos con Certificado Social publicados por MIDES,2024-07-15,https://www.gub.uy/ministerio-desarrollo-social/etiqueta/otros/montevideo-establecimientos-larga-estadia-para-personas-mayores-certificado-social,Páginas departamentales MIDES,242,Montevideo,Montevideo,Renacer,Pablo Zufriategui 984,Pablo Zufriategui,984,,,23046396,,,,,
MIDES-243,ELP-0288,mides_certificado_social,Establecimientos con Certificado Social publicados por MIDES,2024-07-15,https://www.gub.uy/ministerio-desarrollo-social/etiqueta/otros/montevideo-establecimientos-larga-estadia-para-personas-mayores-certificado-social,Páginas departamentales MIDES,243,Montevideo,Montevideo,Alborada,Martin C. Martinez 2593,Martin C. Martinez,2593,,,S/D,,,,,
MIDES-244,ELP-0514,mides_certificado_social,Establecimientos con Certificado Social publicados por MIDES,2024-07-15,https://www.gub.uy/ministerio-desarrollo-social/etiqueta/otros/montevideo-establecimientos-larga-estadia-para-personas-mayores-certificado-social,Páginas departamentales MIDES,244,Montevideo,Montevideo,Madre Paulina,Camino Castro 435,Camino Castro,435,,,,,,,,
MIDES-245,ELP-0446,mides_certificado_social,Establecimientos con Certificado Social publicados por MIDES,2024-07-15,https://www.gub.uy/ministerio-desarrollo-social/etiqueta/otros/montevideo-establecimientos-larga-estadia-para-personas-mayores-certificado-social,Páginas departamentales MIDES,245,Montevideo,Montevideo,Renacer,Pablo Zufriategui 984,Pablo Zufriategui,984,,,,,,,,
MIDES-246,ELP-0426,mides_certificado_social,Establecimientos con Certificado Social publicados por MIDES,2024-07-15,https://www.gub.uy/ministerio-desarrollo-social/etiqueta/otros/montevideo-establecimientos-larga-estadia-para-personas-mayores-certificado-social,Páginas departamentales MIDES,246,Montevideo,Montevideo,Hogar Alemán (Obra Cultural Social Alemana),Las Tortolitas 6500,Las Tortolitas,6500,,,,,,,,
MIDES-247,ELP-0699,mides_certificado_social,Establecimientos con Certificado Social publicados por MIDES,2024-07-15,https://www.gub.uy/ministerio-desarrollo-social/etiqueta/otros/montevideo-establecimientos-larga-estadia-para-personas-mayores-certificado-social,Páginas departamentales MIDES,247,Montevideo,Montevideo,Tilos De Abril,6 De Abril 1374,6 De Abril,1374,,,,,,,,
MIDES-248,ELP-0398,mides_certificado_social,Establecimientos con Certificado Social publicados por MIDES,2024-07-15,https://www.gub.uy/ministerio-desarrollo-social/etiqueta/otros/montevideo-establecimientos-larga-estadia-para-personas-mayores-certificado-social,Páginas departamentales MIDES,248,Montevideo,Montevideo,Estancia Alberdi,Av. Juan Bautista Alberdi 6261,Av. Juan Bautista Alberdi,6261,,,97406900,,,,,
MIDES-249,ELP-0562,mides_certificado_social,Establecimientos con Certificado Social publicados por MIDES,2024-07-15,https://www.gub.uy/ministerio-desarrollo-social/etiqueta/otros/montevideo-establecimientos-larga-estadia-para-personas-mayores-certificado-social,Páginas departamentales MIDES,249,Montevideo,Montevideo,Procura Residencial,Jose Batlle Y Ordoñez 4143,Jose Batlle Y Ordoñez,4143,,,22023664,,,,,
MIDES-250,ELP-0287,mides_certificado_social,Establecimientos con Certificado Social publicados por MIDES,2024-07-15,https://www.gub.uy/ministerio-desarrollo-social/etiqueta/otros/montevideo-establecimientos-larga-estadia-para-personas-mayores-certificado-social,Páginas departamentales MIDES,250,Montevideo,Montevideo,Alborada,Jaime Cibils 2454,Jaime Cibils,2454,,,24838092,,,,,
MIDES-251,ELP-0466,mides_certificado_social,Establecimientos con Certificado Social publicados por MIDES,2024-07-15,https://www.gub.uy/ministerio-desarrollo-social/etiqueta/otros/montevideo-establecimientos-larga-estadia-para-personas-mayores-certificado-social,Páginas departamentales MIDES,251,Montevideo,Montevideo,La Familia,Ing. Eduardo Canstatt 3187,Ing. Eduardo Canstatt,3187,,,24879167,,,,,
MIDES-252,ELP-0670,mides_certificado_social,Establecimientos con Certificado Social publicados por MIDES,2024-07-15,https://www.gub.uy/ministerio-desarrollo-social/etiqueta/otros/montevideo-establecimientos-larga-estadia-para-personas-mayores-certificado-social,Páginas departamentales MIDES,252,Montevideo,Montevideo,Risa,Bv. Manuel Herrera Y Obes 4125/4127,Bv. Manuel Herrera Y Obes,4125/4127,,,23038902,,,,,
MIDES-253,ELP-0292,mides_certificado_social,Establecimientos con Certificado Social publicados por MIDES,2024-07-15,https://www.gub.uy/ministerio-desarrollo-social/etiqueta/otros/montevideo-establecimientos-larga-estadia-para-personas-mayores-certificado-social,Páginas departamentales MIDES,253,Montevideo,Montevideo,Altos De La Paz,Cno. A La Cuchilla Pereira 5290,Cno. A La Cuchilla Pereira,5290,,,23201945,,,,,
MIDES-254,ELP-0714,mides_certificado_social,Establecimientos con Certificado Social publicados por MIDES,2026-01-12,https://www.gub.uy/ministerio-desarrollo-social/etiqueta/otros/paysandu-establecimientos-larga-estadia-para-personas-mayores-certificado-social,Páginas departamentales MIDES,254,Paysandú,Paysandú,Casa Abuelas,25 De Mayo 973,25 De Mayo,973,,,47232658,,,,,
MIDES-255,ELP-0713,mides_certificado_social,Establecimientos con Certificado Social publicados por MIDES,2026-01-12,https://www.gub.uy/ministerio-desarrollo-social/etiqueta/otros/paysandu-establecimientos-larga-estadia-para-personas-mayores-certificado-social,Páginas departamentales MIDES,255,Paysandú,Paysandú,Carpe Diem,Montecaseros 785,Montecaseros,785,,,47238247,,,,,
MIDES-256,ELP-0718,mides_certificado_social,Establecimientos con Certificado Social publicados por MIDES,2026-01-12,https://www.gub.uy/ministerio-desarrollo-social/etiqueta/otros/paysandu-establecimientos-larga-estadia-para-personas-mayores-certificado-social,Páginas departamentales MIDES,256,Paysandú,Paysandú,Hogar De Ancianos Enrique Chaplin,Enrique Chaplin 728,Enrique Chaplin,728,,,47225074,,,,,
MIDES-257,ELP-0721,mides_certificado_social,Establecimientos con Certificado Social publicados por MIDES,2026-01-12,https://www.gub.uy/ministerio-desarrollo-social/etiqueta/otros/paysandu-establecimientos-larga-estadia-para-personas-mayores-certificado-social,Páginas departamentales MIDES,257,Paysandú,Paysandú,Residencia San Cono,Zorrilla 1341,Zorrilla,1341,,,47233047,,,,,
MIDES-258,ELP-0716,mides_certificado_social,Establecimientos con Certificado Social publicados por MIDES,2026-01-12,https://www.gub.uy/ministerio-desarrollo-social/etiqueta/otros/paysandu-establecimientos-larga-estadia-para-personas-mayores-certificado-social,Páginas departamentales MIDES,258,Paysandú,Paysandú,Domum,Av. Salto 630,Av. Salto,630,,,47223724,,,,,
MIDES-259,ELP-0715,mides_certificado_social,Establecimientos con Certificado Social publicados por MIDES,2026-01-12,https://www.gub.uy/ministerio-desarrollo-social/etiqueta/otros/paysandu-establecimientos-larga-estadia-para-personas-mayores-certificado-social,Páginas departamentales MIDES,259,Paysandú,Paysandú,Casa Provenza,Soriano 1117,Soriano,1117,,,47236263,,,,,
MIDES-260,ELP-0719,mides_certificado_social,Establecimientos con Certificado Social publicados por MIDES,2026-01-12,https://www.gub.uy/ministerio-desarrollo-social/etiqueta/otros/paysandu-establecimientos-larga-estadia-para-personas-mayores-certificado-social,Páginas departamentales MIDES,260,Paysandú,Paysandú,Las Nonas,Zorrilla 743,Zorrilla,743,,,47238453 / 091859822,,,,,
MIDES-261,ELP-0711,mides_certificado_social,Establecimientos con Certificado Social publicados por MIDES,2026-01-12,https://www.gub.uy/ministerio-desarrollo-social/etiqueta/otros/paysandu-establecimientos-larga-estadia-para-personas-mayores-certificado-social,Páginas departamentales MIDES,261,Paysandú,Paysandú,Ángeles Maisson,Juncal 841,Juncal,841,,,47226722,,,,,
MIDES-262,ELP-0733,mides_certificado_social,Establecimientos con Certificado Social publicados por MIDES,2024-07-15,https://www.gub.uy/ministerio-desarrollo-social/etiqueta/otros/rio-negro-establecimientos-larga-estadia-para-personas-mayores-certificado-social,Páginas departamentales MIDES,262,Río Negro,Fray Bentos,El es mi Paz,Treinta y tres 3169,Treinta y tres,3169,,,45622194,,,,,
MIDES-263,ELP-0734,mides_certificado_social,Establecimientos con Certificado Social publicados por MIDES,2024-07-15,https://www.gub.uy/ministerio-desarrollo-social/etiqueta/otros/rio-negro-establecimientos-larga-estadia-para-personas-mayores-certificado-social,Páginas departamentales MIDES,263,Río Negro,Young,Valentin Berezan,Hervidero 1866,Hervidero,1866,,,45672018 / 45675358,,,,,
MIDES-264,ELP-0738,mides_certificado_social,Establecimientos con Certificado Social publicados por MIDES,2024-07-15,https://www.gub.uy/ministerio-desarrollo-social/etiqueta/otros/salto-establecimientos-larga-estadia-para-personas-mayores-certificado-social,Páginas departamentales MIDES,264,Salto,Salto,Años Dorados,Enrique Amorin 1563,Enrique Amorin,1563,,,47342522,,,,,
MIDES-265,ELP-0754,mides_certificado_social,Establecimientos con Certificado Social publicados por MIDES,2024-07-15,https://www.gub.uy/ministerio-desarrollo-social/etiqueta/otros/salto-establecimientos-larga-estadia-para-personas-mayores-certificado-social,Páginas departamentales MIDES,265,Salto,Salto,Talabi,Bilbao 1570/1572,Bilbao,1570/1572,,,47377247,,,,,
MIDES-266,ELP-0750,mides_certificado_social,Establecimientos con Certificado Social publicados por MIDES,2024-07-15,https://www.gub.uy/ministerio-desarrollo-social/etiqueta/otros/salto-establecimientos-larga-estadia-para-personas-mayores-certificado-social,Páginas departamentales MIDES,266,Salto,Salto,Residencial Sol,Invernizzi 53,Invernizzi,53,,,47338272,,,,,
MIDES-267,ELP-0755,mides_certificado_social,Establecimientos con Certificado Social publicados por MIDES,2026-01-12,https://www.gub.uy/ministerio-desarrollo-social/etiqueta/otros/san-jose-establecimientos-larga-estadia-para-personas-mayores-certificado-social,Páginas departamentales MIDES,267,San José,San José,Residencia De Asistencia Al Anciano E Impedido,Artigas 417,Artigas,417,,,43422989,,,,,
MIDES-268,ELP-0769,mides_certificado_social,Establecimientos con Certificado Social publicados por MIDES,2026-01-12,https://www.gub.uy/ministerio-desarrollo-social/etiqueta/otros/san-jose-establecimientos-larga-estadia-para-personas-mayores-certificado-social,Páginas departamentales MIDES,268,San José,San José,Hogar de Ancianos de San José,"Ruta 3 – Gral. Artigas Km 91,500",Ruta 3 – Gral. Artigas,"Km 91,500",,,43422730,,,,,
MIDES-269,ELP-0760,mides_certificado_social,Establecimientos con Certificado Social publicados por MIDES,2026-01-12,https://www.gub.uy/ministerio-desarrollo-social/etiqueta/otros/san-jose-establecimientos-larga-estadia-para-personas-mayores-certificado-social,Páginas departamentales MIDES,269,San José,Libertad,El Quincho,San José 800,San José,800,,,43453764,,,,,
MIDES-270,ELP-0756,mides_certificado_social,Establecimientos con Certificado Social publicados por MIDES,2026-01-12,https://www.gub.uy/ministerio-desarrollo-social/etiqueta/otros/san-jose-establecimientos-larga-estadia-para-personas-mayores-certificado-social,Páginas departamentales MIDES,270,San José,Libertad,Casa Campo,Colon 1074,Colon,1074,,,43450011,,,,,
MIDES-271,ELP-0764,mides_certificado_social,Establecimientos con Certificado Social publicados por MIDES,2026-01-12,https://www.gub.uy/ministerio-desarrollo-social/etiqueta/otros/san-jose-establecimientos-larga-estadia-para-personas-mayores-certificado-social,Páginas departamentales MIDES,271,San José,Libertad,Emmanuel,25 De Agosto 544,25 De Agosto,544,,,43453204,,,,,
MIDES-272,ELP-0766,mides_certificado_social,Establecimientos con Certificado Social publicados por MIDES,2026-01-12,https://www.gub.uy/ministerio-desarrollo-social/etiqueta/otros/san-jose-establecimientos-larga-estadia-para-personas-mayores-certificado-social,Páginas departamentales MIDES,272,San José,Libertad,Granja Los Abuelos,"Ruta 1 Km 45,500",Ruta 1,"Km 45,500",,,43451428,,,,,
MIDES-273,ELP-0777,mides_certificado_social,Establecimientos con Certificado Social publicados por MIDES,2026-01-12,https://www.gub.uy/ministerio-desarrollo-social/etiqueta/otros/san-jose-establecimientos-larga-estadia-para-personas-mayores-certificado-social,Páginas departamentales MIDES,273,San José,Libertad,Mariel,Banchero 1201,Banchero,1201,,,43452554,,,,,
MIDES-274,ELP-0771,mides_certificado_social,Establecimientos con Certificado Social publicados por MIDES,2026-01-12,https://www.gub.uy/ministerio-desarrollo-social/etiqueta/otros/san-jose-establecimientos-larga-estadia-para-personas-mayores-certificado-social,Páginas departamentales MIDES,274,San José,Ecilda Paullier,Hogar de Ancianos Delta,"Ruta 1 Km 94,000",Ruta 1,"Km 94,000",,,43492308,,,,,
MIDES-275,ELP-0759,mides_certificado_social,Establecimientos con Certificado Social publicados por MIDES,2026-01-12,https://www.gub.uy/ministerio-desarrollo-social/etiqueta/otros/san-jose-establecimientos-larga-estadia-para-personas-mayores-certificado-social,Páginas departamentales MIDES,275,San José,Ciudad Del Plata,El Buen Vivir,"River Plate S/N, Esquina Pedro Cea M56 S7","River Plate S/N, Esquina Pedro Cea",M56 S7,,,23477799,,,,,
MIDES-276,ELP-0758,mides_certificado_social,Establecimientos con Certificado Social publicados por MIDES,2026-01-12,https://www.gub.uy/ministerio-desarrollo-social/etiqueta/otros/san-jose-establecimientos-larga-estadia-para-personas-mayores-certificado-social,Páginas departamentales MIDES,276,San José,Ciudad del Plata,Décadas Doradas,San José M1 s20,San José,M1 s20,,,23467692,,,,,
MIDES-277,ELP-0789,mides_certificado_social,Establecimientos con Certificado Social publicados por MIDES,2026-01-12,https://www.gub.uy/ministerio-desarrollo-social/etiqueta/otros/soriano-establecimientos-larga-estadia-para-personas-mayores-certificado-social,Páginas departamentales MIDES,277,Soriano,Mercedes,Ricardo Braceras,"Ruta 2 Km 277,500",Ruta 2,"Km 277,500",,,45323130,,,,,
MIDES-278,ELP-0791,mides_certificado_social,Establecimientos con Certificado Social publicados por MIDES,2026-01-12,https://www.gub.uy/ministerio-desarrollo-social/etiqueta/otros/soriano-establecimientos-larga-estadia-para-personas-mayores-certificado-social,Páginas departamentales MIDES,278,Soriano,Dolores,Hogar de Ancianos Manuel Souto,18 De Julio 1283,18 De Julio,1283,,,45342450 / 45342749,,,,,
MIDES-279,ELP-0797,mides_certificado_social,Establecimientos con Certificado Social publicados por MIDES,2026-01-12,https://www.gub.uy/ministerio-desarrollo-social/etiqueta/otros/soriano-establecimientos-larga-estadia-para-personas-mayores-certificado-social,Páginas departamentales MIDES,279,Soriano,Mercedes,Sueños Dorados II,Florencio Sánchez 630,Florencio Sánchez,630,,,45356249,,,,,
MIDES-280,ELP-0792,mides_certificado_social,Establecimientos con Certificado Social publicados por MIDES,2026-01-12,https://www.gub.uy/ministerio-desarrollo-social/etiqueta/otros/soriano-establecimientos-larga-estadia-para-personas-mayores-certificado-social,Páginas departamentales MIDES,280,Soriano,Palmitas,Hogar Don Ricardo Chacón (Instituto Pro Bienestar del Anciano De Palmitas),Zorrilla Esq. Fray Bernardino De Guzmán S/N,Zorrilla Esq. Fray Bernardino De Guzmán,S/N,,,45379372,,,,,
MIDES-281,ELP-0790,mides_certificado_social,Establecimientos con Certificado Social publicados por MIDES,2026-01-12,https://www.gub.uy/ministerio-desarrollo-social/etiqueta/otros/soriano-establecimientos-larga-estadia-para-personas-mayores-certificado-social,Páginas departamentales MIDES,281,Soriano,Egaña,Hogar Don Joaquín,Yamandu S/N Entre San Salvador Y De La Estación S/N,Yamandu S/N Entre San Salvador Y De La Estación,S/N,,,45388534,,,,,
MSPR-001-2017,ELP-0405,msp_certificado_registro_historico,Certificados de registro ELEPEM emitidos 2017-marzo 2024,2017,https://www.gub.uy/ministerio-salud-publica/sites/ministerio-salud-publica/files/2024-03/ELEPEM%20CERTIFICADOS%207-3-2024.pdf,ELEPEM CERTIFICADOS 7-3-2024.pdf,001/2017,Montevideo,,Fraternidad,Emilio Romero 290,Emilio Romero,290,,,,001/2017,2017,Susana Villardino,,
MSPR-002-2017,ELP-0701,msp_certificado_registro_historico,Certificados de registro ELEPEM emitidos 2017-marzo 2024,2017,https://www.gub.uy/ministerio-salud-publica/sites/ministerio-salud-publica/files/2024-03/ELEPEM%20CERTIFICADOS%207-3-2024.pdf,ELEPEM CERTIFICADOS 7-3-2024.pdf,002/2017,Montevideo,,Tío Tito,Blanes Viale 5910,Blanes Viale,5910,,,,002/2017,2017,Alejandro Morelli,,
MSPR-003-2017,ELP-0689,msp_certificado_registro_historico,Certificados de registro ELEPEM emitidos 2017-marzo 2024,2017,https://www.gub.uy/ministerio-salud-publica/sites/ministerio-salud-publica/files/2024-03/ELEPEM%20CERTIFICADOS%207-3-2024.pdf,ELEPEM CERTIFICADOS 7-3-2024.pdf,003/2017,Montevideo,,Sol de Otoño,Maldonado 1487,Maldonado,1487,,,,003/2017,2017,Graciela Cuervo,,
MSPR-004-2017,ELP-0540,msp_certificado_registro_historico,Certificados de registro ELEPEM emitidos 2017-marzo 2024,2017,https://www.gub.uy/ministerio-salud-publica/sites/ministerio-salud-publica/files/2024-03/ELEPEM%20CERTIFICADOS%207-3-2024.pdf,ELEPEM CERTIFICADOS 7-3-2024.pdf,004/2017,Montevideo,,Nazareth,Maldonado 1474,Maldonado,1474,,,,004/2017,2017,Graciela Cuervo,,
MSPR-005-2017,ELP-0316,msp_certificado_registro_historico,Certificados de registro ELEPEM emitidos 2017-marzo 2024,2017,https://www.gub.uy/ministerio-salud-publica/sites/ministerio-salud-publica/files/2024-03/ELEPEM%20CERTIFICADOS%207-3-2024.pdf,ELEPEM CERTIFICADOS 7-3-2024.pdf,005/2017,Montevideo,,Belleville,Deauville 1758,Deauville,1758,,,,005/2017,2017,Martín Zaquiere,,
MSPR-006-2017,ELP-0709,msp_certificado_registro_historico,Certificados de registro ELEPEM emitidos 2017-marzo 2024,2017,https://www.gub.uy/ministerio-salud-publica/sites/ministerio-salud-publica/files/2024-03/ELEPEM%20CERTIFICADOS%207-3-2024.pdf,ELEPEM CERTIFICADOS 7-3-2024.pdf,006/2017,Montevideo,,Vivir Mejor,Presidente Giró 2466,Presidente Giró,2466,,,,006/2017,2017,Alejandra Tálice,,
MSPR-007-2017,ELP-0377,msp_certificado_registro_historico,Certificados de registro ELEPEM emitidos 2017-marzo 2024,2017,https://www.gub.uy/ministerio-salud-publica/sites/ministerio-salud-publica/files/2024-03/ELEPEM%20CERTIFICADOS%207-3-2024.pdf,ELEPEM CERTIFICADOS 7-3-2024.pdf,007/2017,Montevideo,,Dos Lunas,Canelones 1276,Canelones,1276,,,,007/2017,2017,Graciela Cuervo,,
MSPR-008-2017,ELP-0477,msp_certificado_registro_historico,Certificados de registro ELEPEM emitidos 2017-marzo 2024,2017,https://www.gub.uy/ministerio-salud-publica/sites/ministerio-salud-publica/files/2024-03/ELEPEM%20CERTIFICADOS%207-3-2024.pdf,ELEPEM CERTIFICADOS 7-3-2024.pdf,008/2017,Montevideo,,Laguna Dorada,Cooper 2025,Cooper,2025,,,,008/2017,2017,Martín Zaquiere,,
MSPR-009-2017,ELP-0566,msp_certificado_registro_historico,Certificados de registro ELEPEM emitidos 2017-marzo 2024,2017,https://www.gub.uy/ministerio-salud-publica/sites/ministerio-salud-publica/files/2024-03/ELEPEM%20CERTIFICADOS%207-3-2024.pdf,ELEPEM CERTIFICADOS 7-3-2024.pdf,009/2017,Montevideo,,Remansum I,Charrúa 2224,Charrúa,2224,,,,009/2017,2017,Carlos Puig,,
MSPR-010-2017,ELP-0197,msp_certificado_registro_historico,Certificados de registro ELEPEM emitidos 2017-marzo 2024,2017,https://www.gub.uy/ministerio-salud-publica/sites/ministerio-salud-publica/files/2024-03/ELEPEM%20CERTIFICADOS%207-3-2024.pdf,ELEPEM CERTIFICADOS 7-3-2024.pdf,010/2017,Florida,,Villa María,Faustino López 905,Faustino López,905,,,,010/2017,2017,Gabriel Risso,,
MSPR-011-2017,ELP-0555,msp_certificado_registro_historico,Certificados de registro ELEPEM emitidos 2017-marzo 2024,2017,https://www.gub.uy/ministerio-salud-publica/sites/ministerio-salud-publica/files/2024-03/ELEPEM%20CERTIFICADOS%207-3-2024.pdf,ELEPEM CERTIFICADOS 7-3-2024.pdf,011/2017,Montevideo,,Palas Atenea,Blvr. España 2488,Blvr. España,2488,,,,011/2017,2017,Lourdes Tellechea,,
MSPR-012-2017,ELP-0646,msp_certificado_registro_historico,Certificados de registro ELEPEM emitidos 2017-marzo 2024,2017,https://www.gub.uy/ministerio-salud-publica/sites/ministerio-salud-publica/files/2024-03/ELEPEM%20CERTIFICADOS%207-3-2024.pdf,ELEPEM CERTIFICADOS 7-3-2024.pdf,012/2017,Montevideo,,Segunda Juventud,Marcelino Sosa,Marcelino Sosa,,,,,012/2017,2017,Rossana Dornel,,
MSPR-013-2017,ELP-0676,msp_certificado_registro_historico,Certificados de registro ELEPEM emitidos 2017-marzo 2024,2017,https://www.gub.uy/ministerio-salud-publica/sites/ministerio-salud-publica/files/2024-03/ELEPEM%20CERTIFICADOS%207-3-2024.pdf,ELEPEM CERTIFICADOS 7-3-2024.pdf,013/2017,Montevideo,,San Jorge,Av. Rivera 2520,Av. Rivera,2520,,,,013/2017,2017,Federico Lorenzo,,
MSPR-014-2017,ELP-0179,msp_certificado_registro_historico,Certificados de registro ELEPEM emitidos 2017-marzo 2024,2017,https://www.gub.uy/ministerio-salud-publica/sites/ministerio-salud-publica/files/2024-03/ELEPEM%20CERTIFICADOS%207-3-2024.pdf,ELEPEM CERTIFICADOS 7-3-2024.pdf,014/2017,Florida,,Guazú Roga,Dr. Oscar González 696,Dr. Oscar González,696,,,,014/2017,2017,Fernando Botta,,
MSPR-015-2017,ELP-0397,msp_certificado_registro_historico,Certificados de registro ELEPEM emitidos 2017-marzo 2024,2017,https://www.gub.uy/ministerio-salud-publica/sites/ministerio-salud-publica/files/2024-03/ELEPEM%20CERTIFICADOS%207-3-2024.pdf,ELEPEM CERTIFICADOS 7-3-2024.pdf,015/2017,Montevideo,,Erika,Arismendi 1425,Arismendi,1425,,,,015/2017,2017,Hugo de los Santos,,
MSPR-016-2017,ELP-0211,msp_certificado_registro_historico,Certificados de registro ELEPEM emitidos 2017-marzo 2024,2017,https://www.gub.uy/ministerio-salud-publica/sites/ministerio-salud-publica/files/2024-03/ELEPEM%20CERTIFICADOS%207-3-2024.pdf,ELEPEM CERTIFICADOS 7-3-2024.pdf,016/2017,Maldonado,,Azahares,18 de Julio 1401,,18 de Julio 1401,,,,016/2017,2017,José Antonio González,,
MSPR-017-2017,ELP-0457,msp_certificado_registro_historico,Certificados de registro ELEPEM emitidos 2017-marzo 2024,2017,https://www.gub.uy/ministerio-salud-publica/sites/ministerio-salud-publica/files/2024-03/ELEPEM%20CERTIFICADOS%207-3-2024.pdf,ELEPEM CERTIFICADOS 7-3-2024.pdf,017/2017,Montevideo,,Kalas,Carabelas 3511,Carabelas,3511,,,,017/2017,2017,Natalia Llandó,,
MSPR-018-2017,ELP-0271,msp_certificado_registro_historico,Certificados de registro ELEPEM emitidos 2017-marzo 2024,2017,https://www.gub.uy/ministerio-salud-publica/sites/ministerio-salud-publica/files/2024-03/ELEPEM%20CERTIFICADOS%207-3-2024.pdf,ELEPEM CERTIFICADOS 7-3-2024.pdf,018/2017,Maldonado,,Segunda Familia,Nelson Feria S/N,Nelson Feria,S/N,,,,018/2017,2017,Federico de la Rosa,,
MSPR-019-2017,ELP-0737,msp_certificado_registro_historico,Certificados de registro ELEPEM emitidos 2017-marzo 2024,2017,https://www.gub.uy/ministerio-salud-publica/sites/ministerio-salud-publica/files/2024-03/ELEPEM%20CERTIFICADOS%207-3-2024.pdf,ELEPEM CERTIFICADOS 7-3-2024.pdf,019/2017,Salto,,Anahata,8 de Octubre 1239,,8 de Octubre 1239,,,,019/2017,2017,Ana de Souza,,
MSPR-020-2017,ELP-0338,msp_certificado_registro_historico,Certificados de registro ELEPEM emitidos 2017-marzo 2024,2017,https://www.gub.uy/ministerio-salud-publica/sites/ministerio-salud-publica/files/2024-03/ELEPEM%20CERTIFICADOS%207-3-2024.pdf,ELEPEM CERTIFICADOS 7-3-2024.pdf,020/2017,Montevideo,,Casablanca,Pablo de María 1172,Pablo de María,1172,,,,020/2017,2017,Virginia García,,
MSPR-021-2017,ELP-0554,msp_certificado_registro_historico,Certificados de registro ELEPEM emitidos 2017-marzo 2024,2017,https://www.gub.uy/ministerio-salud-publica/sites/ministerio-salud-publica/files/2024-03/ELEPEM%20CERTIFICADOS%207-3-2024.pdf,ELEPEM CERTIFICADOS 7-3-2024.pdf,021/2017,Montevideo,,Pájaros Pintados,Tomás de Tezanos 1029,Tomás de Tezanos,1029,,,,021/2017,2017,Margarita Beduchaud,,
MSPR-022-2017,ELP-0453,msp_certificado_registro_historico,Certificados de registro ELEPEM emitidos 2017-marzo 2024,2017,https://www.gub.uy/ministerio-salud-publica/sites/ministerio-salud-publica/files/2024-03/ELEPEM%20CERTIFICADOS%207-3-2024.pdf,ELEPEM CERTIFICADOS 7-3-2024.pdf,022/2017,Montevideo,,Jackson,Jackson 936,Jackson,936,,,,022/2017,2017,Alicia Menéndez,,
MSPR-023-2017,ELP-0435,msp_certificado_registro_historico,Certificados de registro ELEPEM emitidos 2017-marzo 2024,2017,https://www.gub.uy/ministerio-salud-publica/sites/ministerio-salud-publica/files/2024-03/ELEPEM%20CERTIFICADOS%207-3-2024.pdf,ELEPEM CERTIFICADOS 7-3-2024.pdf,023/2017,Montevideo,,Hogar Israelita,Av. Burgues 3194,Av. Burgues,3194,,,,023/2017,2017,Marianella Mures,,
MSPR-024-2017,ELP-0210,msp_certificado_registro_historico,Certificados de registro ELEPEM emitidos 2017-marzo 2024,2017,https://www.gub.uy/ministerio-salud-publica/sites/ministerio-salud-publica/files/2024-03/ELEPEM%20CERTIFICADOS%207-3-2024.pdf,ELEPEM CERTIFICADOS 7-3-2024.pdf,024/2017,Maldonado,,Atuvera,Cuba S/N,Cuba,S/N,,,,024/2017,2017,Ana Cruzado,,
MSPR-025-2017,ELP-0736,msp_certificado_registro_historico,Certificados de registro ELEPEM emitidos 2017-marzo 2024,2017,https://www.gub.uy/ministerio-salud-publica/sites/ministerio-salud-publica/files/2024-03/ELEPEM%20CERTIFICADOS%207-3-2024.pdf,ELEPEM CERTIFICADOS 7-3-2024.pdf,025/2017,Río Negro,,Valodia,25 de Agosto S/N,,25 de Agosto S/N,,,,025/2017,2017,Eduardo Viera,,
MSPR-026-2017,ELP-0356,msp_certificado_registro_historico,Certificados de registro ELEPEM emitidos 2017-marzo 2024,2017,https://www.gub.uy/ministerio-salud-publica/sites/ministerio-salud-publica/files/2024-03/ELEPEM%20CERTIFICADOS%207-3-2024.pdf,ELEPEM CERTIFICADOS 7-3-2024.pdf,026/2017,Montevideo,,Club de Abuelos del Prado,Av. Agraciada 3705,Av. Agraciada,3705,,,,026/2017,2017,Doris Baccino,,
MSPR-027-2017,ELP-0482,msp_certificado_registro_historico,Certificados de registro ELEPEM emitidos 2017-marzo 2024,2017,https://www.gub.uy/ministerio-salud-publica/sites/ministerio-salud-publica/files/2024-03/ELEPEM%20CERTIFICADOS%207-3-2024.pdf,ELEPEM CERTIFICADOS 7-3-2024.pdf,027/2017,Montevideo,,Los Condes,Palmar 2644,Palmar,2644,,,,027/2017,2017,Adriana Gérez,,
MSPR-028-2017,ELP-0213,msp_certificado_registro_historico,Certificados de registro ELEPEM emitidos 2017-marzo 2024,2017,https://www.gub.uy/ministerio-salud-publica/sites/ministerio-salud-publica/files/2024-03/ELEPEM%20CERTIFICADOS%207-3-2024.pdf,ELEPEM CERTIFICADOS 7-3-2024.pdf,028/2017,Maldonado,,Casa di Reposo da Giuliana,"Parada 5 de Av. Francia, Chalet de nombre “Le Bosquet”",Parada,"5 de Av. Francia, Chalet de nombre “Le Bosquet”",,,,028/2017,2017,Gabriela Alliaume,,
MSPR-001-2018,ELP-0413,msp_certificado_registro_historico,Certificados de registro ELEPEM emitidos 2017-marzo 2024,2018,https://www.gub.uy/ministerio-salud-publica/sites/ministerio-salud-publica/files/2024-03/ELEPEM%20CERTIFICADOS%207-3-2024.pdf,ELEPEM CERTIFICADOS 7-3-2024.pdf,001/2018,Montevideo,,Gerardo SRL,Uruguayana 3222,Uruguayana,3222,,,,001/2018,2018,Dr. Fernando Labanca,,
MSPR-002-2018,ELP-0200,msp_certificado_registro_historico,Certificados de registro ELEPEM emitidos 2017-marzo 2024,2018,https://www.gub.uy/ministerio-salud-publica/sites/ministerio-salud-publica/files/2024-03/ELEPEM%20CERTIFICADOS%207-3-2024.pdf,ELEPEM CERTIFICADOS 7-3-2024.pdf,002/2018,Lavalleja,,Hogar de Ancianos Solís de Mataojo,18 de Julio s/n - Solís de Mataojo,,18 de Julio s/n - Solís de Mataojo,,,,002/2018,2018,Dr. Manuel Faraldo Alem,,
MSPR-003-2018,ELP-0216,msp_certificado_registro_historico,Certificados de registro ELEPEM emitidos 2017-marzo 2024,2018,https://www.gub.uy/ministerio-salud-publica/sites/ministerio-salud-publica/files/2024-03/ELEPEM%20CERTIFICADOS%207-3-2024.pdf,ELEPEM CERTIFICADOS 7-3-2024.pdf,003/2018,Maldonado,,En Familia,Av. Lavalleja 921,Av. Lavalleja,921,,,,003/2018,2018,Dra. Ma. Mercedes Mendez Galecio,,
MSPR-004-2018,ELP-0224,msp_certificado_registro_historico,Certificados de registro ELEPEM emitidos 2017-marzo 2024,2018,https://www.gub.uy/ministerio-salud-publica/sites/ministerio-salud-publica/files/2024-03/ELEPEM%20CERTIFICADOS%207-3-2024.pdf,ELEPEM CERTIFICADOS 7-3-2024.pdf,004/2018,Maldonado,,Kamomila,"Av. Francia Chalet ""Guaviyú"" - Punta del Este","Av. Francia Chalet ""Guaviyú"" - Punta del Este",,,,,004/2018,2018,Dra. Inés Echarri,,
MSPR-005-2018,ELP-0212,msp_certificado_registro_historico,Certificados de registro ELEPEM emitidos 2017-marzo 2024,2018,https://www.gub.uy/ministerio-salud-publica/sites/ministerio-salud-publica/files/2024-03/ELEPEM%20CERTIFICADOS%207-3-2024.pdf,ELEPEM CERTIFICADOS 7-3-2024.pdf,005/2018,Maldonado,,Casa del Sol,Mercedes s/n entre Av. Córdoba y Mar del Coral - Punta del Este,Mercedes,S/N,,,,005/2018,2018,Dra. Liliana Maria Díaz Hernández,,
MSPR-006-2018,ELP-0515,msp_certificado_registro_historico,Certificados de registro ELEPEM emitidos 2017-marzo 2024,2018,https://www.gub.uy/ministerio-salud-publica/sites/ministerio-salud-publica/files/2024-03/ELEPEM%20CERTIFICADOS%207-3-2024.pdf,ELEPEM CERTIFICADOS 7-3-2024.pdf,006/2018,Montevideo,,Manas Home,Millington Drake 1993,Millington Drake,1993,,,,006/2018,2018,Dra. Graziella Alda Levaggi Grasso,,
MSPR-007-2018,ELP-0438,msp_certificado_registro_historico,Certificados de registro ELEPEM emitidos 2017-marzo 2024,2018,https://www.gub.uy/ministerio-salud-publica/sites/ministerio-salud-publica/files/2024-03/ELEPEM%20CERTIFICADOS%207-3-2024.pdf,ELEPEM CERTIFICADOS 7-3-2024.pdf,007/2018,Montevideo,,Hogar La Toscana,Av. Centenario 3076,Av. Centenario,3076,,,,007/2018,2018,Adriana Isabel Schopfer Guillen,,
MSPR-008-2018,ELP-0547,msp_certificado_registro_historico,Certificados de registro ELEPEM emitidos 2017-marzo 2024,2018,https://www.gub.uy/ministerio-salud-publica/sites/ministerio-salud-publica/files/2024-03/ELEPEM%20CERTIFICADOS%207-3-2024.pdf,ELEPEM CERTIFICADOS 7-3-2024.pdf,008/2018,Montevideo,,Nueva Vida,Joaquín de Salterain 1328,Joaquín de Salterain,1328,,,,008/2018,2018,Dra. Alicia Menéndez,,
MSPR-009-2018,ELP-0680,msp_certificado_registro_historico,Certificados de registro ELEPEM emitidos 2017-marzo 2024,2018,https://www.gub.uy/ministerio-salud-publica/sites/ministerio-salud-publica/files/2024-03/ELEPEM%20CERTIFICADOS%207-3-2024.pdf,ELEPEM CERTIFICADOS 7-3-2024.pdf,009/2018,Montevideo,,Saniguet,Av. Millán 3260,Av. Millán,3260,,,,009/2018,2018,Dra. Adriana Schopfer,,
MSPR-010-2018,ELP-0404,msp_certificado_registro_historico,Certificados de registro ELEPEM emitidos 2017-marzo 2024,2018,https://www.gub.uy/ministerio-salud-publica/sites/ministerio-salud-publica/files/2024-03/ELEPEM%20CERTIFICADOS%207-3-2024.pdf,ELEPEM CERTIFICADOS 7-3-2024.pdf,010/2018,Montevideo,,Filotea,Blvr. Artigas 4394,Blvr. Artigas,4394,,,,010/2018,2018,Dr. Gustavo Miquelerena,,
MSPR-011-2018,ELP-0448,msp_certificado_registro_historico,Certificados de registro ELEPEM emitidos 2017-marzo 2024,2018,https://www.gub.uy/ministerio-salud-publica/sites/ministerio-salud-publica/files/2024-03/ELEPEM%20CERTIFICADOS%207-3-2024.pdf,ELEPEM CERTIFICADOS 7-3-2024.pdf,011/2018,Montevideo,,Hotel Continental,Paraguay 1372,Paraguay,1372,,,,011/2018,2018,Dr. Arthur Hein,,
MSPR-012-2018,ELP-0686,msp_certificado_registro_historico,Certificados de registro ELEPEM emitidos 2017-marzo 2024,2018,https://www.gub.uy/ministerio-salud-publica/sites/ministerio-salud-publica/files/2024-03/ELEPEM%20CERTIFICADOS%207-3-2024.pdf,ELEPEM CERTIFICADOS 7-3-2024.pdf,012/2018,Montevideo,,SERAAN,Av. Millán 3346,Av. Millán,3346,,,,012/2018,2018,Dra. Liliana Puchkoff Lastres,,
MSPR-013-2018,ELP-0199,msp_certificado_registro_historico,Certificados de registro ELEPEM emitidos 2017-marzo 2024,2018,https://www.gub.uy/ministerio-salud-publica/sites/ministerio-salud-publica/files/2024-03/ELEPEM%20CERTIFICADOS%207-3-2024.pdf,ELEPEM CERTIFICADOS 7-3-2024.pdf,013/2018,Lavalleja,,Hogar de Ancianos Mariscala,Minas entre Javier de Viana y Sarandí,Minas entre Javier de Viana y Sarandí,,,,,013/2018,2018,Dr.Luis Alba,,
MSPR-014-2018,ELP-0026,msp_certificado_registro_historico,Certificados de registro ELEPEM emitidos 2017-marzo 2024,2018,https://www.gub.uy/ministerio-salud-publica/sites/ministerio-salud-publica/files/2024-03/ELEPEM%20CERTIFICADOS%207-3-2024.pdf,ELEPEM CERTIFICADOS 7-3-2024.pdf,014/2018,Canelones,,Gracias a Dios,Calle 12 entre A y B - Las Toscas Norte,Calle,12,,,,014/2018,2018,Dra. Blanca Ribeiro,,
MSPR-015-2018,ELP-0044,msp_certificado_registro_historico,Certificados de registro ELEPEM emitidos 2017-marzo 2024,2018,https://www.gub.uy/ministerio-salud-publica/sites/ministerio-salud-publica/files/2024-03/ELEPEM%20CERTIFICADOS%207-3-2024.pdf,ELEPEM CERTIFICADOS 7-3-2024.pdf,015/2018,Canelones,,La Bonne Vie,Río Negro M216 S15 - El Pinar,Río Negro M,216 S15 - El Pinar,,,,015/2018,2018,Dra. Virginia Ortiz,,
MSPR-016-2018,ELP-0496,msp_certificado_registro_historico,Certificados de registro ELEPEM emitidos 2017-marzo 2024,2018,https://www.gub.uy/ministerio-salud-publica/sites/ministerio-salud-publica/files/2024-03/ELEPEM%20CERTIFICADOS%207-3-2024.pdf,ELEPEM CERTIFICADOS 7-3-2024.pdf,016/2018,Montevideo,,Laurita,Enrique Martínez 1425,Enrique Martínez,1425,,,,016/2018,2018,Dr. Andrés González Berro,,
MSPR-017-2018,ELP-0001,msp_certificado_registro_historico,Certificados de registro ELEPEM emitidos 2017-marzo 2024,2018,https://www.gub.uy/ministerio-salud-publica/sites/ministerio-salud-publica/files/2024-03/ELEPEM%20CERTIFICADOS%207-3-2024.pdf,ELEPEM CERTIFICADOS 7-3-2024.pdf,017/2018,Artigas,,Elida Moreira de Zambiazo,"en Paraje Cuareim, calle 10 s/n - Bella Unión","en Paraje Cuareim, calle",10 s/n - Bella Unión,,,,017/2018,2018,Dr. Miguel Tarino,,
MSPR-018-2018,ELP-0117,msp_certificado_registro_historico,Certificados de registro ELEPEM emitidos 2017-marzo 2024,2018,https://www.gub.uy/ministerio-salud-publica/sites/ministerio-salud-publica/files/2024-03/ELEPEM%20CERTIFICADOS%207-3-2024.pdf,ELEPEM CERTIFICADOS 7-3-2024.pdf,018/2018,Colonia,,Hogar de Ancianos Dr. Luis Mazza,Camino A El Calabrés esq. Ruta 1 - Colonia del Sacramento,Camino A El Calabrés esq. Ruta,1 - Colonia del Sacramento,,,,018/2018,2018,Dr. Marcos Muselli,,
MSPR-019-2018,ELP-0103,msp_certificado_registro_historico,Certificados de registro ELEPEM emitidos 2017-marzo 2024,2018,https://www.gub.uy/ministerio-salud-publica/sites/ministerio-salud-publica/files/2024-03/ELEPEM%20CERTIFICADOS%207-3-2024.pdf,ELEPEM CERTIFICADOS 7-3-2024.pdf,019/2018,Colonia,,Aida Arce,Carmen 274,Carmen,274,,,,019/2018,2018,Dr. Héctor Chamul,,
MSPR-020-2018,ELP-0211,msp_certificado_registro_historico,Certificados de registro ELEPEM emitidos 2017-marzo 2024,2018,https://www.gub.uy/ministerio-salud-publica/sites/ministerio-salud-publica/files/2024-03/ELEPEM%20CERTIFICADOS%207-3-2024.pdf,ELEPEM CERTIFICADOS 7-3-2024.pdf,020/2018,Maldonado,,Azahares (Modificación DT),18 de Julio 1401 - San Carlos,,18 de Julio 1401 - San Carlos,,,,020/2018,2018,Dr. Leandro José Santos Olivera,,
MSPR-021-2018,ELP-0472,msp_certificado_registro_historico,Certificados de registro ELEPEM emitidos 2017-marzo 2024,2018,https://www.gub.uy/ministerio-salud-publica/sites/ministerio-salud-publica/files/2024-03/ELEPEM%20CERTIFICADOS%207-3-2024.pdf,ELEPEM CERTIFICADOS 7-3-2024.pdf,021/2018,Montevideo,,La Serena,Belastiqui 1372,Belastiqui,1372,,,,021/2018,2018,Dra. Claudia Fabiana Llorca Hernández,,
MSPR-022-2018,ELP-0097,msp_certificado_registro_historico,Certificados de registro ELEPEM emitidos 2017-marzo 2024,2018,https://www.gub.uy/ministerio-salud-publica/sites/ministerio-salud-publica/files/2024-03/ELEPEM%20CERTIFICADOS%207-3-2024.pdf,ELEPEM CERTIFICADOS 7-3-2024.pdf,022/2018,Canelones,,Taita Guazú,Ruta 36 Km. 30500 - Los Cerrillos,Ruta 36,Km 30500,,,,022/2018,2018,Dra. María Lorena Barthes Mederos,,
MSPR-023-2018,ELP-0121,msp_certificado_registro_historico,Certificados de registro ELEPEM emitidos 2017-marzo 2024,2018,https://www.gub.uy/ministerio-salud-publica/sites/ministerio-salud-publica/files/2024-03/ELEPEM%20CERTIFICADOS%207-3-2024.pdf,ELEPEM CERTIFICADOS 7-3-2024.pdf,023/2018,Colonia,,Movimiento Pro Bienestar Social del Anciano - Juan Lacaze,Ruta 54 - Km 2 - Juan Lacaze,Ruta 54,Km 2,,,,023/2018,2018,Dr. Federico Dotti,,
MSPR-024-2018,ELP-0123,msp_certificado_registro_historico,Certificados de registro ELEPEM emitidos 2017-marzo 2024,2018,https://www.gub.uy/ministerio-salud-publica/sites/ministerio-salud-publica/files/2024-03/ELEPEM%20CERTIFICADOS%207-3-2024.pdf,ELEPEM CERTIFICADOS 7-3-2024.pdf,024/2018,Colonia,,Hogar Tarariras,Cincuentenario 1566 - Tarariras,Cincuentenario,1566 - Tarariras,,,,024/2018,2018,Dr. Eduardo Medina,,
MSPR-025-2018,ELP-0070,msp_certificado_registro_historico,Certificados de registro ELEPEM emitidos 2017-marzo 2024,2018,https://www.gub.uy/ministerio-salud-publica/sites/ministerio-salud-publica/files/2024-03/ELEPEM%20CERTIFICADOS%207-3-2024.pdf,ELEPEM CERTIFICADOS 7-3-2024.pdf,025/2018,Canelones,,Residencia Puentecasa,Calle 22 entre Calle 5 y Av. Artigas - Atlántida,Calle,22,,,,025/2018,2018,Dra. Yudith Soldo,,
MSPR-026-2018,ELP-0479,msp_certificado_registro_historico,Certificados de registro ELEPEM emitidos 2017-marzo 2024,2018,https://www.gub.uy/ministerio-salud-publica/sites/ministerio-salud-publica/files/2024-03/ELEPEM%20CERTIFICADOS%207-3-2024.pdf,ELEPEM CERTIFICADOS 7-3-2024.pdf,026/2018,Montevideo,,LAR - CENTRO,Juan M. Espinosa 1480,Juan M. Espinosa,1480,,,,026/2018,2018,]Dra. Miriam Ceppi,,
MSPR-027-2018,ELP-0634,msp_certificado_registro_historico,Certificados de registro ELEPEM emitidos 2017-marzo 2024,2018,https://www.gub.uy/ministerio-salud-publica/sites/ministerio-salud-publica/files/2024-03/ELEPEM%20CERTIFICADOS%207-3-2024.pdf,ELEPEM CERTIFICADOS 7-3-2024.pdf,027/2018,Montevideo,,Residencial Portones,8 de Octubre 3297 - ID#33198,,8 de Octubre 3297 - ID#33198,,,,027/2018,2018,Dra. Adriana Castro,,
MSPR-028-2018,ELP-0698,msp_certificado_registro_historico,Certificados de registro ELEPEM emitidos 2017-marzo 2024,2018,https://www.gub.uy/ministerio-salud-publica/sites/ministerio-salud-publica/files/2024-03/ELEPEM%20CERTIFICADOS%207-3-2024.pdf,ELEPEM CERTIFICADOS 7-3-2024.pdf,028/2018,Montevideo,,Tibicel - Estilo de Vida,Blvr. Artigas 2520,Blvr. Artigas,2520,,,,028/2018,2018,Dra. Noreen Alejandra Briceño Urbaneja,,
MSPR-029-2018,ELP-0371,msp_certificado_registro_historico,Certificados de registro ELEPEM emitidos 2017-marzo 2024,2018,https://www.gub.uy/ministerio-salud-publica/sites/ministerio-salud-publica/files/2024-03/ELEPEM%20CERTIFICADOS%207-3-2024.pdf,ELEPEM CERTIFICADOS 7-3-2024.pdf,029/2018,Montevideo,,Dolce Vita,Avda. Eugenio Garzón 582,Avda. Eugenio Garzón,582,,,,029/2018,2018,Dr. Leonardo Gerosa,,
MSPR-030-2018,ELP-0518,msp_certificado_registro_historico,Certificados de registro ELEPEM emitidos 2017-marzo 2024,2018,https://www.gub.uy/ministerio-salud-publica/sites/ministerio-salud-publica/files/2024-03/ELEPEM%20CERTIFICADOS%207-3-2024.pdf,ELEPEM CERTIFICADOS 7-3-2024.pdf,030/2018,Montevideo,,María de los Ángeles,Bulevar Batlle y Ordoñez 3019,Bulevar Batlle y Ordoñez,3019,,,,030/2018,2018,Dra. Silvia Tagliabue,,
MSPR-031-2018,ELP-0538,msp_certificado_registro_historico,Certificados de registro ELEPEM emitidos 2017-marzo 2024,2018,https://www.gub.uy/ministerio-salud-publica/sites/ministerio-salud-publica/files/2024-03/ELEPEM%20CERTIFICADOS%207-3-2024.pdf,ELEPEM CERTIFICADOS 7-3-2024.pdf,031/2018,Montevideo,,Ñandubay,Américo Vespucio 1419,Américo Vespucio,1419,,,,031/2018,2018,Dr. Daniel Sica Méndez,,
MSPR-032-2018,ELP-0682,msp_certificado_registro_historico,Certificados de registro ELEPEM emitidos 2017-marzo 2024,2018,https://www.gub.uy/ministerio-salud-publica/sites/ministerio-salud-publica/files/2024-03/ELEPEM%20CERTIFICADOS%207-3-2024.pdf,ELEPEM CERTIFICADOS 7-3-2024.pdf,032/2018,Montevideo,,Sebastián,San Martín 3072,San Martín,3072,,,,032/2018,2018,Dra. Ana Cecilia Fagundez,,
MSPR-034-2018,ELP-0003,msp_certificado_registro_historico,Certificados de registro ELEPEM emitidos 2017-marzo 2024,2018,https://www.gub.uy/ministerio-salud-publica/sites/ministerio-salud-publica/files/2024-03/ELEPEM%20CERTIFICADOS%207-3-2024.pdf,ELEPEM CERTIFICADOS 7-3-2024.pdf,034/2018,Canelones,,-,Tolentino González 218 / Ciudad de Canelones,Tolentino González,218 / Ciudad de Canelones,,,,034/2018,2018,Dr. Pedro Dabove,,
MSPR-035-2018,ELP-0006,msp_certificado_registro_historico,Certificados de registro ELEPEM emitidos 2017-marzo 2024,2018,https://www.gub.uy/ministerio-salud-publica/sites/ministerio-salud-publica/files/2024-03/ELEPEM%20CERTIFICADOS%207-3-2024.pdf,ELEPEM CERTIFICADOS 7-3-2024.pdf,035/2018,Canelones,,Altos del Pinar,Rambla Costanera M244 S2 - El Pinar,Rambla Costanera M,244 S2 - El Pinar,,,,035/2018,2018,Dra. Maria Susana Martínez Pumar,,
MSPR-036-2018,ELP-0054,msp_certificado_registro_historico,Certificados de registro ELEPEM emitidos 2017-marzo 2024,2018,https://www.gub.uy/ministerio-salud-publica/sites/ministerio-salud-publica/files/2024-03/ELEPEM%20CERTIFICADOS%207-3-2024.pdf,ELEPEM CERTIFICADOS 7-3-2024.pdf,036/2018,Canelones,,La Tacuara,James Summer M42 S3 - Ciudad de la Costa,James Summer M,42 S3 - Ciudad de la Costa,,,,036/2018,2018,Dra. Mariana Hernández,,
MSPR-037-2018,ELP-0415,msp_certificado_registro_historico,Certificados de registro ELEPEM emitidos 2017-marzo 2024,2018,https://www.gub.uy/ministerio-salud-publica/sites/ministerio-salud-publica/files/2024-03/ELEPEM%20CERTIFICADOS%207-3-2024.pdf,ELEPEM CERTIFICADOS 7-3-2024.pdf,037/2018,Montevideo,,Gladys Elizabeth de los Santos,Pernas 2571-2565,Pernas,2571-2565,,,,037/2018,2018,Dr. Federico Bonilla,,
MSPR-038-2018,ELP-0167,msp_certificado_registro_historico,Certificados de registro ELEPEM emitidos 2017-marzo 2024,2018,https://www.gub.uy/ministerio-salud-publica/sites/ministerio-salud-publica/files/2024-03/ELEPEM%20CERTIFICADOS%207-3-2024.pdf,ELEPEM CERTIFICADOS 7-3-2024.pdf,038/2018,Flores,,Cipriano Goñi,Manuel Irazabal s/n - Trinidad,Manuel Irazabal,S/N,,,,038/2018,2018,Dra. Ana Bidegaín,,
MSPR-039-2018,ELP-0124,msp_certificado_registro_historico,Certificados de registro ELEPEM emitidos 2017-marzo 2024,2018,https://www.gub.uy/ministerio-salud-publica/sites/ministerio-salud-publica/files/2024-03/ELEPEM%20CERTIFICADOS%207-3-2024.pdf,ELEPEM CERTIFICADOS 7-3-2024.pdf,039/2018,Colonia,,Instituto Pro Bienestar de Ancianos de Nueva Helvecia,Esteban Lazagüe 1295 - Nueva Helvecia,Esteban Lazagüe,1295 - Nueva Helvecia,,,,039/2018,2018,Dra. Maria del Rosario Tassano Viera,,
MSPR-040-2018,ELP-0105,msp_certificado_registro_historico,Certificados de registro ELEPEM emitidos 2017-marzo 2024,2018,https://www.gub.uy/ministerio-salud-publica/sites/ministerio-salud-publica/files/2024-03/ELEPEM%20CERTIFICADOS%207-3-2024.pdf,ELEPEM CERTIFICADOS 7-3-2024.pdf,040/2018,Colonia,,Árbol de la Vida,Senaqué 85 - Juan Lacaze,Senaqué,85 - Juan Lacaze,,,,040/2018,2018,Dra. Mariana Gonzalez,,
MSPR-041-2018,ELP-0181,msp_certificado_registro_historico,Certificados de registro ELEPEM emitidos 2017-marzo 2024,2018,https://www.gub.uy/ministerio-salud-publica/sites/ministerio-salud-publica/files/2024-03/ELEPEM%20CERTIFICADOS%207-3-2024.pdf,ELEPEM CERTIFICADOS 7-3-2024.pdf,041/2018,Florida,,Hogar de Ancianos de Florida,Faustino Harrison s/n esq. Timoteo Aparicio,Faustino Harrison,S/N,,,,041/2018,2018,Dr. Pedro Javier Bessonart,,
MSPR-042-2018,ELP-0102,msp_certificado_registro_historico,Certificados de registro ELEPEM emitidos 2017-marzo 2024,2018,https://www.gub.uy/ministerio-salud-publica/sites/ministerio-salud-publica/files/2024-03/ELEPEM%20CERTIFICADOS%207-3-2024.pdf,ELEPEM CERTIFICADOS 7-3-2024.pdf,042/2018,Cerro Largo,,Residencial Abuela María,Treinta y Tres 761 - Melo,Treinta y Tres,761 - Melo,,,,042/2018,2018,Dr. Claudio Spinelli,,
MSPR-043-2018,ELP-0072,msp_certificado_registro_historico,Certificados de registro ELEPEM emitidos 2017-marzo 2024,2018,https://www.gub.uy/ministerio-salud-publica/sites/ministerio-salud-publica/files/2024-03/ELEPEM%20CERTIFICADOS%207-3-2024.pdf,ELEPEM CERTIFICADOS 7-3-2024.pdf,043/2018,Canelones,,Residencial El Gaucho,Ildefonso de León s/n - Tala,Ildefonso de León,S/N,,,,043/2018,2018,Dra. María Inés Fabregat,,
MSPR-044-2018,ELP-0102,msp_certificado_registro_historico,Certificados de registro ELEPEM emitidos 2017-marzo 2024,2018,https://www.gub.uy/ministerio-salud-publica/sites/ministerio-salud-publica/files/2024-03/ELEPEM%20CERTIFICADOS%207-3-2024.pdf,ELEPEM CERTIFICADOS 7-3-2024.pdf,044/2018,Cerro Largo,,Residencial Abuela María,Treinta y Tres 761 - Melo,Treinta y Tres,761 - Melo,,,,044/2018,2018,Dr Claudio Spinelli,,
MSPR-045-2018,ELP-0119,msp_certificado_registro_historico,Certificados de registro ELEPEM emitidos 2017-marzo 2024,2018,https://www.gub.uy/ministerio-salud-publica/sites/ministerio-salud-publica/files/2024-03/ELEPEM%20CERTIFICADOS%207-3-2024.pdf,ELEPEM CERTIFICADOS 7-3-2024.pdf,045/2018,Colonia,,Hogar de Anicianos Nueva Palmira,Ituzaingó 1091 - Nueva Palmira,Ituzaingó,1091 - Nueva Palmira,,,,045/2018,2018,Dr. Oscar Argañaraz,,
MSPR-046-2018,ELP-0133,msp_certificado_registro_historico,Certificados de registro ELEPEM emitidos 2017-marzo 2024,2018,https://www.gub.uy/ministerio-salud-publica/sites/ministerio-salud-publica/files/2024-03/ELEPEM%20CERTIFICADOS%207-3-2024.pdf,ELEPEM CERTIFICADOS 7-3-2024.pdf,046/2018,Colonia,,Los Abuelos,Eguren s/n y Uruguay- Colonia,Eguren,S/N,,,,046/2018,2018,Dra. Erika Paola Suárez,,
MSPR-047-2018,ELP-0570,msp_certificado_registro_historico,Certificados de registro ELEPEM emitidos 2017-marzo 2024,2018,https://www.gub.uy/ministerio-salud-publica/sites/ministerio-salud-publica/files/2024-03/ELEPEM%20CERTIFICADOS%207-3-2024.pdf,ELEPEM CERTIFICADOS 7-3-2024.pdf,047/2018,Montevideo,,Residencial Aiyelen,Gral Flores 4436 - Mdeo,Gral Flores,4436 - Mdeo,,,,047/2018,2018,Dr. Jorge Rodriguez,,
MSPR-048-2018,ELP-0605,msp_certificado_registro_historico,Certificados de registro ELEPEM emitidos 2017-marzo 2024,2018,https://www.gub.uy/ministerio-salud-publica/sites/ministerio-salud-publica/files/2024-03/ELEPEM%20CERTIFICADOS%207-3-2024.pdf,ELEPEM CERTIFICADOS 7-3-2024.pdf,048/2018,Montevideo,,Residencial Hogar Setiembre SRL,Cassinoni 1282- Mdeo,Cassinoni,1282- Mdeo,,,,048/2018,2018,Dra. Adriana Schopfer,,
MSPR-049-2018,ELP-0295,msp_certificado_registro_historico,Certificados de registro ELEPEM emitidos 2017-marzo 2024,2018,https://www.gub.uy/ministerio-salud-publica/sites/ministerio-salud-publica/files/2024-03/ELEPEM%20CERTIFICADOS%207-3-2024.pdf,ELEPEM CERTIFICADOS 7-3-2024.pdf,049/2018,Montevideo,,Residencial Altos del Centro,Yi 1363 - Mdeo,Yi,1363 - Mdeo,,,,049/2018,2018,Dr. Arturo Hein,,
MSPR-050-2018,ELP-0524,msp_certificado_registro_historico,Certificados de registro ELEPEM emitidos 2017-marzo 2024,2018,https://www.gub.uy/ministerio-salud-publica/sites/ministerio-salud-publica/files/2024-03/ELEPEM%20CERTIFICADOS%207-3-2024.pdf,ELEPEM CERTIFICADOS 7-3-2024.pdf,050/2018,Montevideo,,Residencial Mediterráneo,Bvar Artigas 3557 - Mdeo,Bvar Artigas,3557 - Mdeo,,,,050/2018,2018,Dr. Alejandro Morelli,,
MSPR-051-2018,ELP-0601,msp_certificado_registro_historico,Certificados de registro ELEPEM emitidos 2017-marzo 2024,2018,https://www.gub.uy/ministerio-salud-publica/sites/ministerio-salud-publica/files/2024-03/ELEPEM%20CERTIFICADOS%207-3-2024.pdf,ELEPEM CERTIFICADOS 7-3-2024.pdf,051/2018,Montevideo,,Residencial Garibaldi SRL,Garibaldi 2827 - Mdeo,Garibaldi,2827 - Mdeo,,,,051/2018,2018,Dra. Adriana Gérez,,
MSPR-052-2018,ELP-0364,msp_certificado_registro_historico,Certificados de registro ELEPEM emitidos 2017-marzo 2024,2018,https://www.gub.uy/ministerio-salud-publica/sites/ministerio-salud-publica/files/2024-03/ELEPEM%20CERTIFICADOS%207-3-2024.pdf,ELEPEM CERTIFICADOS 7-3-2024.pdf,052/2018,Montevideo,,Residencial Las Cuatro Estaciones,República del Salvador 2968 - Mdeo,República del Salvador,2968 - Mdeo,,,,052/2018,2018,Dra. Adriana Gérez,,
MSPR-053-2018,ELP-0595,msp_certificado_registro_historico,Certificados de registro ELEPEM emitidos 2017-marzo 2024,2018,https://www.gub.uy/ministerio-salud-publica/sites/ministerio-salud-publica/files/2024-03/ELEPEM%20CERTIFICADOS%207-3-2024.pdf,ELEPEM CERTIFICADOS 7-3-2024.pdf,053/2018,Montevideo,,Residencial El Fortín,Gral Paz 1255 - Mdeo,Gral Paz,1255 - Mdeo,,,,053/2018,2018,Dra. Ana María Roverano,,
MSPR-054-2018,ELP-0558,msp_certificado_registro_historico,Certificados de registro ELEPEM emitidos 2017-marzo 2024,2018,https://www.gub.uy/ministerio-salud-publica/sites/ministerio-salud-publica/files/2024-03/ELEPEM%20CERTIFICADOS%207-3-2024.pdf,ELEPEM CERTIFICADOS 7-3-2024.pdf,054/2018,Montevideo,,Residencial Parquesol,Avda Ricaldoni 1672 - Mdeo,Avda Ricaldoni,1672 - Mdeo,,,,054/2018,2018,Dr. Miguel D'agosto,,
MSPR-055-2018,ELP-0642,msp_certificado_registro_historico,Certificados de registro ELEPEM emitidos 2017-marzo 2024,2018,https://www.gub.uy/ministerio-salud-publica/sites/ministerio-salud-publica/files/2024-03/ELEPEM%20CERTIFICADOS%207-3-2024.pdf,ELEPEM CERTIFICADOS 7-3-2024.pdf,055/2018,Montevideo,,Residencial San Diego,Fiol de Pereda 1421 - Mdeo,Fiol de Pereda,1421 - Mdeo,,,,055/2018,2018,Dr. Fernando Labanca,,
MSPR-056-2018,ELP-0648,msp_certificado_registro_historico,Certificados de registro ELEPEM emitidos 2017-marzo 2024,2018,https://www.gub.uy/ministerio-salud-publica/sites/ministerio-salud-publica/files/2024-03/ELEPEM%20CERTIFICADOS%207-3-2024.pdf,ELEPEM CERTIFICADOS 7-3-2024.pdf,056/2018,Montevideo,,Residencial Sol de Otoño,Suárez 3455 - Mdeo,Suárez,3455 - Mdeo,,,,056/2018,2018,Dr. Fernando Labanca,,
MSPR-057-2018,ELP-0024,msp_certificado_registro_historico,Certificados de registro ELEPEM emitidos 2017-marzo 2024,2018,https://www.gub.uy/ministerio-salud-publica/sites/ministerio-salud-publica/files/2024-03/ELEPEM%20CERTIFICADOS%207-3-2024.pdf,ELEPEM CERTIFICADOS 7-3-2024.pdf,057/2018,Canelones,,Establecimiento Astenkeph,Mar Mediterráneo MB13 S14 - Canelones,Mar Mediterráneo MB,13 S14 - Canelones,,,,057/2018,2018,Dra. Adriana Solange Ferrari Gesto,,
MSPR-058-2018,ELP-0037,msp_certificado_registro_historico,Certificados de registro ELEPEM emitidos 2017-marzo 2024,2018,https://www.gub.uy/ministerio-salud-publica/sites/ministerio-salud-publica/files/2024-03/ELEPEM%20CERTIFICADOS%207-3-2024.pdf,ELEPEM CERTIFICADOS 7-3-2024.pdf,058/2018,Canelones,,Hogar Maranata,Juana de Ibarburou 256 Ruta 5 Km 33500- Progreso,Juana de Ibarburou,256 Ruta 5 Km 33500- Progreso,,,,058/2018,2018,Dr. Danillo Gonzalez,,
MSPR-059-2018,ELP-0280,msp_certificado_registro_historico,Certificados de registro ELEPEM emitidos 2017-marzo 2024,2018,https://www.gub.uy/ministerio-salud-publica/sites/ministerio-salud-publica/files/2024-03/ELEPEM%20CERTIFICADOS%207-3-2024.pdf,ELEPEM CERTIFICADOS 7-3-2024.pdf,059/2018,Montevideo,,Aguas de Reposo,Avda Italia 6527 - Mdeo,Avda Italia,6527 - Mdeo,,,,059/2018,2018,Dra. Hellen Carbajal,,
MSPR-060-2018,ELP-0536,msp_certificado_registro_historico,Certificados de registro ELEPEM emitidos 2017-marzo 2024,2018,https://www.gub.uy/ministerio-salud-publica/sites/ministerio-salud-publica/files/2024-03/ELEPEM%20CERTIFICADOS%207-3-2024.pdf,ELEPEM CERTIFICADOS 7-3-2024.pdf,060/2018,Montevideo,,Mis Nietos,Bvar Artigas 4251 - Mdeo,Bvar Artigas,4251 - Mdeo,,,,060/2018,2018,Dra. Paola Karina Gómez,,
MSPR-061-2018,ELP-0708,msp_certificado_registro_historico,Certificados de registro ELEPEM emitidos 2017-marzo 2024,2018,https://www.gub.uy/ministerio-salud-publica/sites/ministerio-salud-publica/files/2024-03/ELEPEM%20CERTIFICADOS%207-3-2024.pdf,ELEPEM CERTIFICADOS 7-3-2024.pdf,061/2018,Montevideo,,Villa Vilcabamba,Copacabana 6815 - Mdeo,Copacabana,6815 - Mdeo,,,,061/2018,2018,Dra. Marcela Quintana,,
MSPR-062-2018,ELP-0444,msp_certificado_registro_historico,Certificados de registro ELEPEM emitidos 2017-marzo 2024,2018,https://www.gub.uy/ministerio-salud-publica/sites/ministerio-salud-publica/files/2024-03/ELEPEM%20CERTIFICADOS%207-3-2024.pdf,ELEPEM CERTIFICADOS 7-3-2024.pdf,062/2018,Montevideo,,Nazareth,Bvar Artigas 2255 - Mdeo,Bvar Artigas,2255 - Mdeo,,,,062/2018,2018,Dr. Fernando Labanca,,
MSPR-063-2018,ELP-0311,msp_certificado_registro_historico,Certificados de registro ELEPEM emitidos 2017-marzo 2024,2018,https://www.gub.uy/ministerio-salud-publica/sites/ministerio-salud-publica/files/2024-03/ELEPEM%20CERTIFICADOS%207-3-2024.pdf,ELEPEM CERTIFICADOS 7-3-2024.pdf,063/2018,Montevideo,,Audam,Luis A de Herrera 3886 - Mdeo,Luis A de Herrera,3886 - Mdeo,,,,063/2018,2018,Dra. Andrea Barreneche,,
MSPR-064-2018,ELP-0069,msp_certificado_registro_historico,Certificados de registro ELEPEM emitidos 2017-marzo 2024,2018,https://www.gub.uy/ministerio-salud-publica/sites/ministerio-salud-publica/files/2024-03/ELEPEM%20CERTIFICADOS%207-3-2024.pdf,ELEPEM CERTIFICADOS 7-3-2024.pdf,064/2018,Canelones,,Residencial del Lago,Avda de las Américas 5500 - Canelones,Avda de las Américas,5500 - Canelones,,,,064/2018,2018,Dra. Mercedes Pérez Berinduague,,
MSPR-065-2018,ELP-0120,msp_certificado_registro_historico,Certificados de registro ELEPEM emitidos 2017-marzo 2024,2018,https://www.gub.uy/ministerio-salud-publica/sites/ministerio-salud-publica/files/2024-03/ELEPEM%20CERTIFICADOS%207-3-2024.pdf,ELEPEM CERTIFICADOS 7-3-2024.pdf,065/2018,Colonia,,Residencial Juan,Soriano 430 - Colonia,Soriano,430 - Colonia,,,,065/2018,2018,Dr. Abel Licos,,
MSPR-066-2018,ELP-0145,msp_certificado_registro_historico,Certificados de registro ELEPEM emitidos 2017-marzo 2024,2018,https://www.gub.uy/ministerio-salud-publica/sites/ministerio-salud-publica/files/2024-03/ELEPEM%20CERTIFICADOS%207-3-2024.pdf,ELEPEM CERTIFICADOS 7-3-2024.pdf,066/2018,Colonia,,Valle Vilcamba,Alejandro Fleming 1741 - Mdeo,Alejandro Fleming,1741 - Mdeo,,,,066/2018,2018,Dra. Marcela Quintana,,
MSPR-067-2018,ELP-0739,msp_certificado_registro_historico,Certificados de registro ELEPEM emitidos 2017-marzo 2024,2018,https://www.gub.uy/ministerio-salud-publica/sites/ministerio-salud-publica/files/2024-03/ELEPEM%20CERTIFICADOS%207-3-2024.pdf,ELEPEM CERTIFICADOS 7-3-2024.pdf,067/2018,Salto,,Hogar del Adulto Mayor Intendencia de Salto,Bolivia 890 - Salto,Bolivia,890 - Salto,,,,067/2018,2018,Dr. Juan Pablo Cesio,,
MSPR-068-2018,ELP-0285,msp_certificado_registro_historico,Certificados de registro ELEPEM emitidos 2017-marzo 2024,2018,https://www.gub.uy/ministerio-salud-publica/sites/ministerio-salud-publica/files/2024-03/ELEPEM%20CERTIFICADOS%207-3-2024.pdf,ELEPEM CERTIFICADOS 7-3-2024.pdf,068/2018,Montevideo,,Albas de Otoño,Tristán Narvaja 1620 - Mdeo,Tristán Narvaja,1620 - Mdeo,,,,068/2018,2018,Dra. Ileana Camejo,,
MSPR-069-2018,ELP-0355,msp_certificado_registro_historico,Certificados de registro ELEPEM emitidos 2017-marzo 2024,2018,https://www.gub.uy/ministerio-salud-publica/sites/ministerio-salud-publica/files/2024-03/ELEPEM%20CERTIFICADOS%207-3-2024.pdf,ELEPEM CERTIFICADOS 7-3-2024.pdf,069/2018,Montevideo,,Claro de Luna,Santiago Gadea 3582,Santiago Gadea,3582,,,,069/2018,2018,Dra. Mario Buonomo,,
MSPR-070-2018,ELP-0343,msp_certificado_registro_historico,Certificados de registro ELEPEM emitidos 2017-marzo 2024,2018,https://www.gub.uy/ministerio-salud-publica/sites/ministerio-salud-publica/files/2024-03/ELEPEM%20CERTIFICADOS%207-3-2024.pdf,ELEPEM CERTIFICADOS 7-3-2024.pdf,070/2018,Montevideo,,Celina,Antonio Machado 1635 - Mdeo,Antonio Machado,1635 - Mdeo,,,,070/2018,2018,Dra. Rosana Quintán,,
MSPR-071-2018,ELP-0556,msp_certificado_registro_historico,Certificados de registro ELEPEM emitidos 2017-marzo 2024,2018,https://www.gub.uy/ministerio-salud-publica/sites/ministerio-salud-publica/files/2024-03/ELEPEM%20CERTIFICADOS%207-3-2024.pdf,ELEPEM CERTIFICADOS 7-3-2024.pdf,071/2018,Montevideo,,Palas Atenea,Vaz Ferreira 3665 BIS,Vaz Ferreira,3665 BIS,,,,071/2018,2018,Dra. Mónica Arana,,
MSPR-072-2018,ELP-0375,msp_certificado_registro_historico,Certificados de registro ELEPEM emitidos 2017-marzo 2024,2018,https://www.gub.uy/ministerio-salud-publica/sites/ministerio-salud-publica/files/2024-03/ELEPEM%20CERTIFICADOS%207-3-2024.pdf,ELEPEM CERTIFICADOS 7-3-2024.pdf,072/2018,Montevideo,,Dora Moreno,Av. Agraciada 2810 BIS,Av. Agraciada,2810 BIS,,,,072/2018,2018,Dr. Carlos Puig,,
MSPR-073-2018,ELP-0547,msp_certificado_registro_historico,Certificados de registro ELEPEM emitidos 2017-marzo 2024,2018,https://www.gub.uy/ministerio-salud-publica/sites/ministerio-salud-publica/files/2024-03/ELEPEM%20CERTIFICADOS%207-3-2024.pdf,ELEPEM CERTIFICADOS 7-3-2024.pdf,073/2018,Montevideo,,Nueva Vida,Joaquín de Salterain 1328,Joaquín de Salterain,1328,,,,073/2018,2018,Dra. Alicia Menéndez,,
MSPR-074-2018,ELP-0286,msp_certificado_registro_historico,Certificados de registro ELEPEM emitidos 2017-marzo 2024,2018,https://www.gub.uy/ministerio-salud-publica/sites/ministerio-salud-publica/files/2024-03/ELEPEM%20CERTIFICADOS%207-3-2024.pdf,ELEPEM CERTIFICADOS 7-3-2024.pdf,074/2018,Montevideo,,Alborada,Héctor Gutierrez Ruiz 1223,Héctor Gutierrez Ruiz,1223,,,,074/2018,2018,Dra. Cristina Tor,,
MSPR-075-2018,ELP-0541,msp_certificado_registro_historico,Certificados de registro ELEPEM emitidos 2017-marzo 2024,2018,https://www.gub.uy/ministerio-salud-publica/sites/ministerio-salud-publica/files/2024-03/ELEPEM%20CERTIFICADOS%207-3-2024.pdf,ELEPEM CERTIFICADOS 7-3-2024.pdf,075/2018,Montevideo,,New Home,Gerardo Grasso 2620 - Mdeo,Gerardo Grasso,2620 - Mdeo,,,,075/2018,2018,Dra. Anita Abdo,,
MSPR-077-2018,ELP-0688,msp_certificado_registro_historico,Certificados de registro ELEPEM emitidos 2017-marzo 2024,2018,https://www.gub.uy/ministerio-salud-publica/sites/ministerio-salud-publica/files/2024-03/ELEPEM%20CERTIFICADOS%207-3-2024.pdf,ELEPEM CERTIFICADOS 7-3-2024.pdf,077/2018,Montevideo,,Sin nombre,Santa Lucía 4012 - Mdeo,Santa Lucía,4012 - Mdeo,,,,077/2018,2018,Dra. Teresa Scianni,,
MSPR-078-2018,ELP-0517,msp_certificado_registro_historico,Certificados de registro ELEPEM emitidos 2017-marzo 2024,2018,https://www.gub.uy/ministerio-salud-publica/sites/ministerio-salud-publica/files/2024-03/ELEPEM%20CERTIFICADOS%207-3-2024.pdf,ELEPEM CERTIFICADOS 7-3-2024.pdf,078/2018,Montevideo,,María Belén,José E.Rodó 1874 - Mdeo,José E.Rodó,1874 - Mdeo,,,,078/2018,2018,Dra. Silvia Tagliabue,,
MSPR-079-2018,ELP-0533,msp_certificado_registro_historico,Certificados de registro ELEPEM emitidos 2017-marzo 2024,2018,https://www.gub.uy/ministerio-salud-publica/sites/ministerio-salud-publica/files/2024-03/ELEPEM%20CERTIFICADOS%207-3-2024.pdf,ELEPEM CERTIFICADOS 7-3-2024.pdf,079/2018,Montevideo,,Miguel Angel,Bvar Batlle y Ordoñez 5781 - Mdeo,Bvar Batlle y Ordoñez,5781 - Mdeo,,,,079/2018,2018,Dr. Pedro Emilio Carballo,,
MSPR-080-2018,ELP-0284,msp_certificado_registro_historico,Certificados de registro ELEPEM emitidos 2017-marzo 2024,2018,https://www.gub.uy/ministerio-salud-publica/sites/ministerio-salud-publica/files/2024-03/ELEPEM%20CERTIFICADOS%207-3-2024.pdf,ELEPEM CERTIFICADOS 7-3-2024.pdf,080/2018,Montevideo,,Aitana SA,Bvar Artigas 1308 - Mdeo,Bvar Artigas,1308 - Mdeo,,,,080/2018,2018,Dra. Lydia Griskevicius,,
MSPR-081-2018,ELP-0463,msp_certificado_registro_historico,Certificados de registro ELEPEM emitidos 2017-marzo 2024,2018,https://www.gub.uy/ministerio-salud-publica/sites/ministerio-salud-publica/files/2024-03/ELEPEM%20CERTIFICADOS%207-3-2024.pdf,ELEPEM CERTIFICADOS 7-3-2024.pdf,081/2018,Montevideo,,La Casa de Lea,Dámaso A.Larrrañaga 3228,Dámaso A.Larrrañaga,3228,,,,081/2018,2018,Dr. Luis A. Frappola,,
MSPR-082-2018,ELP-0681,msp_certificado_registro_historico,Certificados de registro ELEPEM emitidos 2017-marzo 2024,2018,https://www.gub.uy/ministerio-salud-publica/sites/ministerio-salud-publica/files/2024-03/ELEPEM%20CERTIFICADOS%207-3-2024.pdf,ELEPEM CERTIFICADOS 7-3-2024.pdf,082/2018,Montevideo,,Santa Bernardita,19 de Abril 1140 - Mdeo,,19 de Abril 1140 - Mdeo,,,,082/2018,2018,Dra. Liliana Puchkoff,,
MSPR-083-2018,ELP-0124,msp_certificado_registro_historico,Certificados de registro ELEPEM emitidos 2017-marzo 2024,2018,https://www.gub.uy/ministerio-salud-publica/sites/ministerio-salud-publica/files/2024-03/ELEPEM%20CERTIFICADOS%207-3-2024.pdf,ELEPEM CERTIFICADOS 7-3-2024.pdf,083/2018,Colonia,,Instituto Pro Bienestar de Ancianos de Nueva Helvecia,Esteban Lazagüe 1295 - Nueva Helvecia,Esteban Lazagüe,1295 - Nueva Helvecia,,,,083/2018,2018,Dra. Maria del Rosario Tassano Viera,,
MSPR-084-2018,ELP-0704,msp_certificado_registro_historico,Certificados de registro ELEPEM emitidos 2017-marzo 2024,2018,https://www.gub.uy/ministerio-salud-publica/sites/ministerio-salud-publica/files/2024-03/ELEPEM%20CERTIFICADOS%207-3-2024.pdf,ELEPEM CERTIFICADOS 7-3-2024.pdf,084/2018,Montevideo,,Valle Vilcamba,Palmas y Ombúes 5804 - Mdeo,Palmas y Ombúes,5804 - Mdeo,,,,084/2018,2018,Dra. Marcela Quintana,,
MSPR-085-2018,ELP-0167,msp_certificado_registro_historico,Certificados de registro ELEPEM emitidos 2017-marzo 2024,2018,https://www.gub.uy/ministerio-salud-publica/sites/ministerio-salud-publica/files/2024-03/ELEPEM%20CERTIFICADOS%207-3-2024.pdf,ELEPEM CERTIFICADOS 7-3-2024.pdf,085/2018,Flores,,Hogar de Ancianos Dr Cipriano Goñi,Manuel Irazabal s/n - Trinidad,Manuel Irazabal,S/N,,,,085/2018,2018,Dra. Ana Bidegain,,
MSPR-086-2018,ELP-0183,msp_certificado_registro_historico,Certificados de registro ELEPEM emitidos 2017-marzo 2024,2018,https://www.gub.uy/ministerio-salud-publica/sites/ministerio-salud-publica/files/2024-03/ELEPEM%20CERTIFICADOS%207-3-2024.pdf,ELEPEM CERTIFICADOS 7-3-2024.pdf,086/2018,Florida,,Hogar de ancianos San Vicente Pallotti,José Pedro Varela 1142 - Florida,José Pedro Varela,1142 - Florida,,,,086/2018,2018,Dra. Maricarmen Prieto,,
MSPR-087-2018,ELP-0677,msp_certificado_registro_historico,Certificados de registro ELEPEM emitidos 2017-marzo 2024,2018,https://www.gub.uy/ministerio-salud-publica/sites/ministerio-salud-publica/files/2024-03/ELEPEM%20CERTIFICADOS%207-3-2024.pdf,ELEPEM CERTIFICADOS 7-3-2024.pdf,087/2018,Montevideo,,San José,Millán 3958 - Mdeo,Millán,3958 - Mdeo,,,,087/2018,2018,Dra. Adriana Amado,,
MSPR-088-2018,ELP-0357,msp_certificado_registro_historico,Certificados de registro ELEPEM emitidos 2017-marzo 2024,2018,https://www.gub.uy/ministerio-salud-publica/sites/ministerio-salud-publica/files/2024-03/ELEPEM%20CERTIFICADOS%207-3-2024.pdf,ELEPEM CERTIFICADOS 7-3-2024.pdf,088/2018,Montevideo,,Colonial,Emilio Frugoni 1121 - Mdeo,Emilio Frugoni,1121 - Mdeo,,,,088/2018,2018,Dra. Anita Abdo,,
MSPR-089-2018,ELP-0648,msp_certificado_registro_historico,Certificados de registro ELEPEM emitidos 2017-marzo 2024,2018,https://www.gub.uy/ministerio-salud-publica/sites/ministerio-salud-publica/files/2024-03/ELEPEM%20CERTIFICADOS%207-3-2024.pdf,ELEPEM CERTIFICADOS 7-3-2024.pdf,089/2018,Montevideo,,Sol de Otoño I,Joaquín Suárez 3455 - Mdeo,Joaquín Suárez,3455 - Mdeo,,,,089/2018,2018,Dr. Fernando Labanca,,
MSPR-090-2018,ELP-0684,msp_certificado_registro_historico,Certificados de registro ELEPEM emitidos 2017-marzo 2024,2018,https://www.gub.uy/ministerio-salud-publica/sites/ministerio-salud-publica/files/2024-03/ELEPEM%20CERTIFICADOS%207-3-2024.pdf,ELEPEM CERTIFICADOS 7-3-2024.pdf,090/2018,Montevideo,,Segunda Juventud,Camino Maldonado 5034,Camino Maldonado,5034,,,,090/2018,2018,Dra. Rosana Dornell,,
MSPR-091-2018,ELP-0455,msp_certificado_registro_historico,Certificados de registro ELEPEM emitidos 2017-marzo 2024,2018,https://www.gub.uy/ministerio-salud-publica/sites/ministerio-salud-publica/files/2024-03/ELEPEM%20CERTIFICADOS%207-3-2024.pdf,ELEPEM CERTIFICADOS 7-3-2024.pdf,091/2018,Montevideo,,Jorge Darío Pérez,Avda. Artigas 365,Avda. Artigas,365,,,,091/2018,2018,Dr. Miguel Angel Díaz Ricciardi,,
MSPR-092-2018,ELP-0114,msp_certificado_registro_historico,Certificados de registro ELEPEM emitidos 2017-marzo 2024,2018,https://www.gub.uy/ministerio-salud-publica/sites/ministerio-salud-publica/files/2024-03/ELEPEM%20CERTIFICADOS%207-3-2024.pdf,ELEPEM CERTIFICADOS 7-3-2024.pdf,092/2018,Colonia,,Hogar de Ancianos Centenario Conchillas,Tomas Walker s/n - Conchillas,Tomas Walker,S/N,,,,092/2018,2018,Dr. Damián Oliari Ciaponi,,
MSPR-093-2018,ELP-0007,msp_certificado_registro_historico,Certificados de registro ELEPEM emitidos 2017-marzo 2024,2018,https://www.gub.uy/ministerio-salud-publica/sites/ministerio-salud-publica/files/2024-03/ELEPEM%20CERTIFICADOS%207-3-2024.pdf,ELEPEM CERTIFICADOS 7-3-2024.pdf,093/2018,Canelones,,Residencial Baltimore,Batlle y Ordoñez 74 - Santa Lucía,Batlle y Ordoñez,74 - Santa Lucía,,,,093/2018,2018,Dra. Viviana Picón,,
MSPR-094-2018,ELP-0027,msp_certificado_registro_historico,Certificados de registro ELEPEM emitidos 2017-marzo 2024,2018,https://www.gub.uy/ministerio-salud-publica/sites/ministerio-salud-publica/files/2024-03/ELEPEM%20CERTIFICADOS%207-3-2024.pdf,ELEPEM CERTIFICADOS 7-3-2024.pdf,094/2018,Canelones,,Graciela Hernández,Jaume y Bernat s/n - Soca,Jaume y Bernat,S/N,,,,094/2018,2018,Dra. Jaqueline Elizabeth Cedrez,,
MSPR-095-2018,ELP-0557,msp_certificado_registro_historico,Certificados de registro ELEPEM emitidos 2017-marzo 2024,2018,https://www.gub.uy/ministerio-salud-publica/sites/ministerio-salud-publica/files/2024-03/ELEPEM%20CERTIFICADOS%207-3-2024.pdf,ELEPEM CERTIFICADOS 7-3-2024.pdf,095/2018,Montevideo,,Santa Teresita del Niño Jesús,Rivera 2287,Rivera,2287,,,,095/2018,2018,Dra. Alejandra Ferrari,,
MSPR-096-2018,ELP-0452,msp_certificado_registro_historico,Certificados de registro ELEPEM emitidos 2017-marzo 2024,2018,https://www.gub.uy/ministerio-salud-publica/sites/ministerio-salud-publica/files/2024-03/ELEPEM%20CERTIFICADOS%207-3-2024.pdf,ELEPEM CERTIFICADOS 7-3-2024.pdf,096/2018,Montevideo,,Itiel,Jaime Cibils 2859,Jaime Cibils,2859,,,,096/2018,2018,Dr. Edgar Danilo Lima Porley,,
MSPR-097-2018,ELP-0490,msp_certificado_registro_historico,Certificados de registro ELEPEM emitidos 2017-marzo 2024,2018,https://www.gub.uy/ministerio-salud-publica/sites/ministerio-salud-publica/files/2024-03/ELEPEM%20CERTIFICADOS%207-3-2024.pdf,ELEPEM CERTIFICADOS 7-3-2024.pdf,097/2018,Montevideo,,Las Huellas,Palmar 2378,Palmar,2378,,,,097/2018,2018,Dra. Anita Abdo,,
MSPR-098-2018,ELP-0493,msp_certificado_registro_historico,Certificados de registro ELEPEM emitidos 2017-marzo 2024,2018,https://www.gub.uy/ministerio-salud-publica/sites/ministerio-salud-publica/files/2024-03/ELEPEM%20CERTIFICADOS%207-3-2024.pdf,ELEPEM CERTIFICADOS 7-3-2024.pdf,098/2018,Montevideo,,Las Olas,Bvar. Artigas 3270,Bvar. Artigas,3270,,,,098/2018,2018,Dra. Verónita Silveira,,
MSPR-099-2018,ELP-0653,msp_certificado_registro_historico,Certificados de registro ELEPEM emitidos 2017-marzo 2024,2018,https://www.gub.uy/ministerio-salud-publica/sites/ministerio-salud-publica/files/2024-03/ELEPEM%20CERTIFICADOS%207-3-2024.pdf,ELEPEM CERTIFICADOS 7-3-2024.pdf,099/2018,Montevideo,,Ubliet,Mercedes 1570,Mercedes,1570,,,,099/2018,2018,Dr. Gustavo Miquelerena,,
MSPR-100-2018,ELP-0468,msp_certificado_registro_historico,Certificados de registro ELEPEM emitidos 2017-marzo 2024,2018,https://www.gub.uy/ministerio-salud-publica/sites/ministerio-salud-publica/files/2024-03/ELEPEM%20CERTIFICADOS%207-3-2024.pdf,ELEPEM CERTIFICADOS 7-3-2024.pdf,100/2018,Montevideo,,La Huella,Constituyente 1845,Constituyente,1845,,,,100/2018,2018,Dra. Anita Abdo,,
MSPR-101-2018,ELP-0299,msp_certificado_registro_historico,Certificados de registro ELEPEM emitidos 2017-marzo 2024,2018,https://www.gub.uy/ministerio-salud-publica/sites/ministerio-salud-publica/files/2024-03/ELEPEM%20CERTIFICADOS%207-3-2024.pdf,ELEPEM CERTIFICADOS 7-3-2024.pdf,101/2018,Montevideo,,Amanecer,Rivera 4837,Rivera,4837,,,,101/2018,2018,Dra. Soledad Martínez,,
MSPR-102-2018,ELP-0508,msp_certificado_registro_historico,Certificados de registro ELEPEM emitidos 2017-marzo 2024,2018,https://www.gub.uy/ministerio-salud-publica/sites/ministerio-salud-publica/files/2024-03/ELEPEM%20CERTIFICADOS%207-3-2024.pdf,ELEPEM CERTIFICADOS 7-3-2024.pdf,102/2018,Montevideo,,Los Ángeles,Luis A. Pereira 5640 BIS,Luis A. Pereira,5640 BIS,,,,102/2018,2018,Dr. Hugo Walter De los Santos,,
MSPR-103-2018,ELP-0656,msp_certificado_registro_historico,Certificados de registro ELEPEM emitidos 2017-marzo 2024,2018,https://www.gub.uy/ministerio-salud-publica/sites/ministerio-salud-publica/files/2024-03/ELEPEM%20CERTIFICADOS%207-3-2024.pdf,ELEPEM CERTIFICADOS 7-3-2024.pdf,103/2018,Montevideo,,Residencial Umpiérrez,Juan Manuel Blanes 1274,Juan Manuel Blanes,1274,,,,103/2018,2018,Dra. Alicia Menéndez,,
MSPR-104-2018,ELP-0345,msp_certificado_registro_historico,Certificados de registro ELEPEM emitidos 2017-marzo 2024,2018,https://www.gub.uy/ministerio-salud-publica/sites/ministerio-salud-publica/files/2024-03/ELEPEM%20CERTIFICADOS%207-3-2024.pdf,ELEPEM CERTIFICADOS 7-3-2024.pdf,104/2018,Montevideo,,Pajaros Pintados,Almirante Harwood 6346/6350,Almirante Harwood,6346/6350,,,,104/2018,2018,Dra. Margarita Maria Beduchaud Chiesa,,
MSPR-105-2018,ELP-0445,msp_certificado_registro_historico,Certificados de registro ELEPEM emitidos 2017-marzo 2024,2018,https://www.gub.uy/ministerio-salud-publica/sites/ministerio-salud-publica/files/2024-03/ELEPEM%20CERTIFICADOS%207-3-2024.pdf,ELEPEM CERTIFICADOS 7-3-2024.pdf,105/2018,Montevideo,,Nazareth,Campestegui 2985,Campestegui,2985,,,,105/2018,2018,Dra. Anita Abdo,,
MSPR-106-2018,ELP-0226,msp_certificado_registro_historico,Certificados de registro ELEPEM emitidos 2017-marzo 2024,2018,https://www.gub.uy/ministerio-salud-publica/sites/ministerio-salud-publica/files/2024-03/ELEPEM%20CERTIFICADOS%207-3-2024.pdf,ELEPEM CERTIFICADOS 7-3-2024.pdf,106/2018,Maldonado,,La Milonga,JP Ramírez 555,JP Ramírez,555,,,,106/2018,2018,Dr. Älvaro Duarte Pereira,,
MSPR-107-2018,ELP-0195,msp_certificado_registro_historico,Certificados de registro ELEPEM emitidos 2017-marzo 2024,2018,https://www.gub.uy/ministerio-salud-publica/sites/ministerio-salud-publica/files/2024-03/ELEPEM%20CERTIFICADOS%207-3-2024.pdf,ELEPEM CERTIFICADOS 7-3-2024.pdf,107/2018,Florida,,San Antonio,Batlle 830,Batlle,830,,,,107/2018,2018,Dr. Javier Bessonart,,
MSPR-108-2018,ELP-0712,msp_certificado_registro_historico,Certificados de registro ELEPEM emitidos 2017-marzo 2024,2018,https://www.gub.uy/ministerio-salud-publica/sites/ministerio-salud-publica/files/2024-03/ELEPEM%20CERTIFICADOS%207-3-2024.pdf,ELEPEM CERTIFICADOS 7-3-2024.pdf,108/2018,Paysandú,,Carpe Diem,Monte Caseros 785,Monte Caseros,785,,,,108/2018,2018,Dra. Analia Techera,,
MSPR-109-2018,ELP-0690,msp_certificado_registro_historico,Certificados de registro ELEPEM emitidos 2017-marzo 2024,2018,https://www.gub.uy/ministerio-salud-publica/sites/ministerio-salud-publica/files/2024-03/ELEPEM%20CERTIFICADOS%207-3-2024.pdf,ELEPEM CERTIFICADOS 7-3-2024.pdf,109/2018,Montevideo,,Solaz,Minas 1072,Minas,1072,,,,109/2018,2018,Dr. Alejandro Estévez,,
MSPR-110-2018,ELP-0707,msp_certificado_registro_historico,Certificados de registro ELEPEM emitidos 2017-marzo 2024,2018,https://www.gub.uy/ministerio-salud-publica/sites/ministerio-salud-publica/files/2024-03/ELEPEM%20CERTIFICADOS%207-3-2024.pdf,ELEPEM CERTIFICADOS 7-3-2024.pdf,110/2018,Montevideo,,Villa Ravelo,Avelino Miranda 2513,Avelino Miranda,2513,,,,110/2018,2018,Dra. Alejandro Ferrari,,
MSPR-111-2018,ELP-0328,msp_certificado_registro_historico,Certificados de registro ELEPEM emitidos 2017-marzo 2024,2018,https://www.gub.uy/ministerio-salud-publica/sites/ministerio-salud-publica/files/2024-03/ELEPEM%20CERTIFICADOS%207-3-2024.pdf,ELEPEM CERTIFICADOS 7-3-2024.pdf,111/2018,Montevideo,,Casa Azul,Hocquart 2163,Hocquart,2163,,,,111/2018,2018,Dra. María Laura Taibo,,
MSPR-112-2018,ELP-0343,msp_certificado_registro_historico,Certificados de registro ELEPEM emitidos 2017-marzo 2024,2018,https://www.gub.uy/ministerio-salud-publica/sites/ministerio-salud-publica/files/2024-03/ELEPEM%20CERTIFICADOS%207-3-2024.pdf,ELEPEM CERTIFICADOS 7-3-2024.pdf,112/2018,Montevideo,,Celina,Antonio Machado 1635,Antonio Machado,1635,,,,112/2018,2018,Dra. Julieta Arnaliz,,
MSPR-113-2018,ELP-0697,msp_certificado_registro_historico,Certificados de registro ELEPEM emitidos 2017-marzo 2024,2018,https://www.gub.uy/ministerio-salud-publica/sites/ministerio-salud-publica/files/2024-03/ELEPEM%20CERTIFICADOS%207-3-2024.pdf,ELEPEM CERTIFICADOS 7-3-2024.pdf,113/2018,Montevideo,,The green residence,Av Italia 6485,Av Italia,6485,,,,113/2018,2018,Dr. Martín Rubio Mibelli,,
MSPR-114-2018,ELP-0564,msp_certificado_registro_historico,Certificados de registro ELEPEM emitidos 2017-marzo 2024,2018,https://www.gub.uy/ministerio-salud-publica/sites/ministerio-salud-publica/files/2024-03/ELEPEM%20CERTIFICADOS%207-3-2024.pdf,ELEPEM CERTIFICADOS 7-3-2024.pdf,114/2018,Montevideo,,Red Oak,Mariano Uriarte 6572,Mariano Uriarte,6572,,,,114/2018,2018,Dra. Jimena Carriquiry,,
MSPR-115-2018,ELP-0696,msp_certificado_registro_historico,Certificados de registro ELEPEM emitidos 2017-marzo 2024,2018,https://www.gub.uy/ministerio-salud-publica/sites/ministerio-salud-publica/files/2024-03/ELEPEM%20CERTIFICADOS%207-3-2024.pdf,ELEPEM CERTIFICADOS 7-3-2024.pdf,115/2018,Montevideo,,The green home,Av Bolivia 2436,Av Bolivia,2436,,,,115/2018,2018,Dra. Hellen Carbajal,,
MSPR-116-2018,ELP-0315,msp_certificado_registro_historico,Certificados de registro ELEPEM emitidos 2017-marzo 2024,2018,https://www.gub.uy/ministerio-salud-publica/sites/ministerio-salud-publica/files/2024-03/ELEPEM%20CERTIFICADOS%207-3-2024.pdf,ELEPEM CERTIFICADOS 7-3-2024.pdf,116/2018,Montevideo,,Belen,Comercio 2177 Bis,Comercio,2177 Bis,,,,116/2018,2018,Dr. Jorge Peralta,,
MSPR-117-2018,ELP-0294,msp_certificado_registro_historico,Certificados de registro ELEPEM emitidos 2017-marzo 2024,2018,https://www.gub.uy/ministerio-salud-publica/sites/ministerio-salud-publica/files/2024-03/ELEPEM%20CERTIFICADOS%207-3-2024.pdf,ELEPEM CERTIFICADOS 7-3-2024.pdf,117/2018,Montevideo,,Altos de Ponce,Luis Ponce 1319,Luis Ponce,1319,,,,117/2018,2018,Dra. Myriam Barreto,,
MSPR-118-2018,ELP-0503,msp_certificado_registro_historico,Certificados de registro ELEPEM emitidos 2017-marzo 2024,2018,https://www.gub.uy/ministerio-salud-publica/sites/ministerio-salud-publica/files/2024-03/ELEPEM%20CERTIFICADOS%207-3-2024.pdf,ELEPEM CERTIFICADOS 7-3-2024.pdf,118/2018,Montevideo,,Licorne,Libertad 2791,Libertad,2791,,,,118/2018,2018,Dr. Dardo Roldán,,
MSPR-119-2018,ELP-0380,msp_certificado_registro_historico,Certificados de registro ELEPEM emitidos 2017-marzo 2024,2018,https://www.gub.uy/ministerio-salud-publica/sites/ministerio-salud-publica/files/2024-03/ELEPEM%20CERTIFICADOS%207-3-2024.pdf,ELEPEM CERTIFICADOS 7-3-2024.pdf,119/2018,Montevideo,,Edem,Cam Manuel Las Flores 8246,Cam Manuel Las Flores,8246,,,,119/2018,2018,Dra. Maria Claudia Gaye,,
MSPR-120-2018,ELP-0329,msp_certificado_registro_historico,Certificados de registro ELEPEM emitidos 2017-marzo 2024,2018,https://www.gub.uy/ministerio-salud-publica/sites/ministerio-salud-publica/files/2024-03/ELEPEM%20CERTIFICADOS%207-3-2024.pdf,ELEPEM CERTIFICADOS 7-3-2024.pdf,120/2018,Montevideo,,Casa de descanso,Maria Vittori 4940,Maria Vittori,4940,,,,120/2018,2018,Dr. Sergio Coitiño Picanzo,,
MSPR-121-2018,ELP-0014,msp_certificado_registro_historico,Certificados de registro ELEPEM emitidos 2017-marzo 2024,2018,https://www.gub.uy/ministerio-salud-publica/sites/ministerio-salud-publica/files/2024-03/ELEPEM%20CERTIFICADOS%207-3-2024.pdf,ELEPEM CERTIFICADOS 7-3-2024.pdf,121/2018,Canelones,,El Bosque,Calle 6 entre C y D,Calle,6,,,,121/2018,2018,Dra. Patricia Ponce,,
MSPR-122-2018,ELP-0110,msp_certificado_registro_historico,Certificados de registro ELEPEM emitidos 2017-marzo 2024,2018,https://www.gub.uy/ministerio-salud-publica/sites/ministerio-salud-publica/files/2024-03/ELEPEM%20CERTIFICADOS%207-3-2024.pdf,ELEPEM CERTIFICADOS 7-3-2024.pdf,122/2018,Colonia,,Corazón cariñoso,Atala T de Mendivil 311,Atala T de Mendivil,311,,,,122/2018,2018,Dr. Marcos Trinca Silveira,,
MSPR-123-2018,ELP-0107,msp_certificado_registro_historico,Certificados de registro ELEPEM emitidos 2017-marzo 2024,2018,https://www.gub.uy/ministerio-salud-publica/sites/ministerio-salud-publica/files/2024-03/ELEPEM%20CERTIFICADOS%207-3-2024.pdf,ELEPEM CERTIFICADOS 7-3-2024.pdf,123/2018,Colonia,,Bellagio,Calle Pública 57,Calle Pública,57,,,,123/2018,2018,Dr. Daniel Fernández Urbano,,
MSPR-001-2019,ELP-0524,msp_certificado_registro_historico,Certificados de registro ELEPEM emitidos 2017-marzo 2024,2019,https://www.gub.uy/ministerio-salud-publica/sites/ministerio-salud-publica/files/2024-03/ELEPEM%20CERTIFICADOS%207-3-2024.pdf,ELEPEM CERTIFICADOS 7-3-2024.pdf,001/2019,Montevideo,,Mediterráneo Salud,Bulevar Artigas 3557,Bulevar Artigas,3557,,,,001/2019,2019,Alejandro Morelli,,
MSPR-002-2019,ELP-0127,msp_certificado_registro_historico,Certificados de registro ELEPEM emitidos 2017-marzo 2024,2019,https://www.gub.uy/ministerio-salud-publica/sites/ministerio-salud-publica/files/2024-03/ELEPEM%20CERTIFICADOS%207-3-2024.pdf,ELEPEM CERTIFICADOS 7-3-2024.pdf,002/2019,Colonia,,La Armonia,Carmen 348 - Carmelo,Carmen,348 - Carmelo,,,,002/2019,2019,Rosario Gil,,
MSPR-003-2019,ELP-0703,msp_certificado_registro_historico,Certificados de registro ELEPEM emitidos 2017-marzo 2024,2019,https://www.gub.uy/ministerio-salud-publica/sites/ministerio-salud-publica/files/2024-03/ELEPEM%20CERTIFICADOS%207-3-2024.pdf,ELEPEM CERTIFICADOS 7-3-2024.pdf,003/2019,Montevideo,,Villa Vilcamba,Alejandro Fleming 1741,Alejandro Fleming,1741,,,,003/2019,2019,Marcela Quintana,,
MSPR-005-2019,ELP-0406,msp_certificado_registro_historico,Certificados de registro ELEPEM emitidos 2017-marzo 2024,2019,https://www.gub.uy/ministerio-salud-publica/sites/ministerio-salud-publica/files/2024-03/ELEPEM%20CERTIFICADOS%207-3-2024.pdf,ELEPEM CERTIFICADOS 7-3-2024.pdf,005/2019,Montevideo,,French House,General French 1759,General French,1759,,,,005/2019,2019,Sebastian Palmer,,
MSPR-006-2019,ELP-0694,msp_certificado_registro_historico,Certificados de registro ELEPEM emitidos 2017-marzo 2024,2019,https://www.gub.uy/ministerio-salud-publica/sites/ministerio-salud-publica/files/2024-03/ELEPEM%20CERTIFICADOS%207-3-2024.pdf,ELEPEM CERTIFICADOS 7-3-2024.pdf,006/2019,Montevideo,,Tata Luis y Doña Lola,Ramón Anador 3691,Ramón Anador,3691,,,,006/2019,2019,Germanh Fornos,,
MSPR-007-2019,ELP-0753,msp_certificado_registro_historico,Certificados de registro ELEPEM emitidos 2017-marzo 2024,2019,https://www.gub.uy/ministerio-salud-publica/sites/ministerio-salud-publica/files/2024-03/ELEPEM%20CERTIFICADOS%207-3-2024.pdf,ELEPEM CERTIFICADOS 7-3-2024.pdf,007/2019,Salto,,Sol y Luna II,Enrique Amorin 2495,Enrique Amorin,2495,,,,007/2019,2019,Veronica Trambucho,,
MSPR-008-2019,ELP-0100,msp_certificado_registro_historico,Certificados de registro ELEPEM emitidos 2017-marzo 2024,2019,https://www.gub.uy/ministerio-salud-publica/sites/ministerio-salud-publica/files/2024-03/ELEPEM%20CERTIFICADOS%207-3-2024.pdf,ELEPEM CERTIFICADOS 7-3-2024.pdf,008/2019,Cerro Largo,,Hogar Blanca Castro de Argenzio,General Artigas y Avenida Blanca Castro de Argenzio,General Artigas y Avenida Blanca Castro de Argenzio,,,,,008/2019,2019,Nestor Villalba,,
MSPR-009-2019,ELP-0742,msp_certificado_registro_historico,Certificados de registro ELEPEM emitidos 2017-marzo 2024,2019,https://www.gub.uy/ministerio-salud-publica/sites/ministerio-salud-publica/files/2024-03/ELEPEM%20CERTIFICADOS%207-3-2024.pdf,ELEPEM CERTIFICADOS 7-3-2024.pdf,009/2019,Salto,,Los Abuelitos,Viera 11,Viera,11,,,,009/2019,2019,Rosario Moller,,
MSPR-010-2019,ELP-0750,msp_certificado_registro_historico,Certificados de registro ELEPEM emitidos 2017-marzo 2024,2019,https://www.gub.uy/ministerio-salud-publica/sites/ministerio-salud-publica/files/2024-03/ELEPEM%20CERTIFICADOS%207-3-2024.pdf,ELEPEM CERTIFICADOS 7-3-2024.pdf,010/2019,Salto,,Residencial Sol,Invernizzi 53,Invernizzi,53,,,,010/2019,2019,Raquel Mazarino,,
MSPR-011-2019,ELP-0734,msp_certificado_registro_historico,Certificados de registro ELEPEM emitidos 2017-marzo 2024,2019,https://www.gub.uy/ministerio-salud-publica/sites/ministerio-salud-publica/files/2024-03/ELEPEM%20CERTIFICADOS%207-3-2024.pdf,ELEPEM CERTIFICADOS 7-3-2024.pdf,011/2019,Río Negro,,Hogar de Ancianos Agustín Berenzan Arenzon,Hervidero 1866,Hervidero,1866,,,,011/2019,2019,Shesica Dornell,,
MSPR-012-2019,ELP-0620,msp_certificado_registro_historico,Certificados de registro ELEPEM emitidos 2017-marzo 2024,2019,https://www.gub.uy/ministerio-salud-publica/sites/ministerio-salud-publica/files/2024-03/ELEPEM%20CERTIFICADOS%207-3-2024.pdf,ELEPEM CERTIFICADOS 7-3-2024.pdf,012/2019,Montevideo,,Residencial Margarita,José Nasazzi 989,José Nasazzi,989,,,,012/2019,2019,Luis Espocito,,
MSPR-013-2019,ELP-0116,msp_certificado_registro_historico,Certificados de registro ELEPEM emitidos 2017-marzo 2024,2019,https://www.gub.uy/ministerio-salud-publica/sites/ministerio-salud-publica/files/2024-03/ELEPEM%20CERTIFICADOS%207-3-2024.pdf,ELEPEM CERTIFICADOS 7-3-2024.pdf,013/2019,Colonia,,Hogar Frauenvereim,Germán Imhoff 904,Germán Imhoff,904,,,,013/2019,2019,Veronica Mery,,
MSPR-014-2019,ELP-0422,msp_certificado_registro_historico,Certificados de registro ELEPEM emitidos 2017-marzo 2024,2019,https://www.gub.uy/ministerio-salud-publica/sites/ministerio-salud-publica/files/2024-03/ELEPEM%20CERTIFICADOS%207-3-2024.pdf,ELEPEM CERTIFICADOS 7-3-2024.pdf,014/2019,Montevideo,,Residencial Hygea,Marco Bruto 1264,Marco Bruto,1264,,,,014/2019,2019,Doris Baccino,,
MSPR-015-2019,ELP-0651,msp_certificado_registro_historico,Certificados de registro ELEPEM emitidos 2017-marzo 2024,2019,https://www.gub.uy/ministerio-salud-publica/sites/ministerio-salud-publica/files/2024-03/ELEPEM%20CERTIFICADOS%207-3-2024.pdf,ELEPEM CERTIFICADOS 7-3-2024.pdf,015/2019,Montevideo,,Residencial Sueños de Hogar,San Martín 3020,San Martín,3020,,,,015/2019,2019,Ilona Otado,,
MSPR-016-2019,ELP-0130,msp_certificado_registro_historico,Certificados de registro ELEPEM emitidos 2017-marzo 2024,2019,https://www.gub.uy/ministerio-salud-publica/sites/ministerio-salud-publica/files/2024-03/ELEPEM%20CERTIFICADOS%207-3-2024.pdf,ELEPEM CERTIFICADOS 7-3-2024.pdf,016/2019,Colonia,,La Merced,Av. 19 de Abril 601 - Carmelo,Av.,19 de Abril 601 - Carmelo,,,,016/2019,2019,Daniel Balbi,,
MSPR-017-2019,ELP-0277,msp_certificado_registro_historico,Certificados de registro ELEPEM emitidos 2017-marzo 2024,2019,https://www.gub.uy/ministerio-salud-publica/sites/ministerio-salud-publica/files/2024-03/ELEPEM%20CERTIFICADOS%207-3-2024.pdf,ELEPEM CERTIFICADOS 7-3-2024.pdf,017/2019,Montevideo,,Abuela Lala,Blanes 1125,Blanes,1125,,,,017/2019,2019,Eusebio Ihlenfel,,
MSPR-018-2019,ELP-0424,msp_certificado_registro_historico,Certificados de registro ELEPEM emitidos 2017-marzo 2024,2019,https://www.gub.uy/ministerio-salud-publica/sites/ministerio-salud-publica/files/2024-03/ELEPEM%20CERTIFICADOS%207-3-2024.pdf,ELEPEM CERTIFICADOS 7-3-2024.pdf,018/2019,Montevideo,,"Hno. Sol, Hna. Luna",José E. Rodó 2382,José E. Rodó,2382,,,,018/2019,2019,Adriana Schoper,,
MSPR-019-2019,ELP-0487,msp_certificado_registro_historico,Certificados de registro ELEPEM emitidos 2017-marzo 2024,2019,https://www.gub.uy/ministerio-salud-publica/sites/ministerio-salud-publica/files/2024-03/ELEPEM%20CERTIFICADOS%207-3-2024.pdf,ELEPEM CERTIFICADOS 7-3-2024.pdf,019/2019,Montevideo,,Las Gardenias,Palmas y Ombúes 5610,Palmas y Ombúes,5610,,,,019/2019,2019,Joselyn Blois,,
MSPR-020-2019,ELP-0109,msp_certificado_registro_historico,Certificados de registro ELEPEM emitidos 2017-marzo 2024,2019,https://www.gub.uy/ministerio-salud-publica/sites/ministerio-salud-publica/files/2024-03/ELEPEM%20CERTIFICADOS%207-3-2024.pdf,ELEPEM CERTIFICADOS 7-3-2024.pdf,020/2019,Colonia,,Casagrande,Dionisio Acosta 299,Dionisio Acosta,299,,,,020/2019,2019,Alejandro Morelli,,
MSPR-021-2019,ELP-0333,msp_certificado_registro_historico,Certificados de registro ELEPEM emitidos 2017-marzo 2024,2019,https://www.gub.uy/ministerio-salud-publica/sites/ministerio-salud-publica/files/2024-03/ELEPEM%20CERTIFICADOS%207-3-2024.pdf,ELEPEM CERTIFICADOS 7-3-2024.pdf,021/2019,Montevideo,,Casa del Sol,Fonseca 4639,Fonseca,4639,,,,021/2019,2019,Gabriela Funes,,
MSPR-022-2019,ELP-0752,msp_certificado_registro_historico,Certificados de registro ELEPEM emitidos 2017-marzo 2024,2019,https://www.gub.uy/ministerio-salud-publica/sites/ministerio-salud-publica/files/2024-03/ELEPEM%20CERTIFICADOS%207-3-2024.pdf,ELEPEM CERTIFICADOS 7-3-2024.pdf,022/2019,Salto,,Sol y Luna,Camino del Éxodo s/n,Camino del Éxodo,S/N,,,,022/2019,2019,Veromica Tambucho,,
MSPR-023-2019,ELP-0195,msp_certificado_registro_historico,Certificados de registro ELEPEM emitidos 2017-marzo 2024,2019,https://www.gub.uy/ministerio-salud-publica/sites/ministerio-salud-publica/files/2024-03/ELEPEM%20CERTIFICADOS%207-3-2024.pdf,ELEPEM CERTIFICADOS 7-3-2024.pdf,023/2019,Florida,,San Antonio,Batlle 830,Batlle,830,,,,023/2019,2019,Pedro Besonart,,
MSPR-024-2019,ELP-0505,msp_certificado_registro_historico,Certificados de registro ELEPEM emitidos 2017-marzo 2024,2019,https://www.gub.uy/ministerio-salud-publica/sites/ministerio-salud-publica/files/2024-03/ELEPEM%20CERTIFICADOS%207-3-2024.pdf,ELEPEM CERTIFICADOS 7-3-2024.pdf,024/2019,Montevideo,,Lo de Antonio,Siete cerros 8049,Siete cerros,8049,,,,024/2019,2019,Luis Espocito,,
MSPR-025-2019,ELP-0228,msp_certificado_registro_historico,Certificados de registro ELEPEM emitidos 2017-marzo 2024,2019,https://www.gub.uy/ministerio-salud-publica/sites/ministerio-salud-publica/files/2024-03/ELEPEM%20CERTIFICADOS%207-3-2024.pdf,ELEPEM CERTIFICADOS 7-3-2024.pdf,025/2019,Maldonado,,La Villetta,Pilcamayo s/n casi Pedragroso,Pilcamayo,S/N,,,,025/2019,2019,Lilian Dias,,
MSPR-026-2019,ELP-0471,msp_certificado_registro_historico,Certificados de registro ELEPEM emitidos 2017-marzo 2024,2019,https://www.gub.uy/ministerio-salud-publica/sites/ministerio-salud-publica/files/2024-03/ELEPEM%20CERTIFICADOS%207-3-2024.pdf,ELEPEM CERTIFICADOS 7-3-2024.pdf,026/2019,Montevideo,,Residencial Mediterráneo de Salud,Agraciada 3157,Agraciada,3157,,,,026/2019,2019,Alejandro Morelli,,
MSPR-027-2019,ELP-0613,msp_certificado_registro_historico,Certificados de registro ELEPEM emitidos 2017-marzo 2024,2019,https://www.gub.uy/ministerio-salud-publica/sites/ministerio-salud-publica/files/2024-03/ELEPEM%20CERTIFICADOS%207-3-2024.pdf,ELEPEM CERTIFICADOS 7-3-2024.pdf,027/2019,Montevideo,,Residencial Lo de Cota,Carlos María Ramirez 538,Carlos María Ramirez,538,,,,027/2019,2019,Doris Baccino,,
MSPR-028-2019,ELP-0536,msp_certificado_registro_historico,Certificados de registro ELEPEM emitidos 2017-marzo 2024,2019,https://www.gub.uy/ministerio-salud-publica/sites/ministerio-salud-publica/files/2024-03/ELEPEM%20CERTIFICADOS%207-3-2024.pdf,ELEPEM CERTIFICADOS 7-3-2024.pdf,028/2019,Montevideo,,Residencial Mis Nietitos,Bv. Artigas 4251,Bv. Artigas,4251,,,,028/2019,2019,Paola Gomez,,
MSPR-029-2019,ELP-0412,msp_certificado_registro_historico,Certificados de registro ELEPEM emitidos 2017-marzo 2024,2019,https://www.gub.uy/ministerio-salud-publica/sites/ministerio-salud-publica/files/2024-03/ELEPEM%20CERTIFICADOS%207-3-2024.pdf,ELEPEM CERTIFICADOS 7-3-2024.pdf,029/2019,Montevideo,,Garden House,Martin C. Martinez 1866,Martin C. Martinez,1866,,,,029/2019,2019,Cecilia Fernandez,,
MSPR-030-2019,ELP-0510,msp_certificado_registro_historico,Certificados de registro ELEPEM emitidos 2017-marzo 2024,2019,https://www.gub.uy/ministerio-salud-publica/sites/ministerio-salud-publica/files/2024-03/ELEPEM%20CERTIFICADOS%207-3-2024.pdf,ELEPEM CERTIFICADOS 7-3-2024.pdf,030/2019,Montevideo,,Los Nonos,Francisco Canaro 2290,Francisco Canaro,2290,,,,030/2019,2019,Leily Sayauehlo,,
MSPR-031-2019,ELP-0281,msp_certificado_registro_historico,Certificados de registro ELEPEM emitidos 2017-marzo 2024,2019,https://www.gub.uy/ministerio-salud-publica/sites/ministerio-salud-publica/files/2024-03/ELEPEM%20CERTIFICADOS%207-3-2024.pdf,ELEPEM CERTIFICADOS 7-3-2024.pdf,031/2019,Montevideo,,Años,Av. Italia 7090,Av. Italia,7090,,,,031/2019,2019,Maria Iroche,,
MSPR-032-2019,ELP-0039,msp_certificado_registro_historico,Certificados de registro ELEPEM emitidos 2017-marzo 2024,2019,https://www.gub.uy/ministerio-salud-publica/sites/ministerio-salud-publica/files/2024-03/ELEPEM%20CERTIFICADOS%207-3-2024.pdf,ELEPEM CERTIFICADOS 7-3-2024.pdf,032/2019,Canelones,,Hogar Stella Maris,Calle Argentina s/n esquina Mariano Soler,Calle Argentina,S/N,,,,032/2019,2019,Virginia Rivero,,
MSPR-033-2019,ELP-0486,msp_certificado_registro_historico,Certificados de registro ELEPEM emitidos 2017-marzo 2024,2019,https://www.gub.uy/ministerio-salud-publica/sites/ministerio-salud-publica/files/2024-03/ELEPEM%20CERTIFICADOS%207-3-2024.pdf,ELEPEM CERTIFICADOS 7-3-2024.pdf,033/2019,Montevideo,,Las Flores,Turín 3543,Turín,3543,,,,033/2019,2019,Elema Deurado,,
MSPR-035-2019,ELP-0610,msp_certificado_registro_historico,Certificados de registro ELEPEM emitidos 2017-marzo 2024,2019,https://www.gub.uy/ministerio-salud-publica/sites/ministerio-salud-publica/files/2024-03/ELEPEM%20CERTIFICADOS%207-3-2024.pdf,ELEPEM CERTIFICADOS 7-3-2024.pdf,035/2019,Montevideo,,Residencial Las Abejas,Coronel Mora 485/473,Coronel Mora,485/473,,,,035/2019,2019,Virginia Garcia,,
MSPR-036-2019,ELP-0330,msp_certificado_registro_historico,Certificados de registro ELEPEM emitidos 2017-marzo 2024,2019,https://www.gub.uy/ministerio-salud-publica/sites/ministerio-salud-publica/files/2024-03/ELEPEM%20CERTIFICADOS%207-3-2024.pdf,ELEPEM CERTIFICADOS 7-3-2024.pdf,036/2019,Montevideo,,Residencial Casa del Sol,Dámaso Antonio Larrañaga 4104,Dámaso Antonio Larrañaga,4104,,,,036/2019,2019,Jorge Romano,,
MSPR-037-2019,ELP-0372,msp_certificado_registro_historico,Certificados de registro ELEPEM emitidos 2017-marzo 2024,2019,https://www.gub.uy/ministerio-salud-publica/sites/ministerio-salud-publica/files/2024-03/ELEPEM%20CERTIFICADOS%207-3-2024.pdf,ELEPEM CERTIFICADOS 7-3-2024.pdf,037/2019,Montevideo,,Residencial Doña Cata,Luis Alberto de Herrrera 3819,Luis Alberto de Herrrera,3819,,,,037/2019,2019,Joselyn Blois,,
MSPR-038-2019,ELP-0549,msp_certificado_registro_historico,Certificados de registro ELEPEM emitidos 2017-marzo 2024,2019,https://www.gub.uy/ministerio-salud-publica/sites/ministerio-salud-publica/files/2024-03/ELEPEM%20CERTIFICADOS%207-3-2024.pdf,ELEPEM CERTIFICADOS 7-3-2024.pdf,038/2019,Montevideo,,Nuevo Rimac,Jackson 1025,Jackson,1025,,,,038/2019,2019,Iliana Camejo,,
MSPR-039-2019,ELP-0590,msp_certificado_registro_historico,Certificados de registro ELEPEM emitidos 2017-marzo 2024,2019,https://www.gub.uy/ministerio-salud-publica/sites/ministerio-salud-publica/files/2024-03/ELEPEM%20CERTIFICADOS%207-3-2024.pdf,ELEPEM CERTIFICADOS 7-3-2024.pdf,039/2019,Montevideo,,Residencial Don Carlos,Agraciada 2911,Agraciada,2911,,,,039/2019,2019,Adriana Castro,,
MSPR-040-2019,ELP-0194,msp_certificado_registro_historico,Certificados de registro ELEPEM emitidos 2017-marzo 2024,2019,https://www.gub.uy/ministerio-salud-publica/sites/ministerio-salud-publica/files/2024-03/ELEPEM%20CERTIFICADOS%207-3-2024.pdf,ELEPEM CERTIFICADOS 7-3-2024.pdf,040/2019,Florida,,Residencial Sarandí,San Juan 857 - Sarandí Grande.,San Juan,857 - Sarandí Grande.,,,,040/2019,2019,Emilia Panizzo,,
MSPR-041-2019,ELP-0619,msp_certificado_registro_historico,Certificados de registro ELEPEM emitidos 2017-marzo 2024,2019,https://www.gub.uy/ministerio-salud-publica/sites/ministerio-salud-publica/files/2024-03/ELEPEM%20CERTIFICADOS%207-3-2024.pdf,ELEPEM CERTIFICADOS 7-3-2024.pdf,041/2019,Montevideo,,Residencial Mamina,Millan 2828,Millan,2828,,,,041/2019,2019,Guatavo Miquelerena,,
MSPR-042-2019,ELP-0218,msp_certificado_registro_historico,Certificados de registro ELEPEM emitidos 2017-marzo 2024,2019,https://www.gub.uy/ministerio-salud-publica/sites/ministerio-salud-publica/files/2024-03/ELEPEM%20CERTIFICADOS%207-3-2024.pdf,ELEPEM CERTIFICADOS 7-3-2024.pdf,042/2019,Maldonado,,Gines Cairo Medina,Ruta 39 Km. 5500,Ruta 39,Km 5500,,,,042/2019,2019,Patricia Mautone,,
MSPR-043-2019,ELP-0113,msp_certificado_registro_historico,Certificados de registro ELEPEM emitidos 2017-marzo 2024,2019,https://www.gub.uy/ministerio-salud-publica/sites/ministerio-salud-publica/files/2024-03/ELEPEM%20CERTIFICADOS%207-3-2024.pdf,ELEPEM CERTIFICADOS 7-3-2024.pdf,043/2019,Colonia,,"Hogar de Ancianos Cardona, Florencio Sánchez y zonas vecinas",Melchor Pacheco y Obes esq. Andrés Cheveste,Melchor Pacheco y Obes esq. Andrés Cheveste,,,,,043/2019,2019,Graciela Bissio,,
MSPR-044-2019,ELP-0491,msp_certificado_registro_historico,Certificados de registro ELEPEM emitidos 2017-marzo 2024,2019,https://www.gub.uy/ministerio-salud-publica/sites/ministerio-salud-publica/files/2024-03/ELEPEM%20CERTIFICADOS%207-3-2024.pdf,ELEPEM CERTIFICADOS 7-3-2024.pdf,044/2019,Montevideo,,Residencial,Camino Maldonado 4969,Camino Maldonado,4969,,,,044/2019,2019,Anita Abdo,,
MSPR-045-2019,ELP-0617,msp_certificado_registro_historico,Certificados de registro ELEPEM emitidos 2017-marzo 2024,2019,https://www.gub.uy/ministerio-salud-publica/sites/ministerio-salud-publica/files/2024-03/ELEPEM%20CERTIFICADOS%207-3-2024.pdf,ELEPEM CERTIFICADOS 7-3-2024.pdf,045/2019,Montevideo,,Residencial Luz de Luna,Dolores Pereira de Rosell 1500,Dolores Pereira de Rosell,1500,,,,045/2019,2019,Anita Abdo,,
MSPR-046-2019,ELP-0199,msp_certificado_registro_historico,Certificados de registro ELEPEM emitidos 2017-marzo 2024,2019,https://www.gub.uy/ministerio-salud-publica/sites/ministerio-salud-publica/files/2024-03/ELEPEM%20CERTIFICADOS%207-3-2024.pdf,ELEPEM CERTIFICADOS 7-3-2024.pdf,046/2019,Lavalleja,,Residencial Hogar de Ancianos Mariscala,Minas entre J. de Viana y Sarandí,Minas entre J. de Viana y Sarandí,,,,,046/2019,2019,Luisa Alba,,
MSPR-047-2019,ELP-0626,msp_certificado_registro_historico,Certificados de registro ELEPEM emitidos 2017-marzo 2024,2019,https://www.gub.uy/ministerio-salud-publica/sites/ministerio-salud-publica/files/2024-03/ELEPEM%20CERTIFICADOS%207-3-2024.pdf,ELEPEM CERTIFICADOS 7-3-2024.pdf,047/2019,Montevideo,,Residencial Nonna Bianca,Camino J.Requena 2431,Camino J.Requena,2431,,,,047/2019,2019,Sivana Carucci,,
MSPR-048-2019,ELP-0790,msp_certificado_registro_historico,Certificados de registro ELEPEM emitidos 2017-marzo 2024,2019,https://www.gub.uy/ministerio-salud-publica/sites/ministerio-salud-publica/files/2024-03/ELEPEM%20CERTIFICADOS%207-3-2024.pdf,ELEPEM CERTIFICADOS 7-3-2024.pdf,048/2019,Soriano,,Hogar de Ancianos Don Joaquín,Yamandú s/n entre Salvador y de la Estación,Yamandú,S/N,,,,048/2019,2019,Patricia Llado,,
MSPR-050-2019,ELP-0082,msp_certificado_registro_historico,Certificados de registro ELEPEM emitidos 2017-marzo 2024,2019,https://www.gub.uy/ministerio-salud-publica/sites/ministerio-salud-publica/files/2024-03/ELEPEM%20CERTIFICADOS%207-3-2024.pdf,ELEPEM CERTIFICADOS 7-3-2024.pdf,050/2019,Canelones,,Residencial Maria Bacelar,Rio de Janeiro s/n Mz 124 S.5,Rio de Janeiro s/n Mz,124 S.5,,,,050/2019,2019,Luisana Hermoso,,
MSPR-051-2019,ELP-0009,msp_certificado_registro_historico,Certificados de registro ELEPEM emitidos 2017-marzo 2024,2019,https://www.gub.uy/ministerio-salud-publica/sites/ministerio-salud-publica/files/2024-03/ELEPEM%20CERTIFICADOS%207-3-2024.pdf,ELEPEM CERTIFICADOS 7-3-2024.pdf,051/2019,Canelones,,Calidad de Vida,San José 874,San José,874,,,,051/2019,2019,Lilian Garcia,,
MSPR-052-2019,ELP-0583,msp_certificado_registro_historico,Certificados de registro ELEPEM emitidos 2017-marzo 2024,2019,https://www.gub.uy/ministerio-salud-publica/sites/ministerio-salud-publica/files/2024-03/ELEPEM%20CERTIFICADOS%207-3-2024.pdf,ELEPEM CERTIFICADOS 7-3-2024.pdf,052/2019,Montevideo,,Residencial Cecilia,Fray Bentos 3989,Fray Bentos,3989,,,,052/2019,2019,Cesar Ferreira,,
MSPR-053-2019,ELP-0060,msp_certificado_registro_historico,Certificados de registro ELEPEM emitidos 2017-marzo 2024,2019,https://www.gub.uy/ministerio-salud-publica/sites/ministerio-salud-publica/files/2024-03/ELEPEM%20CERTIFICADOS%207-3-2024.pdf,ELEPEM CERTIFICADOS 7-3-2024.pdf,053/2019,Canelones,,Mi Sueño,Giannattasio 236,Giannattasio,236,,,,053/2019,2019,Elizabeth Gimenez,,
MSPR-054-2019,ELP-0122,msp_certificado_registro_historico,Certificados de registro ELEPEM emitidos 2017-marzo 2024,2019,https://www.gub.uy/ministerio-salud-publica/sites/ministerio-salud-publica/files/2024-03/ELEPEM%20CERTIFICADOS%207-3-2024.pdf,ELEPEM CERTIFICADOS 7-3-2024.pdf,054/2019,Colonia,,Hogar para Ancianos de Colonia Valdense,Av. Daniel Armand Ugón 1569,Av. Daniel Armand Ugón,1569,,,,054/2019,2019,Yirley Doti,,
MSPR-055-2019,ELP-0276,msp_certificado_registro_historico,Certificados de registro ELEPEM emitidos 2017-marzo 2024,2019,https://www.gub.uy/ministerio-salud-publica/sites/ministerio-salud-publica/files/2024-03/ELEPEM%20CERTIFICADOS%207-3-2024.pdf,ELEPEM CERTIFICADOS 7-3-2024.pdf,055/2019,Montevideo,,Residencial Abuela Julia,Gerónimo Piccioli 2875,Gerónimo Piccioli,2875,,,,055/2019,2019,Maria Gabelli,,
MSPR-058-2019,ELP-0341,msp_certificado_registro_historico,Certificados de registro ELEPEM emitidos 2017-marzo 2024,2019,https://www.gub.uy/ministerio-salud-publica/sites/ministerio-salud-publica/files/2024-03/ELEPEM%20CERTIFICADOS%207-3-2024.pdf,ELEPEM CERTIFICADOS 7-3-2024.pdf,058/2019,Montevideo,,Stella González,Comercio 2149,Comercio,2149,,,,058/2019,2019,Jose Charquero,,
MSPR-059-2019,ELP-0722,msp_certificado_registro_historico,Certificados de registro ELEPEM emitidos 2017-marzo 2024,2019,https://www.gub.uy/ministerio-salud-publica/sites/ministerio-salud-publica/files/2024-03/ELEPEM%20CERTIFICADOS%207-3-2024.pdf,ELEPEM CERTIFICADOS 7-3-2024.pdf,059/2019,Paysandú,,Residencial Casa Abuelas,25 de Mayo 973,,25 de Mayo 973,,,,059/2019,2019,Luis Mendieta,,
MSPR-060-2019,ELP-0388,msp_certificado_registro_historico,Certificados de registro ELEPEM emitidos 2017-marzo 2024,2019,https://www.gub.uy/ministerio-salud-publica/sites/ministerio-salud-publica/files/2024-03/ELEPEM%20CERTIFICADOS%207-3-2024.pdf,ELEPEM CERTIFICADOS 7-3-2024.pdf,060/2019,Montevideo,,El Nahuel,Hermanos Ruíz 3495,Hermanos Ruíz,3495,,,,060/2019,2019,Paola Crossa,,
MSPR-061-2019,ELP-0691,msp_certificado_registro_historico,Certificados de registro ELEPEM emitidos 2017-marzo 2024,2019,https://www.gub.uy/ministerio-salud-publica/sites/ministerio-salud-publica/files/2024-03/ELEPEM%20CERTIFICADOS%207-3-2024.pdf,ELEPEM CERTIFICADOS 7-3-2024.pdf,061/2019,Montevideo,,Sueños Compartidos,Dalmiro Costa 4685,Dalmiro Costa,4685,,,,061/2019,2019,Adriana Gerez,,
MSPR-062-2019,ELP-0403,msp_certificado_registro_historico,Certificados de registro ELEPEM emitidos 2017-marzo 2024,2019,https://www.gub.uy/ministerio-salud-publica/sites/ministerio-salud-publica/files/2024-03/ELEPEM%20CERTIFICADOS%207-3-2024.pdf,ELEPEM CERTIFICADOS 7-3-2024.pdf,062/2019,Montevideo,,Facundo Zaccaron,Ignacio Nuñez 2361,Ignacio Nuñez,2361,,,,062/2019,2019,Graciela Perdomo,,
MSPR-063-2019,ELP-0076,msp_certificado_registro_historico,Certificados de registro ELEPEM emitidos 2017-marzo 2024,2019,https://www.gub.uy/ministerio-salud-publica/sites/ministerio-salud-publica/files/2024-03/ELEPEM%20CERTIFICADOS%207-3-2024.pdf,ELEPEM CERTIFICADOS 7-3-2024.pdf,063/2019,Canelones,,Residencial Estrella,Ruta 8 esquina Zeus,Ruta,8,,,,063/2019,2019,Alfa Falero,,
MSPR-064-2019,ELP-0302,msp_certificado_registro_historico,Certificados de registro ELEPEM emitidos 2017-marzo 2024,2019,https://www.gub.uy/ministerio-salud-publica/sites/ministerio-salud-publica/files/2024-03/ELEPEM%20CERTIFICADOS%207-3-2024.pdf,ELEPEM CERTIFICADOS 7-3-2024.pdf,064/2019,Montevideo,,Años Luz SRL,Inca 1886,Inca,1886,,,,064/2019,2019,Silvia Gonzalez,,
MSPR-065-2019,ELP-0175,msp_certificado_registro_historico,Certificados de registro ELEPEM emitidos 2017-marzo 2024,2019,https://www.gub.uy/ministerio-salud-publica/sites/ministerio-salud-publica/files/2024-03/ELEPEM%20CERTIFICADOS%207-3-2024.pdf,ELEPEM CERTIFICADOS 7-3-2024.pdf,065/2019,Florida,,Aquellos Años,Baltasar Brum 946,Baltasar Brum,946,,,,065/2019,2019,Javier Besonart,,
MSPR-066-2019,ELP-0354,msp_certificado_registro_historico,Certificados de registro ELEPEM emitidos 2017-marzo 2024,2019,https://www.gub.uy/ministerio-salud-publica/sites/ministerio-salud-publica/files/2024-03/ELEPEM%20CERTIFICADOS%207-3-2024.pdf,ELEPEM CERTIFICADOS 7-3-2024.pdf,066/2019,Montevideo,,Círculo Católico,Niña 1868,Niña,1868,,,,066/2019,2019,Eduardo Gallota,,
MSPR-067-2019,ELP-0088,msp_certificado_registro_historico,Certificados de registro ELEPEM emitidos 2017-marzo 2024,2019,https://www.gub.uy/ministerio-salud-publica/sites/ministerio-salud-publica/files/2024-03/ELEPEM%20CERTIFICADOS%207-3-2024.pdf,ELEPEM CERTIFICADOS 7-3-2024.pdf,067/2019,Canelones,,Residencial Sol y Aire,Ruta 8 vieja km 57500,Ruta 8 vieja,Km 57500,,,,067/2019,2019,Sergio Leal,,
MSPR-068-2019,ELP-0040,msp_certificado_registro_historico,Certificados de registro ELEPEM emitidos 2017-marzo 2024,2019,https://www.gub.uy/ministerio-salud-publica/sites/ministerio-salud-publica/files/2024-03/ELEPEM%20CERTIFICADOS%207-3-2024.pdf,ELEPEM CERTIFICADOS 7-3-2024.pdf,068/2019,Canelones,,Hogar Tapia,Calle K esq. Ruta 88 km 80,Calle K esq. Ruta,88 km 80,,,,068/2019,2019,Zocorrito del Verdun,,
MSPR-069-2019,ELP-0544,msp_certificado_registro_historico,Certificados de registro ELEPEM emitidos 2017-marzo 2024,2019,https://www.gub.uy/ministerio-salud-publica/sites/ministerio-salud-publica/files/2024-03/ELEPEM%20CERTIFICADOS%207-3-2024.pdf,ELEPEM CERTIFICADOS 7-3-2024.pdf,069/2019,Montevideo,,Residencial Nuestras Raíces,Santiago de Anca 1369,Santiago de Anca,1369,,,,069/2019,2019,Ana Polti,,
MSPR-070-2019,ELP-0440,msp_certificado_registro_historico,Certificados de registro ELEPEM emitidos 2017-marzo 2024,2019,https://www.gub.uy/ministerio-salud-publica/sites/ministerio-salud-publica/files/2024-03/ELEPEM%20CERTIFICADOS%207-3-2024.pdf,ELEPEM CERTIFICADOS 7-3-2024.pdf,070/2019,Montevideo,,Hogar Marsella,Joaquín Nuñez 3082,Joaquín Nuñez,3082,,,,070/2019,2019,Adriana Schoper,,
MSPR-071-2019,ELP-0169,msp_certificado_registro_historico,Certificados de registro ELEPEM emitidos 2017-marzo 2024,2019,https://www.gub.uy/ministerio-salud-publica/sites/ministerio-salud-publica/files/2024-03/ELEPEM%20CERTIFICADOS%207-3-2024.pdf,ELEPEM CERTIFICADOS 7-3-2024.pdf,071/2019,Flores,,Residencial Hogar Maite,Santísima Trinidad 663,Santísima Trinidad,663,,,,071/2019,2019,Laura de Leon,,
MSPR-072-2019,ELP-0427,msp_certificado_registro_historico,Certificados de registro ELEPEM emitidos 2017-marzo 2024,2019,https://www.gub.uy/ministerio-salud-publica/sites/ministerio-salud-publica/files/2024-03/ELEPEM%20CERTIFICADOS%207-3-2024.pdf,ELEPEM CERTIFICADOS 7-3-2024.pdf,072/2019,Montevideo,,Hogar Amelia Ruano de Schiaffino,Pedro Trapani 1197,Pedro Trapani,1197,,,,072/2019,2019,Maria Noel Troche,,
MSPR-073-2019,ELP-0112,msp_certificado_registro_historico,Certificados de registro ELEPEM emitidos 2017-marzo 2024,2019,https://www.gub.uy/ministerio-salud-publica/sites/ministerio-salud-publica/files/2024-03/ELEPEM%20CERTIFICADOS%207-3-2024.pdf,ELEPEM CERTIFICADOS 7-3-2024.pdf,073/2019,Colonia,,Hogar Cristo Salvador Pro Bienestar del Anciano,Ruta 55 Km. 22,Ruta 55,Km 22,,,,073/2019,2019,Marcos Trinca,,
MSPR-074-2019,ELP-0119,msp_certificado_registro_historico,Certificados de registro ELEPEM emitidos 2017-marzo 2024,2019,https://www.gub.uy/ministerio-salud-publica/sites/ministerio-salud-publica/files/2024-03/ELEPEM%20CERTIFICADOS%207-3-2024.pdf,ELEPEM CERTIFICADOS 7-3-2024.pdf,074/2019,Colonia,,Hogar de Ancianos Nueva Palmira,Ituzaingó 1091,Ituzaingó,1091,,,,074/2019,2019,Oscar Arganiaraz,,
MSPR-075-2019,ELP-0418,msp_certificado_registro_historico,Certificados de registro ELEPEM emitidos 2017-marzo 2024,2019,https://www.gub.uy/ministerio-salud-publica/sites/ministerio-salud-publica/files/2024-03/ELEPEM%20CERTIFICADOS%207-3-2024.pdf,ELEPEM CERTIFICADOS 7-3-2024.pdf,075/2019,Montevideo,,Residencial Happy Life,8 de octubre 3205,,8 de octubre 3205,,,,075/2019,2019,Luis Farlopa,,
MSPR-076-2019,ELP-0205,msp_certificado_registro_historico,Certificados de registro ELEPEM emitidos 2017-marzo 2024,2019,https://www.gub.uy/ministerio-salud-publica/sites/ministerio-salud-publica/files/2024-03/ELEPEM%20CERTIFICADOS%207-3-2024.pdf,ELEPEM CERTIFICADOS 7-3-2024.pdf,076/2019,Lavalleja,,Residencial Casa Grande,Washington 725,Washington,725,,,,076/2019,2019,Marcos Figueredo,,
MSPR-077-2019,ELP-0198,msp_certificado_registro_historico,Certificados de registro ELEPEM emitidos 2017-marzo 2024,2019,https://www.gub.uy/ministerio-salud-publica/sites/ministerio-salud-publica/files/2024-03/ELEPEM%20CERTIFICADOS%207-3-2024.pdf,ELEPEM CERTIFICADOS 7-3-2024.pdf,077/2019,Lavalleja,,Residencial Cristal,Ituzaingó 436,Ituzaingó,436,,,,077/2019,2019,Marcos Figueredo,,
MSPR-078-2019,ELP-0789,msp_certificado_registro_historico,Certificados de registro ELEPEM emitidos 2017-marzo 2024,2019,https://www.gub.uy/ministerio-salud-publica/sites/ministerio-salud-publica/files/2024-03/ELEPEM%20CERTIFICADOS%207-3-2024.pdf,ELEPEM CERTIFICADOS 7-3-2024.pdf,078/2019,Soriano,,Hogar de Ancianos de Mercedes,Ruta 2 Km 77500,Ruta 2,Km 77500,,,,078/2019,2019,Haloha Benitez,,
MSPR-079-2019,ELP-0625,msp_certificado_registro_historico,Certificados de registro ELEPEM emitidos 2017-marzo 2024,2019,https://www.gub.uy/ministerio-salud-publica/sites/ministerio-salud-publica/files/2024-03/ELEPEM%20CERTIFICADOS%207-3-2024.pdf,ELEPEM CERTIFICADOS 7-3-2024.pdf,079/2019,Montevideo,,Residencial Nirvana,Joaquín Artigas 3939,Joaquín Artigas,3939,,,,079/2019,2019,Silvia Guerrero,,
MSPR-080-2019,ELP-0606,msp_certificado_registro_historico,Certificados de registro ELEPEM emitidos 2017-marzo 2024,2019,https://www.gub.uy/ministerio-salud-publica/sites/ministerio-salud-publica/files/2024-03/ELEPEM%20CERTIFICADOS%207-3-2024.pdf,ELEPEM CERTIFICADOS 7-3-2024.pdf,080/2019,Montevideo,,Residencial Humana,Bv. España 2128,Bv. España,2128,,,,080/2019,2019,Marcela Quintana,,
MSPR-081-2019,ELP-0231,msp_certificado_registro_historico,Certificados de registro ELEPEM emitidos 2017-marzo 2024,2019,https://www.gub.uy/ministerio-salud-publica/sites/ministerio-salud-publica/files/2024-03/ELEPEM%20CERTIFICADOS%207-3-2024.pdf,ELEPEM CERTIFICADOS 7-3-2024.pdf,081/2019,Maldonado,,Residencial Los Alamos,Pedragosa Sierra e / Bilbao,Pedragosa Sierra e / Bilbao,,,,,081/2019,2019,Mercedes Perez,,
MSPR-082-2019,ELP-0726,msp_certificado_registro_historico,Certificados de registro ELEPEM emitidos 2017-marzo 2024,2019,https://www.gub.uy/ministerio-salud-publica/sites/ministerio-salud-publica/files/2024-03/ELEPEM%20CERTIFICADOS%207-3-2024.pdf,ELEPEM CERTIFICADOS 7-3-2024.pdf,082/2019,Rivera,,Residencial Bom Lar,Fernando Segarra 434,Fernando Segarra,434,,,,082/2019,2019,Mario Daniel Piriz,,
MSPR-083-2019,ELP-0247,msp_certificado_registro_historico,Certificados de registro ELEPEM emitidos 2017-marzo 2024,2019,https://www.gub.uy/ministerio-salud-publica/sites/ministerio-salud-publica/files/2024-03/ELEPEM%20CERTIFICADOS%207-3-2024.pdf,ELEPEM CERTIFICADOS 7-3-2024.pdf,083/2019,Maldonado,,Residencial En Familia,25 de agosto 786,,25 de agosto 786,,,,083/2019,2019,Gabriela Perez,,
MSPR-084-2019,ELP-0181,msp_certificado_registro_historico,Certificados de registro ELEPEM emitidos 2017-marzo 2024,2019,https://www.gub.uy/ministerio-salud-publica/sites/ministerio-salud-publica/files/2024-03/ELEPEM%20CERTIFICADOS%207-3-2024.pdf,ELEPEM CERTIFICADOS 7-3-2024.pdf,084/2019,Florida,,Hogar de Ancianos Florida,Fustino Harrison s/n,Fustino Harrison,S/N,,,,084/2019,2019,Claudia Alba,,
MSPR-085-2019,ELP-0633,msp_certificado_registro_historico,Certificados de registro ELEPEM emitidos 2017-marzo 2024,2019,https://www.gub.uy/ministerio-salud-publica/sites/ministerio-salud-publica/files/2024-03/ELEPEM%20CERTIFICADOS%207-3-2024.pdf,ELEPEM CERTIFICADOS 7-3-2024.pdf,085/2019,Montevideo,,Residencial Plenilunio,Joaquin Suarez 3429,Joaquin Suarez,3429,,,,085/2019,2019,Alejandro Morelli,,
MSPR-086-2019,ELP-0588,msp_certificado_registro_historico,Certificados de registro ELEPEM emitidos 2017-marzo 2024,2019,https://www.gub.uy/ministerio-salud-publica/sites/ministerio-salud-publica/files/2024-03/ELEPEM%20CERTIFICADOS%207-3-2024.pdf,ELEPEM CERTIFICADOS 7-3-2024.pdf,086/2019,Montevideo,,Residencial Dolce Vita,Garzón 877,Garzón,877,,,,086/2019,2019,Leonardo Gerosa,,
MSPR-087-2019,ELP-0227,msp_certificado_registro_historico,Certificados de registro ELEPEM emitidos 2017-marzo 2024,2019,https://www.gub.uy/ministerio-salud-publica/sites/ministerio-salud-publica/files/2024-03/ELEPEM%20CERTIFICADOS%207-3-2024.pdf,ELEPEM CERTIFICADOS 7-3-2024.pdf,087/2019,Maldonado,,Residencial La Tregua,Camino Los Camalotes a 15 km de Camino Lussich,Camino Los Camalotes a,15 km de Camino Lussich,,,,087/2019,2019,Sandra Elosegui,,
MSPR-088-2019,ELP-0259,msp_certificado_registro_historico,Certificados de registro ELEPEM emitidos 2017-marzo 2024,2019,https://www.gub.uy/ministerio-salud-publica/sites/ministerio-salud-publica/files/2024-03/ELEPEM%20CERTIFICADOS%207-3-2024.pdf,ELEPEM CERTIFICADOS 7-3-2024.pdf,088/2019,Maldonado,,Residencial para el adulto mayor,Rincón 860,Rincón,860,,,,088/2019,2019,Horacio Villangrand,,
MSPR-089-2019,ELP-0244,msp_certificado_registro_historico,Certificados de registro ELEPEM emitidos 2017-marzo 2024,2019,https://www.gub.uy/ministerio-salud-publica/sites/ministerio-salud-publica/files/2024-03/ELEPEM%20CERTIFICADOS%207-3-2024.pdf,ELEPEM CERTIFICADOS 7-3-2024.pdf,089/2019,Maldonado,,Residencial Anlor,Florida 1062,Florida,1062,,,,089/2019,2019,Maria Mercedes Mendez,,
MSPR-090-2019,ELP-0653,msp_certificado_registro_historico,Certificados de registro ELEPEM emitidos 2017-marzo 2024,2019,https://www.gub.uy/ministerio-salud-publica/sites/ministerio-salud-publica/files/2024-03/ELEPEM%20CERTIFICADOS%207-3-2024.pdf,ELEPEM CERTIFICADOS 7-3-2024.pdf,090/2019,Montevideo,,Residencial Tata Luis y Doña Lola II,Mercedes 1572,Mercedes,1572,,,,090/2019,2019,German Fornos,,
MSPR-091-2019,ELP-0025,msp_certificado_registro_historico,Certificados de registro ELEPEM emitidos 2017-marzo 2024,2019,https://www.gub.uy/ministerio-salud-publica/sites/ministerio-salud-publica/files/2024-03/ELEPEM%20CERTIFICADOS%207-3-2024.pdf,ELEPEM CERTIFICADOS 7-3-2024.pdf,091/2019,Canelones,,Girasol,Patricio Alvarez entre Ruta 8 y Gabriel Pereira,Patricio Alvarez entre Ruta,8,,,,091/2019,2019,Norberto Perez,,
MSPR-092-2019,ELP-0450,msp_certificado_registro_historico,Certificados de registro ELEPEM emitidos 2017-marzo 2024,2019,https://www.gub.uy/ministerio-salud-publica/sites/ministerio-salud-publica/files/2024-03/ELEPEM%20CERTIFICADOS%207-3-2024.pdf,ELEPEM CERTIFICADOS 7-3-2024.pdf,092/2019,Montevideo,,Hotel Residencial San Antonio,Avda. Millán 4383,Avda. Millán,4383,,,,092/2019,2019,Daniel Beovide,,
MSPR-093-2019,ELP-0501,msp_certificado_registro_historico,Certificados de registro ELEPEM emitidos 2017-marzo 2024,2019,https://www.gub.uy/ministerio-salud-publica/sites/ministerio-salud-publica/files/2024-03/ELEPEM%20CERTIFICADOS%207-3-2024.pdf,ELEPEM CERTIFICADOS 7-3-2024.pdf,093/2019,Montevideo,,Residencial Les Jardins,Avda. Italia 5910,Avda. Italia,5910,,,,093/2019,2019,Jose Charquero,,
MSPR-094-2019,ELP-0016,msp_certificado_registro_historico,Certificados de registro ELEPEM emitidos 2017-marzo 2024,2019,https://www.gub.uy/ministerio-salud-publica/sites/ministerio-salud-publica/files/2024-03/ELEPEM%20CERTIFICADOS%207-3-2024.pdf,ELEPEM CERTIFICADOS 7-3-2024.pdf,094/2019,Canelones,,El Hogar,Achiras M 24 S 23,Achiras M,24 S 23,,,,094/2019,2019,Agustin Pirilllo,,
MSPR-095-2019,ELP-0016,msp_certificado_registro_historico,Certificados de registro ELEPEM emitidos 2017-marzo 2024,2019,https://www.gub.uy/ministerio-salud-publica/sites/ministerio-salud-publica/files/2024-03/ELEPEM%20CERTIFICADOS%207-3-2024.pdf,ELEPEM CERTIFICADOS 7-3-2024.pdf,095/2019,Canelones,,Residencial El Hogar,Achiras M 24 S 20 entre Gestido y Espinillo,Achiras M,24 S 20,,,,095/2019,2019,Agustin Pirilllo,,
MSPR-096-2019,ELP-0401,msp_certificado_registro_historico,Certificados de registro ELEPEM emitidos 2017-marzo 2024,2019,https://www.gub.uy/ministerio-salud-publica/sites/ministerio-salud-publica/files/2024-03/ELEPEM%20CERTIFICADOS%207-3-2024.pdf,ELEPEM CERTIFICADOS 7-3-2024.pdf,096/2019,Montevideo,,Estilo de Vida,Domingo Cullen 693,Domingo Cullen,693,,,,096/2019,2019,Noreen Briceño,,
MSPR-097-2019,ELP-0034,msp_certificado_registro_historico,Certificados de registro ELEPEM emitidos 2017-marzo 2024,2019,https://www.gub.uy/ministerio-salud-publica/sites/ministerio-salud-publica/files/2024-03/ELEPEM%20CERTIFICADOS%207-3-2024.pdf,ELEPEM CERTIFICADOS 7-3-2024.pdf,097/2019,Canelones,,Hogar de Ancianos San Antonio,María Pereira de Marotte s/n esq. José Pedro Varela,María Pereira de Marotte,S/N,,,,097/2019,2019,Josue Perez,,
MSPR-098-2019,ELP-0120,msp_certificado_registro_historico,Certificados de registro ELEPEM emitidos 2017-marzo 2024,2019,https://www.gub.uy/ministerio-salud-publica/sites/ministerio-salud-publica/files/2024-03/ELEPEM%20CERTIFICADOS%207-3-2024.pdf,ELEPEM CERTIFICADOS 7-3-2024.pdf,098/2019,Colonia,,Hogar Juan,Soriano 430,Soriano,430,,,,098/2019,2019,Ariel Licos,,
MSPR-099-2019,ELP-0402,msp_certificado_registro_historico,Certificados de registro ELEPEM emitidos 2017-marzo 2024,2019,https://www.gub.uy/ministerio-salud-publica/sites/ministerio-salud-publica/files/2024-03/ELEPEM%20CERTIFICADOS%207-3-2024.pdf,ELEPEM CERTIFICADOS 7-3-2024.pdf,099/2019,Montevideo,,Residencial Estilo de Vida,Echevarriarza 3453,Echevarriarza,3453,,,,099/2019,2019,Noreen Briceño,,
MSPR-100-2019,ELP-0449,msp_certificado_registro_historico,Certificados de registro ELEPEM emitidos 2017-marzo 2024,2019,https://www.gub.uy/ministerio-salud-publica/sites/ministerio-salud-publica/files/2024-03/ELEPEM%20CERTIFICADOS%207-3-2024.pdf,ELEPEM CERTIFICADOS 7-3-2024.pdf,100/2019,Montevideo,,Hotel Residencial Lafayette,Soriano 1170,Soriano,1170,,,,100/2019,2019,Maria Cristina Arotce,,
MSPR-101-2019,ELP-0395,msp_certificado_registro_historico,Certificados de registro ELEPEM emitidos 2017-marzo 2024,2019,https://www.gub.uy/ministerio-salud-publica/sites/ministerio-salud-publica/files/2024-03/ELEPEM%20CERTIFICADOS%207-3-2024.pdf,ELEPEM CERTIFICADOS 7-3-2024.pdf,101/2019,Montevideo,,Residencial En Familia,Matto Grosso 5577,Matto Grosso,5577,,,,101/2019,2019,Sergio Voncalvez,,
MSPR-102-2019,ELP-0217,msp_certificado_registro_historico,Certificados de registro ELEPEM emitidos 2017-marzo 2024,2019,https://www.gub.uy/ministerio-salud-publica/sites/ministerio-salud-publica/files/2024-03/ELEPEM%20CERTIFICADOS%207-3-2024.pdf,ELEPEM CERTIFICADOS 7-3-2024.pdf,102/2019,Maldonado,,Fundación Pro-Bienestar Social del Anciano de Aiguá,Agustoni Rossi s/n,Agustoni Rossi,S/N,,,,102/2019,2019,Francisco Castro,,
MSPR-103-2019,ELP-0575,msp_certificado_registro_historico,Certificados de registro ELEPEM emitidos 2017-marzo 2024,2019,https://www.gub.uy/ministerio-salud-publica/sites/ministerio-salud-publica/files/2024-03/ELEPEM%20CERTIFICADOS%207-3-2024.pdf,ELEPEM CERTIFICADOS 7-3-2024.pdf,103/2019,Montevideo,,Residencial Belén,Avenida Don Pedro de Mendoza 4912,Avenida Don Pedro de Mendoza,4912,,,,103/2019,2019,Santiago Mateo,,
MSPR-104-2019,ELP-0589,msp_certificado_registro_historico,Certificados de registro ELEPEM emitidos 2017-marzo 2024,2019,https://www.gub.uy/ministerio-salud-publica/sites/ministerio-salud-publica/files/2024-03/ELEPEM%20CERTIFICADOS%207-3-2024.pdf,ELEPEM CERTIFICADOS 7-3-2024.pdf,104/2019,Montevideo,,Residencial Dolce Vita,Hansen 1926,Hansen,1926,,,,104/2019,2019,Leonardo Gerosa,,
MSPR-105-2019,ELP-0654,msp_certificado_registro_historico,Certificados de registro ELEPEM emitidos 2017-marzo 2024,2019,https://www.gub.uy/ministerio-salud-publica/sites/ministerio-salud-publica/files/2024-03/ELEPEM%20CERTIFICADOS%207-3-2024.pdf,ELEPEM CERTIFICADOS 7-3-2024.pdf,105/2019,Montevideo,,Residencial Teagarden,Av. Lezica 5858,Av. Lezica,5858,,,,105/2019,2019,Veronica Gonzalez,,
MSPR-106-2019,ELP-0039,msp_certificado_registro_historico,Certificados de registro ELEPEM emitidos 2017-marzo 2024,2019,https://www.gub.uy/ministerio-salud-publica/sites/ministerio-salud-publica/files/2024-03/ELEPEM%20CERTIFICADOS%207-3-2024.pdf,ELEPEM CERTIFICADOS 7-3-2024.pdf,106/2019,Canelones,,La Familia,Calle 10 s/n esquina calle 1,Calle,10 s/n,,,,106/2019,2019,Lucia Escagnegati,,
MSPR-107-2019,ELP-0044,msp_certificado_registro_historico,Certificados de registro ELEPEM emitidos 2017-marzo 2024,2019,https://www.gub.uy/ministerio-salud-publica/sites/ministerio-salud-publica/files/2024-03/ELEPEM%20CERTIFICADOS%207-3-2024.pdf,ELEPEM CERTIFICADOS 7-3-2024.pdf,107/2019,Canelones,,La Bonne Vie,Rio Negro s/n Manzana 21 solar 15,Rio Negro s/n Manzana,21 solar 15,,,,107/2019,2019,Mercedes Acosta,,
MSPR-108-2019,ELP-0049,msp_certificado_registro_historico,Certificados de registro ELEPEM emitidos 2017-marzo 2024,2019,https://www.gub.uy/ministerio-salud-publica/sites/ministerio-salud-publica/files/2024-03/ELEPEM%20CERTIFICADOS%207-3-2024.pdf,ELEPEM CERTIFICADOS 7-3-2024.pdf,108/2019,Canelones,,La Familia,18 de Julio 796,,18 de Julio 796,,,,108/2019,2019,Lilian Garcia,,
MSPR-109-2019,ELP-0658,msp_certificado_registro_historico,Certificados de registro ELEPEM emitidos 2017-marzo 2024,2019,https://www.gub.uy/ministerio-salud-publica/sites/ministerio-salud-publica/files/2024-03/ELEPEM%20CERTIFICADOS%207-3-2024.pdf,ELEPEM CERTIFICADOS 7-3-2024.pdf,109/2019,Montevideo,,Residencial Versalles,Agraciada 3681,Agraciada,3681,,,,109/2019,2019,Adriana Castro,,
MSPR-110-2019,ELP-0201,msp_certificado_registro_historico,Certificados de registro ELEPEM emitidos 2017-marzo 2024,2019,https://www.gub.uy/ministerio-salud-publica/sites/ministerio-salud-publica/files/2024-03/ELEPEM%20CERTIFICADOS%207-3-2024.pdf,ELEPEM CERTIFICADOS 7-3-2024.pdf,110/2019,Lavalleja,,Institución Porbienestar social del anciano de José Pedro Varela,Uruguay esq. Podesta Carnelli,Uruguay esq. Podesta Carnelli,,,,,110/2019,2019,Adriana Jure,,
MSPR-111-2019,ELP-0597,msp_certificado_registro_historico,Certificados de registro ELEPEM emitidos 2017-marzo 2024,2019,https://www.gub.uy/ministerio-salud-publica/sites/ministerio-salud-publica/files/2024-03/ELEPEM%20CERTIFICADOS%207-3-2024.pdf,ELEPEM CERTIFICADOS 7-3-2024.pdf,111/2019,Montevideo,,Residencial En Compañía,Arq. Horacio Acosta y Lara 2510,Arq. Horacio Acosta y Lara,2510,,,,111/2019,2019,Alberto Dibbern,,
MSPR-112-2019,ELP-0093,msp_certificado_registro_historico,Certificados de registro ELEPEM emitidos 2017-marzo 2024,2019,https://www.gub.uy/ministerio-salud-publica/sites/ministerio-salud-publica/files/2024-03/ELEPEM%20CERTIFICADOS%207-3-2024.pdf,ELEPEM CERTIFICADOS 7-3-2024.pdf,112/2019,Canelones,,Seniority Magna,Niteroi 948,Niteroi,948,,,,112/2019,2019,Mariela Fernandez,,
MSPR-113-2019,ELP-0782,msp_certificado_registro_historico,Certificados de registro ELEPEM emitidos 2017-marzo 2024,2019,https://www.gub.uy/ministerio-salud-publica/sites/ministerio-salud-publica/files/2024-03/ELEPEM%20CERTIFICADOS%207-3-2024.pdf,ELEPEM CERTIFICADOS 7-3-2024.pdf,113/2019,San José,,Residencial Mabel,Leandro Gómez 1012,Leandro Gómez,1012,,,,113/2019,2019,Eliza Cabó,,
MSPR-114-2019,ELP-0253,msp_certificado_registro_historico,Certificados de registro ELEPEM emitidos 2017-marzo 2024,2019,https://www.gub.uy/ministerio-salud-publica/sites/ministerio-salud-publica/files/2024-03/ELEPEM%20CERTIFICADOS%207-3-2024.pdf,ELEPEM CERTIFICADOS 7-3-2024.pdf,114/2019,Maldonado,,Residencial Los Juncos,6 de julio 1784,,6 de julio 1784,,,,114/2019,2019,Alfonzo Lopez,,
MSPR-115-2019,ELP-0537,msp_certificado_registro_historico,Certificados de registro ELEPEM emitidos 2017-marzo 2024,2019,https://www.gub.uy/ministerio-salud-publica/sites/ministerio-salud-publica/files/2024-03/ELEPEM%20CERTIFICADOS%207-3-2024.pdf,ELEPEM CERTIFICADOS 7-3-2024.pdf,115/2019,Montevideo,,Residencial Monetoile,San Martín 3437,San Martín,3437,,,,115/2019,2019,Claudia Llorca,,
MSPR-116-2019,ELP-0059,msp_certificado_registro_historico,Certificados de registro ELEPEM emitidos 2017-marzo 2024,2019,https://www.gub.uy/ministerio-salud-publica/sites/ministerio-salud-publica/files/2024-03/ELEPEM%20CERTIFICADOS%207-3-2024.pdf,ELEPEM CERTIFICADOS 7-3-2024.pdf,116/2019,Canelones,,Mi Lugar,Zorilla 1126,Zorilla,1126,,,,116/2019,2019,Alejandro Fishel,,
MSPR-117-2019,ELP-0703,msp_certificado_registro_historico,Certificados de registro ELEPEM emitidos 2017-marzo 2024,2019,https://www.gub.uy/ministerio-salud-publica/sites/ministerio-salud-publica/files/2024-03/ELEPEM%20CERTIFICADOS%207-3-2024.pdf,ELEPEM CERTIFICADOS 7-3-2024.pdf,117/2019,Montevideo,,Valle Vilcabamba,Alejandro Fleming 1741,Alejandro Fleming,1741,,,,117/2019,2019,Marcela Quintana,,
MSPR-118-2019,ELP-0473,msp_certificado_registro_historico,Certificados de registro ELEPEM emitidos 2017-marzo 2024,2019,https://www.gub.uy/ministerio-salud-publica/sites/ministerio-salud-publica/files/2024-03/ELEPEM%20CERTIFICADOS%207-3-2024.pdf,ELEPEM CERTIFICADOS 7-3-2024.pdf,118/2019,Montevideo,,La Serena,Rambla O'Higgins 5315,Rambla O'Higgins,5315,,,,118/2019,2019,Claudia LLorca,,
MSPR-119-2019,ELP-0576,msp_certificado_registro_historico,Certificados de registro ELEPEM emitidos 2017-marzo 2024,2019,https://www.gub.uy/ministerio-salud-publica/sites/ministerio-salud-publica/files/2024-03/ELEPEM%20CERTIFICADOS%207-3-2024.pdf,ELEPEM CERTIFICADOS 7-3-2024.pdf,119/2019,Montevideo,,Residencial Brenda,Brenda 5994,Brenda,5994,,,,119/2019,2019,Doris Baccino,,
MSPR-120-2019,ELP-0317,msp_certificado_registro_historico,Certificados de registro ELEPEM emitidos 2017-marzo 2024,2019,https://www.gub.uy/ministerio-salud-publica/sites/ministerio-salud-publica/files/2024-03/ELEPEM%20CERTIFICADOS%207-3-2024.pdf,ELEPEM CERTIFICADOS 7-3-2024.pdf,120/2019,Montevideo,,Residencial Bellos Años,Luis Alberto de Herrrera 3161,Luis Alberto de Herrrera,3161,,,,120/2019,2019,Silvia Guerrero,,
MSPR-121-2019,ELP-0249,msp_certificado_registro_historico,Certificados de registro ELEPEM emitidos 2017-marzo 2024,2019,https://www.gub.uy/ministerio-salud-publica/sites/ministerio-salud-publica/files/2024-03/ELEPEM%20CERTIFICADOS%207-3-2024.pdf,ELEPEM CERTIFICADOS 7-3-2024.pdf,121/2019,Maldonado,,Residencial Guadalupe,"Avenida Martiniano Chiossi y Arizona chalet ""La Almanzora""","Avenida Martiniano Chiossi y Arizona chalet ""La Almanzora""",,,,,121/2019,2019,Jose Juan,,
MSPR-122-2019,ELP-0662,msp_certificado_registro_historico,Certificados de registro ELEPEM emitidos 2017-marzo 2024,2019,https://www.gub.uy/ministerio-salud-publica/sites/ministerio-salud-publica/files/2024-03/ELEPEM%20CERTIFICADOS%207-3-2024.pdf,ELEPEM CERTIFICADOS 7-3-2024.pdf,122/2019,Montevideo,,Residencial Villa Angelita,Campisteguy 2973,Campisteguy,2973,,,,122/2019,2019,Jorge Rodriguez,,
MSPR-123-2019,ELP-0096,msp_certificado_registro_historico,Certificados de registro ELEPEM emitidos 2017-marzo 2024,2019,https://www.gub.uy/ministerio-salud-publica/sites/ministerio-salud-publica/files/2024-03/ELEPEM%20CERTIFICADOS%207-3-2024.pdf,ELEPEM CERTIFICADOS 7-3-2024.pdf,123/2019,Canelones,,Solange Alejandra Amaya,Bella Vista 2057,Bella Vista,2057,,,,123/2019,2019,Cristian Romero,,
MSPR-124-2019,ELP-0142,msp_certificado_registro_historico,Certificados de registro ELEPEM emitidos 2017-marzo 2024,2019,https://www.gub.uy/ministerio-salud-publica/sites/ministerio-salud-publica/files/2024-03/ELEPEM%20CERTIFICADOS%207-3-2024.pdf,ELEPEM CERTIFICADOS 7-3-2024.pdf,124/2019,Colonia,,Ruben Alfredo Castillo Roqueta,Baltazar Brum 650,Baltazar Brum,650,,,,124/2019,2019,Nelson Guillermo Alcaire,,
MSPR-125-2019,ELP-0775,msp_certificado_registro_historico,Certificados de registro ELEPEM emitidos 2017-marzo 2024,2019,https://www.gub.uy/ministerio-salud-publica/sites/ministerio-salud-publica/files/2024-03/ELEPEM%20CERTIFICADOS%207-3-2024.pdf,ELEPEM CERTIFICADOS 7-3-2024.pdf,125/2019,San José,,Iris Rodríguez,Espinola 720,Espinola,720,,,,125/2019,2019,Gladis Rodriguez,,
MSPR-126-2019,ELP-0447,msp_certificado_registro_historico,Certificados de registro ELEPEM emitidos 2017-marzo 2024,2019,https://www.gub.uy/ministerio-salud-publica/sites/ministerio-salud-publica/files/2024-03/ELEPEM%20CERTIFICADOS%207-3-2024.pdf,ELEPEM CERTIFICADOS 7-3-2024.pdf,126/2019,Montevideo,,Residencial Hogar Siena SRL,Libertad 2840,Libertad,2840,,,,126/2019,2019,Adriana Schoper,,
MSPR-127-2019,ELP-0193,msp_certificado_registro_historico,Certificados de registro ELEPEM emitidos 2017-marzo 2024,2019,https://www.gub.uy/ministerio-salud-publica/sites/ministerio-salud-publica/files/2024-03/ELEPEM%20CERTIFICADOS%207-3-2024.pdf,ELEPEM CERTIFICADOS 7-3-2024.pdf,127/2019,Florida,,Residencial Rincon de Luz,Mevir II 6870,Mevir II,6870,,,,127/2019,2019,Lorena Cardozo,,
MSPR-128-2019,ELP-0568,msp_certificado_registro_historico,Certificados de registro ELEPEM emitidos 2017-marzo 2024,2019,https://www.gub.uy/ministerio-salud-publica/sites/ministerio-salud-publica/files/2024-03/ELEPEM%20CERTIFICADOS%207-3-2024.pdf,ELEPEM CERTIFICADOS 7-3-2024.pdf,128/2019,Montevideo,,Residencial Abuela Angelina,Agraciada 3002,Agraciada,3002,,,,128/2019,2019,Nestor Fraga,,
MSPR-129-2019,ELP-0181,msp_certificado_registro_historico,Certificados de registro ELEPEM emitidos 2017-marzo 2024,2019,https://www.gub.uy/ministerio-salud-publica/sites/ministerio-salud-publica/files/2024-03/ELEPEM%20CERTIFICADOS%207-3-2024.pdf,ELEPEM CERTIFICADOS 7-3-2024.pdf,129/2019,Florida,,Hogar de Ancianos de Florida,Faustino Harrison s/n,Faustino Harrison,S/N,,,,129/2019,2019,Solveig Rodriguez,,
MSPR-130-2019,ELP-0280,msp_certificado_registro_historico,Certificados de registro ELEPEM emitidos 2017-marzo 2024,2019,https://www.gub.uy/ministerio-salud-publica/sites/ministerio-salud-publica/files/2024-03/ELEPEM%20CERTIFICADOS%207-3-2024.pdf,ELEPEM CERTIFICADOS 7-3-2024.pdf,130/2019,Montevideo,,Residencial Aguas de Reposo,Av. Italia 6527,Av. Italia,6527,,,,130/2019,2019,Hellen Carbajal,,
MSPR-131-2019,ELP-0106,msp_certificado_registro_historico,Certificados de registro ELEPEM emitidos 2017-marzo 2024,2019,https://www.gub.uy/ministerio-salud-publica/sites/ministerio-salud-publica/files/2024-03/ELEPEM%20CERTIFICADOS%207-3-2024.pdf,ELEPEM CERTIFICADOS 7-3-2024.pdf,131/2019,Colonia,,Hogar de Ancianos Miguelete,José Pedro Varela s/n,José Pedro Varela,S/N,,,,131/2019,2019,Hebert Rodriguez,,
MSPR-132-2019,ELP-0478,msp_certificado_registro_historico,Certificados de registro ELEPEM emitidos 2017-marzo 2024,2019,https://www.gub.uy/ministerio-salud-publica/sites/ministerio-salud-publica/files/2024-03/ELEPEM%20CERTIFICADOS%207-3-2024.pdf,ELEPEM CERTIFICADOS 7-3-2024.pdf,132/2019,Montevideo,,LAGUZAK Y CIA SRL,Caramurú 5812,Caramurú,5812,,,,132/2019,2019,Joselin Blois,,
MSPR-133-2019,ELP-0431,msp_certificado_registro_historico,Certificados de registro ELEPEM emitidos 2017-marzo 2024,2019,https://www.gub.uy/ministerio-salud-publica/sites/ministerio-salud-publica/files/2024-03/ELEPEM%20CERTIFICADOS%207-3-2024.pdf,ELEPEM CERTIFICADOS 7-3-2024.pdf,133/2019,Montevideo,,Residencial Hogar de Ancianos de Peibu,Fernández Crespo 1768,Fernández Crespo,1768,,,,133/2019,2019,Maria Vidal,,
MSPR-134-2019,ELP-0239,msp_certificado_registro_historico,Certificados de registro ELEPEM emitidos 2017-marzo 2024,2019,https://www.gub.uy/ministerio-salud-publica/sites/ministerio-salud-publica/files/2024-03/ELEPEM%20CERTIFICADOS%207-3-2024.pdf,ELEPEM CERTIFICADOS 7-3-2024.pdf,134/2019,Maldonado,,Residencial En Familia,Curbelo 685,Curbelo,685,,,,134/2019,2019,Gabriela Perez,,
MSPR-135-2019,ELP-0050,msp_certificado_registro_historico,Certificados de registro ELEPEM emitidos 2017-marzo 2024,2019,https://www.gub.uy/ministerio-salud-publica/sites/ministerio-salud-publica/files/2024-03/ELEPEM%20CERTIFICADOS%207-3-2024.pdf,ELEPEM CERTIFICADOS 7-3-2024.pdf,135/2019,Canelones,,La Posada,Becu M 28 S 1,Becu M,28 S 1,,,,135/2019,2019,Alejandro Morelli,,
MSPR-136-2019,ELP-0741,msp_certificado_registro_historico,Certificados de registro ELEPEM emitidos 2017-marzo 2024,2019,https://www.gub.uy/ministerio-salud-publica/sites/ministerio-salud-publica/files/2024-03/ELEPEM%20CERTIFICADOS%207-3-2024.pdf,ELEPEM CERTIFICADOS 7-3-2024.pdf,136/2019,Salto,,Lo de Ana,Artigas 976,Artigas,976,,,,136/2019,2019,Macarena Montes de Oca,,
MSPR-137-2019,ELP-0449,msp_certificado_registro_historico,Certificados de registro ELEPEM emitidos 2017-marzo 2024,2019,https://www.gub.uy/ministerio-salud-publica/sites/ministerio-salud-publica/files/2024-03/ELEPEM%20CERTIFICADOS%207-3-2024.pdf,ELEPEM CERTIFICADOS 7-3-2024.pdf,137/2019,Montevideo,,Hotel Residencial Lafayette,Soriano 1170,Soriano,1170,,,,137/2019,2019,Maria Arotce,,
MSPR-138-2019,ELP-0464,msp_certificado_registro_historico,Certificados de registro ELEPEM emitidos 2017-marzo 2024,2019,https://www.gub.uy/ministerio-salud-publica/sites/ministerio-salud-publica/files/2024-03/ELEPEM%20CERTIFICADOS%207-3-2024.pdf,ELEPEM CERTIFICADOS 7-3-2024.pdf,138/2019,Montevideo,,La Casa de los Abuelos,Av. Gral. Flores 4918,Av. Gral. Flores,4918,,,,138/2019,2019,Elizabert Gimenez,,
MSPR-139-2019,ELP-0286,msp_certificado_registro_historico,Certificados de registro ELEPEM emitidos 2017-marzo 2024,2019,https://www.gub.uy/ministerio-salud-publica/sites/ministerio-salud-publica/files/2024-03/ELEPEM%20CERTIFICADOS%207-3-2024.pdf,ELEPEM CERTIFICADOS 7-3-2024.pdf,139/2019,Montevideo,,Residencial Alborada,Héctor Gutierrez Ruiz 1223,Héctor Gutierrez Ruiz,1223,,,,139/2019,2019,Camila Larrosa,,
MSPR-140-2019,ELP-0567,msp_certificado_registro_historico,Certificados de registro ELEPEM emitidos 2017-marzo 2024,2019,https://www.gub.uy/ministerio-salud-publica/sites/ministerio-salud-publica/files/2024-03/ELEPEM%20CERTIFICADOS%207-3-2024.pdf,ELEPEM CERTIFICADOS 7-3-2024.pdf,140/2019,Montevideo,,Residencia Santa Barbara SRL,Agraciada 2801,Agraciada,2801,,,,140/2019,2019,Adriana Castro,,
MSPR-141-2019,ELP-0599,msp_certificado_registro_historico,Certificados de registro ELEPEM emitidos 2017-marzo 2024,2019,https://www.gub.uy/ministerio-salud-publica/sites/ministerio-salud-publica/files/2024-03/ELEPEM%20CERTIFICADOS%207-3-2024.pdf,ELEPEM CERTIFICADOS 7-3-2024.pdf,141/2019,Montevideo,,Residencial Erika,Arismendi 1025,Arismendi,1025,,,,141/2019,2019,Hugo de los Santos,,
MSPR-142-2019,ELP-0664,msp_certificado_registro_historico,Certificados de registro ELEPEM emitidos 2017-marzo 2024,2019,https://www.gub.uy/ministerio-salud-publica/sites/ministerio-salud-publica/files/2024-03/ELEPEM%20CERTIFICADOS%207-3-2024.pdf,ELEPEM CERTIFICADOS 7-3-2024.pdf,142/2019,Montevideo,,Residencial Villa Rosana,Bv. José Batlle y Ordoñez 2089,Bv. José Batlle y Ordoñez,2089,,,,142/2019,2019,Fernando Labanca,,
MSPR-143-2019,ELP-0632,msp_certificado_registro_historico,Certificados de registro ELEPEM emitidos 2017-marzo 2024,2019,https://www.gub.uy/ministerio-salud-publica/sites/ministerio-salud-publica/files/2024-03/ELEPEM%20CERTIFICADOS%207-3-2024.pdf,ELEPEM CERTIFICADOS 7-3-2024.pdf,143/2019,Montevideo,,Residencial Platino,Agraciada 3360,Agraciada,3360,,,,143/2019,2019,Alicia Perrone,,
MSPR-144-2019,ELP-0738,msp_certificado_registro_historico,Certificados de registro ELEPEM emitidos 2017-marzo 2024,2019,https://www.gub.uy/ministerio-salud-publica/sites/ministerio-salud-publica/files/2024-03/ELEPEM%20CERTIFICADOS%207-3-2024.pdf,ELEPEM CERTIFICADOS 7-3-2024.pdf,144/2019,Salto,,Residencial Años Dorados,Enrique Amorin 1563,Enrique Amorin,1563,,,,144/2019,2019,Clarisa Paladino,,
MSPR-145-2019,ELP-0125,msp_certificado_registro_historico,Certificados de registro ELEPEM emitidos 2017-marzo 2024,2019,https://www.gub.uy/ministerio-salud-publica/sites/ministerio-salud-publica/files/2024-03/ELEPEM%20CERTIFICADOS%207-3-2024.pdf,ELEPEM CERTIFICADOS 7-3-2024.pdf,145/2019,Colonia,,Institución Porbienestar social del anciano de Rosario,De los Libertadores esq. Derechos Humanos,De los Libertadores esq. Derechos Humanos,,,,,145/2019,2019,Ana Arce,,
MSPR-146-2019,ELP-0322,msp_certificado_registro_historico,Certificados de registro ELEPEM emitidos 2017-marzo 2024,2019,https://www.gub.uy/ministerio-salud-publica/sites/ministerio-salud-publica/files/2024-03/ELEPEM%20CERTIFICADOS%207-3-2024.pdf,ELEPEM CERTIFICADOS 7-3-2024.pdf,146/2019,Montevideo,,"Residencial Norma""S Home",José Belloni 4903,José Belloni,4903,,,,146/2019,2019,Maria Alfonzo,,
MSPR-147-2019,ELP-0154,msp_certificado_registro_historico,Certificados de registro ELEPEM emitidos 2017-marzo 2024,2019,https://www.gub.uy/ministerio-salud-publica/sites/ministerio-salud-publica/files/2024-03/ELEPEM%20CERTIFICADOS%207-3-2024.pdf,ELEPEM CERTIFICADOS 7-3-2024.pdf,147/2019,Durazno,,Residencial Dulce Hogar,Sarandí 638,Sarandí,638,,,,147/2019,2019,Irfan Raheem,,
MSPR-148-2019,ELP-0090,msp_certificado_registro_historico,Certificados de registro ELEPEM emitidos 2017-marzo 2024,2019,https://www.gub.uy/ministerio-salud-publica/sites/ministerio-salud-publica/files/2024-03/ELEPEM%20CERTIFICADOS%207-3-2024.pdf,ELEPEM CERTIFICADOS 7-3-2024.pdf,148/2019,Canelones,,Residencial Solymar,"Rocha manzana 24 solar 1, Solymar Sur",Rocha manzana,"24 solar 1, Solymar Sur",,,,148/2019,2019,Liliana Pushkoff,,
MSPR-149-2019,ELP-0221,msp_certificado_registro_historico,Certificados de registro ELEPEM emitidos 2017-marzo 2024,2019,https://www.gub.uy/ministerio-salud-publica/sites/ministerio-salud-publica/files/2024-03/ELEPEM%20CERTIFICADOS%207-3-2024.pdf,ELEPEM CERTIFICADOS 7-3-2024.pdf,149/2019,Maldonado,,Hogar Ecilda Cardozo de Silvera,25 de agosto 773,,25 de agosto 773,,,,149/2019,2019,Daniel Fachelli,,
MSPR-150-2019,ELP-0212,msp_certificado_registro_historico,Certificados de registro ELEPEM emitidos 2017-marzo 2024,2019,https://www.gub.uy/ministerio-salud-publica/sites/ministerio-salud-publica/files/2024-03/ELEPEM%20CERTIFICADOS%207-3-2024.pdf,ELEPEM CERTIFICADOS 7-3-2024.pdf,150/2019,Maldonado,,Casa del Sol,Mercedes s/n padrón 2751,Mercedes s/n padrón,2751,,,,150/2019,2019,Ines Echarri,,
MSPR-151-2019,ELP-0230,msp_certificado_registro_historico,Certificados de registro ELEPEM emitidos 2017-marzo 2024,2019,https://www.gub.uy/ministerio-salud-publica/sites/ministerio-salud-publica/files/2024-03/ELEPEM%20CERTIFICADOS%207-3-2024.pdf,ELEPEM CERTIFICADOS 7-3-2024.pdf,151/2019,Maldonado,,Residencial Las Lavandas,Paso de la Cadena esq. Alamein,Paso de la Cadena esq. Alamein,,,,,151/2019,2019,Maria Mendez,,
MSPR-152-2019,ELP-0345,msp_certificado_registro_historico,Certificados de registro ELEPEM emitidos 2017-marzo 2024,2019,https://www.gub.uy/ministerio-salud-publica/sites/ministerio-salud-publica/files/2024-03/ELEPEM%20CERTIFICADOS%207-3-2024.pdf,ELEPEM CERTIFICADOS 7-3-2024.pdf,152/2019,Montevideo,,Residencial Centro del Adulto Mayor,Almirante Harwood 6346 y 6350,Almirante Harwood,6346,,,,152/2019,2019,Margarita Beduchaud,,
MSPR-153-2019,ELP-0546,msp_certificado_registro_historico,Certificados de registro ELEPEM emitidos 2017-marzo 2024,2019,https://www.gub.uy/ministerio-salud-publica/sites/ministerio-salud-publica/files/2024-03/ELEPEM%20CERTIFICADOS%207-3-2024.pdf,ELEPEM CERTIFICADOS 7-3-2024.pdf,153/2019,Montevideo,,Residencial Nuestro Hogar,Martin C. Martinez 1832,Martin C. Martinez,1832,,,,153/2019,2019,Joselyn Blois,,
MSPR-154-2019,ELP-0296,msp_certificado_registro_historico,Certificados de registro ELEPEM emitidos 2017-marzo 2024,2019,https://www.gub.uy/ministerio-salud-publica/sites/ministerio-salud-publica/files/2024-03/ELEPEM%20CERTIFICADOS%207-3-2024.pdf,ELEPEM CERTIFICADOS 7-3-2024.pdf,154/2019,Montevideo,,Residencial Altos del Parque,Ricaldoni 1748,Ricaldoni,1748,,,,154/2019,2019,Adriana Chopfer,,
MSPR-155-2019,ELP-0081,msp_certificado_registro_historico,Certificados de registro ELEPEM emitidos 2017-marzo 2024,2019,https://www.gub.uy/ministerio-salud-publica/sites/ministerio-salud-publica/files/2024-03/ELEPEM%20CERTIFICADOS%207-3-2024.pdf,ELEPEM CERTIFICADOS 7-3-2024.pdf,155/2019,Canelones,,Residencial Margarita Susana Rodriguez Llull,"Tres Banderas entres Catalán y Cerrito, Solar 18 manzana 52","Tres Banderas entres Catalán y Cerrito, Solar",18 manzana 52,,,,155/2019,2019,Mauricio Larroque,,
MSPR-156-2019,ELP-0089,msp_certificado_registro_historico,Certificados de registro ELEPEM emitidos 2017-marzo 2024,2019,https://www.gub.uy/ministerio-salud-publica/sites/ministerio-salud-publica/files/2024-03/ELEPEM%20CERTIFICADOS%207-3-2024.pdf,ELEPEM CERTIFICADOS 7-3-2024.pdf,156/2019,Canelones,,Residencial Sol y Aire,Zenón Burgueño s/n,Zenón Burgueño,S/N,,,,156/2019,2019,Sergio Leal,,
MSPR-157-2019,ELP-0511,msp_certificado_registro_historico,Certificados de registro ELEPEM emitidos 2017-marzo 2024,2019,https://www.gub.uy/ministerio-salud-publica/sites/ministerio-salud-publica/files/2024-03/ELEPEM%20CERTIFICADOS%207-3-2024.pdf,ELEPEM CERTIFICADOS 7-3-2024.pdf,157/2019,Montevideo,,Residencial Los Robles de Sayago,Quicuyo 974,Quicuyo,974,,,,157/2019,2019,Alejandro Morelli,,
MSPR-158-2019,ELP-0439,msp_certificado_registro_historico,Certificados de registro ELEPEM emitidos 2017-marzo 2024,2019,https://www.gub.uy/ministerio-salud-publica/sites/ministerio-salud-publica/files/2024-03/ELEPEM%20CERTIFICADOS%207-3-2024.pdf,ELEPEM CERTIFICADOS 7-3-2024.pdf,158/2019,Montevideo,,Instituto de las Hermanas del Perpetuo Socorro,Enrique Martínez 1409,Enrique Martínez,1409,,,,158/2019,2019,Alicia Menendez,,
MSPR-159-2019,ELP-0456,msp_certificado_registro_historico,Certificados de registro ELEPEM emitidos 2017-marzo 2024,2019,https://www.gub.uy/ministerio-salud-publica/sites/ministerio-salud-publica/files/2024-03/ELEPEM%20CERTIFICADOS%207-3-2024.pdf,ELEPEM CERTIFICADOS 7-3-2024.pdf,159/2019,Montevideo,,Residencial Juan XXIII,Pablo de María 1184,Pablo de María,1184,,,,159/2019,2019,Iliana Camejo,,
MSPR-160-2019,ELP-0748,msp_certificado_registro_historico,Certificados de registro ELEPEM emitidos 2017-marzo 2024,2019,https://www.gub.uy/ministerio-salud-publica/sites/ministerio-salud-publica/files/2024-03/ELEPEM%20CERTIFICADOS%207-3-2024.pdf,ELEPEM CERTIFICADOS 7-3-2024.pdf,160/2019,Salto,,Residencial Los Abuelitos,Uruguay 1035,Uruguay,1035,,,,160/2019,2019,Rosario Moller,,
MSPR-161-2019,ELP-0348,msp_certificado_registro_historico,Certificados de registro ELEPEM emitidos 2017-marzo 2024,2019,https://www.gub.uy/ministerio-salud-publica/sites/ministerio-salud-publica/files/2024-03/ELEPEM%20CERTIFICADOS%207-3-2024.pdf,ELEPEM CERTIFICADOS 7-3-2024.pdf,161/2019,Montevideo,,Residencial Centro del Adulto Mayor,Bulevar España 2583,Bulevar España,2583,,,,161/2019,2019,Margarita Beduchaud,,
MSPR-162-2019,ELP-0349,msp_certificado_registro_historico,Certificados de registro ELEPEM emitidos 2017-marzo 2024,2019,https://www.gub.uy/ministerio-salud-publica/sites/ministerio-salud-publica/files/2024-03/ELEPEM%20CERTIFICADOS%207-3-2024.pdf,ELEPEM CERTIFICADOS 7-3-2024.pdf,162/2019,Montevideo,,Residencial Centro del Adulto Mayor,J. M. Espinosa 1369,J. M. Espinosa,1369,,,,162/2019,2019,Margarita Beduchaud,,
MSPR-163-2019,ELP-0257,msp_certificado_registro_historico,Certificados de registro ELEPEM emitidos 2017-marzo 2024,2019,https://www.gub.uy/ministerio-salud-publica/sites/ministerio-salud-publica/files/2024-03/ELEPEM%20CERTIFICADOS%207-3-2024.pdf,ELEPEM CERTIFICADOS 7-3-2024.pdf,163/2019,Maldonado,,Residencial Nuestros Años Felices,Fort Wayne S/N,Fort Wayne,S/N,,,,163/2019,2019,Leonel Matos,,
MSPR-164-2019,ELP-0806,msp_certificado_registro_historico,Certificados de registro ELEPEM emitidos 2017-marzo 2024,2019,https://www.gub.uy/ministerio-salud-publica/sites/ministerio-salud-publica/files/2024-03/ELEPEM%20CERTIFICADOS%207-3-2024.pdf,ELEPEM CERTIFICADOS 7-3-2024.pdf,164/2019,Tacuarembó,,Residencial Las Violetas,Gra. José Gervasio Artigas 172,Gra. José Gervasio Artigas,172,,,,164/2019,2019,Pedro Besonart,,
MSPR-165-2019,ELP-0622,msp_certificado_registro_historico,Certificados de registro ELEPEM emitidos 2017-marzo 2024,2019,https://www.gub.uy/ministerio-salud-publica/sites/ministerio-salud-publica/files/2024-03/ELEPEM%20CERTIFICADOS%207-3-2024.pdf,ELEPEM CERTIFICADOS 7-3-2024.pdf,165/2019,Montevideo,,Residencial MGACOSTA SRL,Libertad 2548,Libertad,2548,,,,165/2019,2019,Elena Deurado,,
MSPR-166-2019,ELP-0297,msp_certificado_registro_historico,Certificados de registro ELEPEM emitidos 2017-marzo 2024,2019,https://www.gub.uy/ministerio-salud-publica/sites/ministerio-salud-publica/files/2024-03/ELEPEM%20CERTIFICADOS%207-3-2024.pdf,ELEPEM CERTIFICADOS 7-3-2024.pdf,166/2019,Montevideo,,Residencial Amanda,Guillermo Tell 3888,Guillermo Tell,3888,,,,166/2019,2019,Paola Piccini,,
MSPR-167-2019,ELP-0151,msp_certificado_registro_historico,Certificados de registro ELEPEM emitidos 2017-marzo 2024,2019,https://www.gub.uy/ministerio-salud-publica/sites/ministerio-salud-publica/files/2024-03/ELEPEM%20CERTIFICADOS%207-3-2024.pdf,ELEPEM CERTIFICADOS 7-3-2024.pdf,167/2019,Durazno,,Hogar de Ancianos Sarandi del Yi,Av. Petrini 535,Av. Petrini,535,,,,167/2019,2019,Silvina Gonzalez,,
MSPR-168-2019,ELP-0243,msp_certificado_registro_historico,Certificados de registro ELEPEM emitidos 2017-marzo 2024,2019,https://www.gub.uy/ministerio-salud-publica/sites/ministerio-salud-publica/files/2024-03/ELEPEM%20CERTIFICADOS%207-3-2024.pdf,ELEPEM CERTIFICADOS 7-3-2024.pdf,168/2019,Maldonado,,Residencial Amigos del Padre Pio,Montevideo esq. Rio de Janeiro manzana 511,Montevideo esq. Rio de Janeiro manzana,511,,,,168/2019,2019,Gaston Moulia,,
MSPR-169-2019,ELP-0506,msp_certificado_registro_historico,Certificados de registro ELEPEM emitidos 2017-marzo 2024,2019,https://www.gub.uy/ministerio-salud-publica/sites/ministerio-salud-publica/files/2024-03/ELEPEM%20CERTIFICADOS%207-3-2024.pdf,ELEPEM CERTIFICADOS 7-3-2024.pdf,169/2019,Montevideo,,Residencial London House Residencia Rambla,Tomas Berreta 6885,Tomas Berreta,6885,,,,169/2019,2019,Sebastian Palmer,,
MSPR-170-2019,ELP-0153,msp_certificado_registro_historico,Certificados de registro ELEPEM emitidos 2017-marzo 2024,2019,https://www.gub.uy/ministerio-salud-publica/sites/ministerio-salud-publica/files/2024-03/ELEPEM%20CERTIFICADOS%207-3-2024.pdf,ELEPEM CERTIFICADOS 7-3-2024.pdf,170/2019,Durazno,,Residencial Años Dorados,25 de agosto 935,,25 de agosto 935,,,,170/2019,2019,Pedro Besonart,,
MSPR-171-2019,ELP-0666,msp_certificado_registro_historico,Certificados de registro ELEPEM emitidos 2017-marzo 2024,2019,https://www.gub.uy/ministerio-salud-publica/sites/ministerio-salud-publica/files/2024-03/ELEPEM%20CERTIFICADOS%207-3-2024.pdf,ELEPEM CERTIFICADOS 7-3-2024.pdf,171/2019,Montevideo,,Residencial Zar Shalom,Machies 4435,Machies,4435,,,,171/2019,2019,Martin Dovalle,,
MSPR-172-2019,ELP-0637,msp_certificado_registro_historico,Certificados de registro ELEPEM emitidos 2017-marzo 2024,2019,https://www.gub.uy/ministerio-salud-publica/sites/ministerio-salud-publica/files/2024-03/ELEPEM%20CERTIFICADOS%207-3-2024.pdf,ELEPEM CERTIFICADOS 7-3-2024.pdf,172/2019,Montevideo,,Residencial Ricaldoni,Atilio Narancio 3101 y Américo Ricaldoni 1802,Atilio Narancio,3101,,,,172/2019,2019,Anita Abdo,,
MSPR-173-2019,ELP-0765,msp_certificado_registro_historico,Certificados de registro ELEPEM emitidos 2017-marzo 2024,2019,https://www.gub.uy/ministerio-salud-publica/sites/ministerio-salud-publica/files/2024-03/ELEPEM%20CERTIFICADOS%207-3-2024.pdf,ELEPEM CERTIFICADOS 7-3-2024.pdf,173/2019,San José,,Hogar Emanuel,25 de agosto 544,,25 de agosto 544,,,,173/2019,2019,Natalia Gagneux,,
MSPR-174-2019,ELP-0512,msp_certificado_registro_historico,Certificados de registro ELEPEM emitidos 2017-marzo 2024,2019,https://www.gub.uy/ministerio-salud-publica/sites/ministerio-salud-publica/files/2024-03/ELEPEM%20CERTIFICADOS%207-3-2024.pdf,ELEPEM CERTIFICADOS 7-3-2024.pdf,174/2019,Montevideo,,Residencial Los Rosales,Carreras Nacionales 3414,Carreras Nacionales,3414,,,,174/2019,2019,Fernando Labanca,,
MSPR-177-2019,ELP-0086,msp_certificado_registro_historico,Certificados de registro ELEPEM emitidos 2017-marzo 2024,2019,https://www.gub.uy/ministerio-salud-publica/sites/ministerio-salud-publica/files/2024-03/ELEPEM%20CERTIFICADOS%207-3-2024.pdf,ELEPEM CERTIFICADOS 7-3-2024.pdf,177/2019,Canelones,,Residencial Romanela,Sarandí s/n,Sarandí,S/N,,,,177/2019,2019,Llilian Garcia,,
MSPR-178-2019,ELP-0241,msp_certificado_registro_historico,Certificados de registro ELEPEM emitidos 2017-marzo 2024,2019,https://www.gub.uy/ministerio-salud-publica/sites/ministerio-salud-publica/files/2024-03/ELEPEM%20CERTIFICADOS%207-3-2024.pdf,ELEPEM CERTIFICADOS 7-3-2024.pdf,178/2019,Maldonado,,Residencial Adamar,Zufriategui s/n esquina Cerrito,Zufriategui,S/N,,,,178/2019,2019,Virginia Gomez,,
MSPR-179-2019,ELP-0732,msp_certificado_registro_historico,Certificados de registro ELEPEM emitidos 2017-marzo 2024,2019,https://www.gub.uy/ministerio-salud-publica/sites/ministerio-salud-publica/files/2024-03/ELEPEM%20CERTIFICADOS%207-3-2024.pdf,ELEPEM CERTIFICADOS 7-3-2024.pdf,179/2019,Rocha,,Residencial Serena,25 de agosto 217,,25 de agosto 217,,,,179/2019,2019,Silvia Cardozo,,
MSPR-180-2019,ELP-0730,msp_certificado_registro_historico,Certificados de registro ELEPEM emitidos 2017-marzo 2024,2019,https://www.gub.uy/ministerio-salud-publica/sites/ministerio-salud-publica/files/2024-03/ELEPEM%20CERTIFICADOS%207-3-2024.pdf,ELEPEM CERTIFICADOS 7-3-2024.pdf,180/2019,Rocha,,Residencial Mas Infoservicios,19 de abril 28,,19 de abril 28,,,,180/2019,2019,Pablo Perez,,
MSPR-181-2019,ELP-0549,msp_certificado_registro_historico,Certificados de registro ELEPEM emitidos 2017-marzo 2024,2019,https://www.gub.uy/ministerio-salud-publica/sites/ministerio-salud-publica/files/2024-03/ELEPEM%20CERTIFICADOS%207-3-2024.pdf,ELEPEM CERTIFICADOS 7-3-2024.pdf,181/2019,Montevideo,,Residencial Daniel Ernesto Castro,Jackson 1025,Jackson,1025,,,,181/2019,2019,Iliana Camejo,,
MSPR-182-2019,ELP-0346,msp_certificado_registro_historico,Certificados de registro ELEPEM emitidos 2017-marzo 2024,2019,https://www.gub.uy/ministerio-salud-publica/sites/ministerio-salud-publica/files/2024-03/ELEPEM%20CERTIFICADOS%207-3-2024.pdf,ELEPEM CERTIFICADOS 7-3-2024.pdf,182/2019,Montevideo,,Residencial Centro del Adulto Mayor,Av. Agraciada 3373,Av. Agraciada,3373,,,,182/2019,2019,Margarita Beduchaud,,
MSPR-183-2019,ELP-0347,msp_certificado_registro_historico,Certificados de registro ELEPEM emitidos 2017-marzo 2024,2019,https://www.gub.uy/ministerio-salud-publica/sites/ministerio-salud-publica/files/2024-03/ELEPEM%20CERTIFICADOS%207-3-2024.pdf,ELEPEM CERTIFICADOS 7-3-2024.pdf,183/2019,Montevideo,,Residencial Centro del Adulto Mayor,Bv. España 2526,Bv. España,2526,,,,183/2019,2019,Margarita Beduchaud,,
MSPR-184-2018,ELP-0157,msp_certificado_registro_historico,Certificados de registro ELEPEM emitidos 2017-marzo 2024,2018,https://www.gub.uy/ministerio-salud-publica/sites/ministerio-salud-publica/files/2024-03/ELEPEM%20CERTIFICADOS%207-3-2024.pdf,ELEPEM CERTIFICADOS 7-3-2024.pdf,184/2018,Durazno,,Residencial Hogar Luz del Sol,Martínez Matonte 424,Martínez Matonte,424,,,,184/2018,2018,Silvina Gonzalez,,
MSPR-185-2019,ELP-0161,msp_certificado_registro_historico,Certificados de registro ELEPEM emitidos 2017-marzo 2024,2019,https://www.gub.uy/ministerio-salud-publica/sites/ministerio-salud-publica/files/2024-03/ELEPEM%20CERTIFICADOS%207-3-2024.pdf,ELEPEM CERTIFICADOS 7-3-2024.pdf,185/2019,Durazno,,Residencial Sagrado Corazón,Juana Artigas S/N Barrio Hipodrómo,Juana Artigas,S/N,,,,185/2019,2019,Pedro Besonart,,
MSPR-186-2019,ELP-0655,msp_certificado_registro_historico,Certificados de registro ELEPEM emitidos 2017-marzo 2024,2019,https://www.gub.uy/ministerio-salud-publica/sites/ministerio-salud-publica/files/2024-03/ELEPEM%20CERTIFICADOS%207-3-2024.pdf,ELEPEM CERTIFICADOS 7-3-2024.pdf,186/2019,Montevideo,,Residencial Terra Nostra,Pedro Cosio 2451,Pedro Cosio,2451,,,,186/2019,2019,Daimaris Izquierdo,,
MSPR-187-2019,ELP-0563,msp_certificado_registro_historico,Certificados de registro ELEPEM emitidos 2017-marzo 2024,2019,https://www.gub.uy/ministerio-salud-publica/sites/ministerio-salud-publica/files/2024-03/ELEPEM%20CERTIFICADOS%207-3-2024.pdf,ELEPEM CERTIFICADOS 7-3-2024.pdf,187/2019,Montevideo,,Residencial Red Bienestar,Rivera 4589,Rivera,4589,,,,187/2019,2019,Gianella Mazera,,
MSPR-188-2019,ELP-0451,msp_certificado_registro_historico,Certificados de registro ELEPEM emitidos 2017-marzo 2024,2019,https://www.gub.uy/ministerio-salud-publica/sites/ministerio-salud-publica/files/2024-03/ELEPEM%20CERTIFICADOS%207-3-2024.pdf,ELEPEM CERTIFICADOS 7-3-2024.pdf,188/2019,Montevideo,,Residencial Irigoitia,Juan Carlos Blanco 3485,Juan Carlos Blanco,3485,,,,188/2019,2019,Mariela Fernandez,,
MSPR-189-2019,ELP-0400,msp_certificado_registro_historico,Certificados de registro ELEPEM emitidos 2017-marzo 2024,2019,https://www.gub.uy/ministerio-salud-publica/sites/ministerio-salud-publica/files/2024-03/ELEPEM%20CERTIFICADOS%207-3-2024.pdf,ELEPEM CERTIFICADOS 7-3-2024.pdf,189/2019,Montevideo,,Residencial Estilo de Vida,Cavia 2996,Cavia,2996,,,,189/2019,2019,Noreen Briceño,,
MSPR-190-2019,ELP-0386,msp_certificado_registro_historico,Certificados de registro ELEPEM emitidos 2017-marzo 2024,2019,https://www.gub.uy/ministerio-salud-publica/sites/ministerio-salud-publica/files/2024-03/ELEPEM%20CERTIFICADOS%207-3-2024.pdf,ELEPEM CERTIFICADOS 7-3-2024.pdf,190/2019,Montevideo,,Residencial El Jardin de los Abuelos,Cardal 3074,Cardal,3074,,,,190/2019,2019,Carlos Puig,,
MSPR-191-2019,ELP-0737,msp_certificado_registro_historico,Certificados de registro ELEPEM emitidos 2017-marzo 2024,2019,https://www.gub.uy/ministerio-salud-publica/sites/ministerio-salud-publica/files/2024-03/ELEPEM%20CERTIFICADOS%207-3-2024.pdf,ELEPEM CERTIFICADOS 7-3-2024.pdf,191/2019,Salto,,Residencial Centro Anahata,8 de octubre 1239,,8 de octubre 1239,,,,191/2019,2019,Paola Alvez,,
MSPR-192-2019,ELP-0731,msp_certificado_registro_historico,Certificados de registro ELEPEM emitidos 2017-marzo 2024,2019,https://www.gub.uy/ministerio-salud-publica/sites/ministerio-salud-publica/files/2024-03/ELEPEM%20CERTIFICADOS%207-3-2024.pdf,ELEPEM CERTIFICADOS 7-3-2024.pdf,192/2019,Rocha,,Residencial San Sueña,Lavalleja 144,Lavalleja,144,,,,192/2019,2019,German Magalaes,,
MSPR-193-2019,ELP-0552,msp_certificado_registro_historico,Certificados de registro ELEPEM emitidos 2017-marzo 2024,2019,https://www.gub.uy/ministerio-salud-publica/sites/ministerio-salud-publica/files/2024-03/ELEPEM%20CERTIFICADOS%207-3-2024.pdf,ELEPEM CERTIFICADOS 7-3-2024.pdf,193/2019,Montevideo,,Residencial Old Trafford,Jaime Cibils 2824 bis,Jaime Cibils,2824 bis,,,,193/2019,2019,Alvaro Miller,,
MSPR-194-2019,ELP-0809,msp_certificado_registro_historico,Certificados de registro ELEPEM emitidos 2017-marzo 2024,2019,https://www.gub.uy/ministerio-salud-publica/sites/ministerio-salud-publica/files/2024-03/ELEPEM%20CERTIFICADOS%207-3-2024.pdf,ELEPEM CERTIFICADOS 7-3-2024.pdf,194/2019,Treinta y Tres,,Residencial Doña Aurelia,Manuel Freire 1864,Manuel Freire,1864,,,,194/2019,2019,Gabriel Ferreira,,
MSPR-195-2019,ELP-0777,msp_certificado_registro_historico,Certificados de registro ELEPEM emitidos 2017-marzo 2024,2019,https://www.gub.uy/ministerio-salud-publica/sites/ministerio-salud-publica/files/2024-03/ELEPEM%20CERTIFICADOS%207-3-2024.pdf,ELEPEM CERTIFICADOS 7-3-2024.pdf,195/2019,San José,,Residencial Mariel,Banchero 1201,Banchero,1201,,,,195/2019,2019,Anabela Hernandez,,
MSPR-196-2019,ELP-0166,msp_certificado_registro_historico,Certificados de registro ELEPEM emitidos 2017-marzo 2024,2019,https://www.gub.uy/ministerio-salud-publica/sites/ministerio-salud-publica/files/2024-03/ELEPEM%20CERTIFICADOS%207-3-2024.pdf,ELEPEM CERTIFICADOS 7-3-2024.pdf,196/2019,Durazno,,Residencial Tu Segundo Hogar,18 de Julio 318,,18 de Julio 318,,,,196/2019,2019,Pedro Besonart,,
MSPR-197-2019,ELP-0494,msp_certificado_registro_historico,Certificados de registro ELEPEM emitidos 2017-marzo 2024,2019,https://www.gub.uy/ministerio-salud-publica/sites/ministerio-salud-publica/files/2024-03/ELEPEM%20CERTIFICADOS%207-3-2024.pdf,ELEPEM CERTIFICADOS 7-3-2024.pdf,197/2019,Montevideo,,Residencial Las Reinas,Juan Carlos Blanco 3323,Juan Carlos Blanco,3323,,,,197/2019,2019,Aldo Sgarabat,,
MSPR-198-2019,ELP-0727,msp_certificado_registro_historico,Certificados de registro ELEPEM emitidos 2017-marzo 2024,2019,https://www.gub.uy/ministerio-salud-publica/sites/ministerio-salud-publica/files/2024-03/ELEPEM%20CERTIFICADOS%207-3-2024.pdf,ELEPEM CERTIFICADOS 7-3-2024.pdf,198/2019,Rivera,,Residencial Sociedad Filatrópoca de Santa Fé,Manuel Oribe 1428,Manuel Oribe,1428,,,,198/2019,2019,Ariana Toledo,,
MSPR-199-2019,ELP-0760,msp_certificado_registro_historico,Certificados de registro ELEPEM emitidos 2017-marzo 2024,2019,https://www.gub.uy/ministerio-salud-publica/sites/ministerio-salud-publica/files/2024-03/ELEPEM%20CERTIFICADOS%207-3-2024.pdf,ELEPEM CERTIFICADOS 7-3-2024.pdf,199/2019,San José,,Hogar de Ancianos El Quincho,San José 800,San José,800,,,,199/2019,2019,German Meyer,,
MSPR-200-2019,ELP-0545,msp_certificado_registro_historico,Certificados de registro ELEPEM emitidos 2017-marzo 2024,2019,https://www.gub.uy/ministerio-salud-publica/sites/ministerio-salud-publica/files/2024-03/ELEPEM%20CERTIFICADOS%207-3-2024.pdf,ELEPEM CERTIFICADOS 7-3-2024.pdf,200/2019,Montevideo,,Residencial Nuestro Hogar,Br. Gral. Artigas 1148,Br. Gral. Artigas,1148,,,,200/2019,2019,Sergio Coutiño,,
MSPR-201-2019,ELP-0481,msp_certificado_registro_historico,Certificados de registro ELEPEM emitidos 2017-marzo 2024,2019,https://www.gub.uy/ministerio-salud-publica/sites/ministerio-salud-publica/files/2024-03/ELEPEM%20CERTIFICADOS%207-3-2024.pdf,ELEPEM CERTIFICADOS 7-3-2024.pdf,201/2019,Montevideo,,Residencial Las Calas,Coimbra 5854,Coimbra,5854,,,,201/2019,2019,Doris Baccino,,
MSPR-202-2019,ELP-0374,msp_certificado_registro_historico,Certificados de registro ELEPEM emitidos 2017-marzo 2024,2019,https://www.gub.uy/ministerio-salud-publica/sites/ministerio-salud-publica/files/2024-03/ELEPEM%20CERTIFICADOS%207-3-2024.pdf,ELEPEM CERTIFICADOS 7-3-2024.pdf,202/2019,Montevideo,,Residencial Doña María,Humachiri 4126,Humachiri,4126,,,,202/2019,2019,Diego Rodriguez,,
MSPR-203-2019,ELP-0245,msp_certificado_registro_historico,Certificados de registro ELEPEM emitidos 2017-marzo 2024,2019,https://www.gub.uy/ministerio-salud-publica/sites/ministerio-salud-publica/files/2024-03/ELEPEM%20CERTIFICADOS%207-3-2024.pdf,ELEPEM CERTIFICADOS 7-3-2024.pdf,203/2019,Maldonado,,Residencial Casa de Mar,Av. República Argentina y Fort Wayne,Av. República Argentina y Fort Wayne,,,,,203/2019,2019,Alfonso Lopez,,
MSPR-204-2019,ELP-0746,msp_certificado_registro_historico,Certificados de registro ELEPEM emitidos 2017-marzo 2024,2019,https://www.gub.uy/ministerio-salud-publica/sites/ministerio-salud-publica/files/2024-03/ELEPEM%20CERTIFICADOS%207-3-2024.pdf,ELEPEM CERTIFICADOS 7-3-2024.pdf,204/2019,Salto,,Residencial Guadalupe,Brasil 524,Brasil,524,,,,204/2019,2019,Lourdes Cavani,,
MSPR-205-2019,ELP-0260,msp_certificado_registro_historico,Certificados de registro ELEPEM emitidos 2017-marzo 2024,2019,https://www.gub.uy/ministerio-salud-publica/sites/ministerio-salud-publica/files/2024-03/ELEPEM%20CERTIFICADOS%207-3-2024.pdf,ELEPEM CERTIFICADOS 7-3-2024.pdf,205/2019,Maldonado,,Residencial Porvenir,25 de Mayo 875,,25 de Mayo 875,,,,205/2019,2019,Americo Rodriguez,,
MSPR-001-2020,ELP-0039,msp_certificado_registro_historico,Certificados de registro ELEPEM emitidos 2017-marzo 2024,2020,https://www.gub.uy/ministerio-salud-publica/sites/ministerio-salud-publica/files/2024-03/ELEPEM%20CERTIFICADOS%207-3-2024.pdf,ELEPEM CERTIFICADOS 7-3-2024.pdf,001/2020,Canelones,Migues,Residencial La Familia,Calle 9 y Calle 1 sin número,Calle,9,,,,001/2020,2020,Lucia Scanegatti,,
MSPR-002-2020,ELP-0445,msp_certificado_registro_historico,Certificados de registro ELEPEM emitidos 2017-marzo 2024,2020,https://www.gub.uy/ministerio-salud-publica/sites/ministerio-salud-publica/files/2024-03/ELEPEM%20CERTIFICADOS%207-3-2024.pdf,ELEPEM CERTIFICADOS 7-3-2024.pdf,002/2020,Montevideo,Montevideo,Residencial Nazareth,Campisteguy 2985,Campisteguy,2985,,,,002/2020,2020,Fernando Labanca,,
MSPR-004-2020,ELP-0587,msp_certificado_registro_historico,Certificados de registro ELEPEM emitidos 2017-marzo 2024,2020,https://www.gub.uy/ministerio-salud-publica/sites/ministerio-salud-publica/files/2024-03/ELEPEM%20CERTIFICADOS%207-3-2024.pdf,ELEPEM CERTIFICADOS 7-3-2024.pdf,004/2020,Montevideo,Montevideo,Residencial Diamante,Juan Carlos Blanco 3334,Juan Carlos Blanco,3334,,,,004/2020,2020,Alicia Menendez,,
MSPR-005-2020,ELP-0192,msp_certificado_registro_historico,Certificados de registro ELEPEM emitidos 2017-marzo 2024,2020,https://www.gub.uy/ministerio-salud-publica/sites/ministerio-salud-publica/files/2024-03/ELEPEM%20CERTIFICADOS%207-3-2024.pdf,ELEPEM CERTIFICADOS 7-3-2024.pdf,005/2020,Florida,Florida,Residencial La Milagrosa,Dr. González 875,Dr. González,875,,,,005/2020,2020,Pedro Besonart,,
MSPR-006-2020,ELP-0378,msp_certificado_registro_historico,Certificados de registro ELEPEM emitidos 2017-marzo 2024,2020,https://www.gub.uy/ministerio-salud-publica/sites/ministerio-salud-publica/files/2024-03/ELEPEM%20CERTIFICADOS%207-3-2024.pdf,ELEPEM CERTIFICADOS 7-3-2024.pdf,006/2020,Montevideo,Montevideo,Residencial Dos Soles,Augusto Turenne 3322,Augusto Turenne,3322,,,,006/2020,2020,Adriana Schoper,,
MSPR-007-2020,ELP-0251,msp_certificado_registro_historico,Certificados de registro ELEPEM emitidos 2017-marzo 2024,2020,https://www.gub.uy/ministerio-salud-publica/sites/ministerio-salud-publica/files/2024-03/ELEPEM%20CERTIFICADOS%207-3-2024.pdf,ELEPEM CERTIFICADOS 7-3-2024.pdf,007/2020,Maldonado,Punta del Este,Residencial La Esmeralda,"Av. Francia esquina Av. Brasil y Río Branco padrón 6875 , manzana 553",Av. Francia esquina Av. Brasil y Río Branco padrón,"6875 , manzana 553",,,,007/2020,2020,Alfonso Lopez,,
MSPR-008-2020,ELP-0522,msp_certificado_registro_historico,Certificados de registro ELEPEM emitidos 2017-marzo 2024,2020,https://www.gub.uy/ministerio-salud-publica/sites/ministerio-salud-publica/files/2024-03/ELEPEM%20CERTIFICADOS%207-3-2024.pdf,ELEPEM CERTIFICADOS 7-3-2024.pdf,008/2020,Montevideo,Montevideo,Residencial Mariana,Gaboto 1323,Gaboto,1323,,,,008/2020,2020,Silvina Gonzales,,
MSPR-009-2020,ELP-0648,msp_certificado_registro_historico,Certificados de registro ELEPEM emitidos 2017-marzo 2024,2020,https://www.gub.uy/ministerio-salud-publica/sites/ministerio-salud-publica/files/2024-03/ELEPEM%20CERTIFICADOS%207-3-2024.pdf,ELEPEM CERTIFICADOS 7-3-2024.pdf,009/2020,Montevideo,Montevideo,Residencial Sol de Otoño 1,Joaquín Suárez 3455,Joaquín Suárez,3455,,,,009/2020,2020,Fernando Labanca,,
MSPR-010-2020,ELP-0724,msp_certificado_registro_historico,Certificados de registro ELEPEM emitidos 2017-marzo 2024,2020,https://www.gub.uy/ministerio-salud-publica/sites/ministerio-salud-publica/files/2024-03/ELEPEM%20CERTIFICADOS%207-3-2024.pdf,ELEPEM CERTIFICADOS 7-3-2024.pdf,010/2020,Paysandú,Paysandú,Residencial Eben Ezer II,República de Chile 1242,República de Chile,1242,,,,010/2020,2020,Fernando Irigarai,,
MSPR-011-2020,ELP-0660,msp_certificado_registro_historico,Certificados de registro ELEPEM emitidos 2017-marzo 2024,2020,https://www.gub.uy/ministerio-salud-publica/sites/ministerio-salud-publica/files/2024-03/ELEPEM%20CERTIFICADOS%207-3-2024.pdf,ELEPEM CERTIFICADOS 7-3-2024.pdf,011/2020,Montevideo,Montevideo,Residencial Vilcabamba Harwood,Harwood 6214,Harwood,6214,,,,011/2020,2020,Marcela Quintana,,
MSPR-012-2020,ELP-0759,msp_certificado_registro_historico,Certificados de registro ELEPEM emitidos 2017-marzo 2024,2020,https://www.gub.uy/ministerio-salud-publica/sites/ministerio-salud-publica/files/2024-03/ELEPEM%20CERTIFICADOS%207-3-2024.pdf,ELEPEM CERTIFICADOS 7-3-2024.pdf,012/2020,San José,Ciudad del Plata,Residencial El Buen Vivir,"River Plate s/n esquina Pedro Cea, Solar 7, Manzana 56","River Plate s/n esquina Pedro Cea, Solar","7, Manzana 56",,,,012/2020,2020,Sebastian Olareaga,,
MSPR-013-2020,ELP-0650,msp_certificado_registro_historico,Certificados de registro ELEPEM emitidos 2017-marzo 2024,2020,https://www.gub.uy/ministerio-salud-publica/sites/ministerio-salud-publica/files/2024-03/ELEPEM%20CERTIFICADOS%207-3-2024.pdf,ELEPEM CERTIFICADOS 7-3-2024.pdf,013/2020,Montevideo,Montevideo,Residencial Sol de Otoño III,Castro 433,Castro,433,,,,013/2020,2020,Fernando Labanca,,
MSPR-014-2020,ELP-0801,msp_certificado_registro_historico,Certificados de registro ELEPEM emitidos 2017-marzo 2024,2020,https://www.gub.uy/ministerio-salud-publica/sites/ministerio-salud-publica/files/2024-03/ELEPEM%20CERTIFICADOS%207-3-2024.pdf,ELEPEM CERTIFICADOS 7-3-2024.pdf,014/2020,Tacuarembó,Paso de los Toros,Residencial Doña Blanca,Wilson Ferreira 454,Wilson Ferreira,454,,,,014/2020,2020,Abdul Aziz,,
MSPR-015-2020,ELP-0436,msp_certificado_registro_historico,Certificados de registro ELEPEM emitidos 2017-marzo 2024,2020,https://www.gub.uy/ministerio-salud-publica/sites/ministerio-salud-publica/files/2024-03/ELEPEM%20CERTIFICADOS%207-3-2024.pdf,ELEPEM CERTIFICADOS 7-3-2024.pdf,015/2020,Montevideo,Montevideo,Residencial Hogar Italiano,Paysandú 1935,Paysandú,1935,,,,015/2020,2020,Alejandro Morelli,,
MSPR-016-2020,ELP-0585,msp_certificado_registro_historico,Certificados de registro ELEPEM emitidos 2017-marzo 2024,2020,https://www.gub.uy/ministerio-salud-publica/sites/ministerio-salud-publica/files/2024-03/ELEPEM%20CERTIFICADOS%207-3-2024.pdf,ELEPEM CERTIFICADOS 7-3-2024.pdf,016/2020,Montevideo,Montevideo,Residencial Centro Arrels,Bulevar España 2436,Bulevar España,2436,,,,016/2020,2020,Adriana de la Valle,,
MSPR-017-2020,ELP-0171,msp_certificado_registro_historico,Certificados de registro ELEPEM emitidos 2017-marzo 2024,2020,https://www.gub.uy/ministerio-salud-publica/sites/ministerio-salud-publica/files/2024-03/ELEPEM%20CERTIFICADOS%207-3-2024.pdf,ELEPEM CERTIFICADOS 7-3-2024.pdf,017/2020,Flores,Trinidad,Residencial Sol de Otoño,Herrera 840,Herrera,840,,,,017/2020,2020,Laura de Leon,,
MSPR-018-2020,ELP-0159,msp_certificado_registro_historico,Certificados de registro ELEPEM emitidos 2017-marzo 2024,2020,https://www.gub.uy/ministerio-salud-publica/sites/ministerio-salud-publica/files/2024-03/ELEPEM%20CERTIFICADOS%207-3-2024.pdf,ELEPEM CERTIFICADOS 7-3-2024.pdf,018/2020,Durazno,Sarandí del Yi,Residencial La Pensión,Sosa Bernabet 282,Sosa Bernabet,282,,,,018/2020,2020,Nancy Godano,,
MSPR-019-2020,ELP-0032,msp_certificado_registro_historico,Certificados de registro ELEPEM emitidos 2017-marzo 2024,2020,https://www.gub.uy/ministerio-salud-publica/sites/ministerio-salud-publica/files/2024-03/ELEPEM%20CERTIFICADOS%207-3-2024.pdf,ELEPEM CERTIFICADOS 7-3-2024.pdf,019/2020,Canelones,Pando,Residencial Hogar para personas mayores,Luis A. de Herrera s/n,Luis A. de Herrera,S/N,,,,019/2020,2020,Roxana Quintan,,
MSPR-020-2020,ELP-0170,msp_certificado_registro_historico,Certificados de registro ELEPEM emitidos 2017-marzo 2024,2020,https://www.gub.uy/ministerio-salud-publica/sites/ministerio-salud-publica/files/2024-03/ELEPEM%20CERTIFICADOS%207-3-2024.pdf,ELEPEM CERTIFICADOS 7-3-2024.pdf,020/2020,Flores,Trinidad,Residencial San José,A. Puig 679,A. Puig,679,,,,020/2020,2020,Ana Bidegain,,
MSPR-021-2020,ELP-0571,msp_certificado_registro_historico,Certificados de registro ELEPEM emitidos 2017-marzo 2024,2020,https://www.gub.uy/ministerio-salud-publica/sites/ministerio-salud-publica/files/2024-03/ELEPEM%20CERTIFICADOS%207-3-2024.pdf,ELEPEM CERTIFICADOS 7-3-2024.pdf,021/2020,Montevideo,Montevideo,Residencial Alamos,Ibiray 2398,Ibiray,2398,,,,021/2020,2020,Julieta Arnaiz,,
MSPR-022-2020,ELP-0480,msp_certificado_registro_historico,Certificados de registro ELEPEM emitidos 2017-marzo 2024,2020,https://www.gub.uy/ministerio-salud-publica/sites/ministerio-salud-publica/files/2024-03/ELEPEM%20CERTIFICADOS%207-3-2024.pdf,ELEPEM CERTIFICADOS 7-3-2024.pdf,022/2020,Montevideo,Montevideo,Residencial Las Brisas,Colonia 2179,Colonia,2179,,,,022/2020,2020,Jorge Peralta,,
MSPR-023-2020,ELP-0795,msp_certificado_registro_historico,Certificados de registro ELEPEM emitidos 2017-marzo 2024,2020,https://www.gub.uy/ministerio-salud-publica/sites/ministerio-salud-publica/files/2024-03/ELEPEM%20CERTIFICADOS%207-3-2024.pdf,ELEPEM CERTIFICADOS 7-3-2024.pdf,023/2020,Soriano,Mercedes,Residencial Sueños Dorados,Artigas 372,Artigas,372,,,,023/2020,2020,Iliana Medina,,
MSPR-024-2020,ELP-0592,msp_certificado_registro_historico,Certificados de registro ELEPEM emitidos 2017-marzo 2024,2020,https://www.gub.uy/ministerio-salud-publica/sites/ministerio-salud-publica/files/2024-03/ELEPEM%20CERTIFICADOS%207-3-2024.pdf,ELEPEM CERTIFICADOS 7-3-2024.pdf,024/2020,Montevideo,Montevideo,Residencial Doña Isabel,Francisco Schinca 2492,Francisco Schinca,2492,,,,024/2020,2020,Maria Amoroso,,
MSPR-025-2020,ELP-0649,msp_certificado_registro_historico,Certificados de registro ELEPEM emitidos 2017-marzo 2024,2020,https://www.gub.uy/ministerio-salud-publica/sites/ministerio-salud-publica/files/2024-03/ELEPEM%20CERTIFICADOS%207-3-2024.pdf,ELEPEM CERTIFICADOS 7-3-2024.pdf,025/2020,Montevideo,Montevideo,Residencial Sol de Otoño II,Carlos Vaz Ferreira 3644,Carlos Vaz Ferreira,3644,,,,025/2020,2020,Fernando Labanca,,
MSPR-026-2020,ELP-0168,msp_certificado_registro_historico,Certificados de registro ELEPEM emitidos 2017-marzo 2024,2020,https://www.gub.uy/ministerio-salud-publica/sites/ministerio-salud-publica/files/2024-03/ELEPEM%20CERTIFICADOS%207-3-2024.pdf,ELEPEM CERTIFICADOS 7-3-2024.pdf,026/2020,Flores,Trinidad,Residencial Casa Hogar,Carnelli 1041,Carnelli,1041,,,,026/2020,2020,Laura de Leon,,
MSPR-027-2020,ELP-0264,msp_certificado_registro_historico,Certificados de registro ELEPEM emitidos 2017-marzo 2024,2020,https://www.gub.uy/ministerio-salud-publica/sites/ministerio-salud-publica/files/2024-03/ELEPEM%20CERTIFICADOS%207-3-2024.pdf,ELEPEM CERTIFICADOS 7-3-2024.pdf,027/2020,Maldonado,San Carlos,Residencial Señoras,18 de Julio 665,,18 de Julio 665,,,,027/2020,2020,Gabriela Perez,,
MSPR-028-2020,ELP-0495,msp_certificado_registro_historico,Certificados de registro ELEPEM emitidos 2017-marzo 2024,2020,https://www.gub.uy/ministerio-salud-publica/sites/ministerio-salud-publica/files/2024-03/ELEPEM%20CERTIFICADOS%207-3-2024.pdf,ELEPEM CERTIFICADOS 7-3-2024.pdf,028/2020,Montevideo,Montevideo,Residencial Tres Marias,Mario Cassinoni 1120,Mario Cassinoni,1120,,,,028/2020,2020,Jorge Peralta,,
MSPR-029-2020,ELP-0079,msp_certificado_registro_historico,Certificados de registro ELEPEM emitidos 2017-marzo 2024,2020,https://www.gub.uy/ministerio-salud-publica/sites/ministerio-salud-publica/files/2024-03/ELEPEM%20CERTIFICADOS%207-3-2024.pdf,ELEPEM CERTIFICADOS 7-3-2024.pdf,029/2020,Canelones,Atlantida,Residencial Las Tres Marias,Atlantida,Atlantida,,,,,029/2020,2020,Muhammad Aftab Shahid,,
MSPR-030-2020,ELP-0309,msp_certificado_registro_historico,Certificados de registro ELEPEM emitidos 2017-marzo 2024,2020,https://www.gub.uy/ministerio-salud-publica/sites/ministerio-salud-publica/files/2024-03/ELEPEM%20CERTIFICADOS%207-3-2024.pdf,ELEPEM CERTIFICADOS 7-3-2024.pdf,030/2020,Montevideo,Montevideo,Asociacion Civil Instituto de las Hermansas del Perpetuo Socorro,Millan 2934,Millan,2934,,,,030/2020,2020,Alicia Menendez,,
MSPR-031-2020,ELP-0219,msp_certificado_registro_historico,Certificados de registro ELEPEM emitidos 2017-marzo 2024,2020,https://www.gub.uy/ministerio-salud-publica/sites/ministerio-salud-publica/files/2024-03/ELEPEM%20CERTIFICADOS%207-3-2024.pdf,ELEPEM CERTIFICADOS 7-3-2024.pdf,031/2020,Maldonado,Pan de Azucar,Hogar de Aanciuanos Pan de Azucar,Ruta 93 Km 96 ciudad de Pan de Azucar,Ruta 93,Km 96,,,,031/2020,2020,Añece Smeding,,
MSPR-032-2020,ELP-0298,msp_certificado_registro_historico,Certificados de registro ELEPEM emitidos 2017-marzo 2024,2020,https://www.gub.uy/ministerio-salud-publica/sites/ministerio-salud-publica/files/2024-03/ELEPEM%20CERTIFICADOS%207-3-2024.pdf,ELEPEM CERTIFICADOS 7-3-2024.pdf,032/2020,Montevideo,Montevideo,Residencial Amanda,Avenida Millan 3600,Avenida Millan,3600,,,,032/2020,2020,Damairis Izquierdo Reyes,,
MSPR-033-2020,ELP-0437,msp_certificado_registro_historico,Certificados de registro ELEPEM emitidos 2017-marzo 2024,2020,https://www.gub.uy/ministerio-salud-publica/sites/ministerio-salud-publica/files/2024-03/ELEPEM%20CERTIFICADOS%207-3-2024.pdf,ELEPEM CERTIFICADOS 7-3-2024.pdf,033/2020,Montevideo,Montevideo,La Capilla,Plutarco 4009,Plutarco,4009,,,,033/2020,2020,Guianella Massera,,
MSPR-034-2020,ELP-0798,msp_certificado_registro_historico,Certificados de registro ELEPEM emitidos 2017-marzo 2024,2020,https://www.gub.uy/ministerio-salud-publica/sites/ministerio-salud-publica/files/2024-03/ELEPEM%20CERTIFICADOS%207-3-2024.pdf,ELEPEM CERTIFICADOS 7-3-2024.pdf,034/2020,Tacuarembó,Tacuarembo,Fantasia Maricel,Manuel Alvarez 816,Manuel Alvarez,816,,,,034/2020,2020,Luis Fernandez,,
MSPR-035-2020,ELP-0808,msp_certificado_registro_historico,Certificados de registro ELEPEM emitidos 2017-marzo 2024,2020,https://www.gub.uy/ministerio-salud-publica/sites/ministerio-salud-publica/files/2024-03/ELEPEM%20CERTIFICADOS%207-3-2024.pdf,ELEPEM CERTIFICADOS 7-3-2024.pdf,035/2020,Tacuarembó,Tacuarembo,Residencial Maricel,18 de Julio 848,,18 de Julio 848,,,,035/2020,2020,Luis Fernandez,,
MSPR-036-2020,ELP-0337,msp_certificado_registro_historico,Certificados de registro ELEPEM emitidos 2017-marzo 2024,2020,https://www.gub.uy/ministerio-salud-publica/sites/ministerio-salud-publica/files/2024-03/ELEPEM%20CERTIFICADOS%207-3-2024.pdf,ELEPEM CERTIFICADOS 7-3-2024.pdf,036/2020,Montevideo,Montevideo,Residencial Casa Tranquila,Américo Ricaldoni 2876,Américo Ricaldoni,2876,,,,036/2020,2020,Dra. Edith Araujo,,
MSPR-037-2020,ELP-0735,msp_certificado_registro_historico,Certificados de registro ELEPEM emitidos 2017-marzo 2024,2020,https://www.gub.uy/ministerio-salud-publica/sites/ministerio-salud-publica/files/2024-03/ELEPEM%20CERTIFICADOS%207-3-2024.pdf,ELEPEM CERTIFICADOS 7-3-2024.pdf,037/2020,Río Negro,Nuevo Berlin,Residencial La Familia,Rodó esq. 25 de Agosto,Rodó esq.,25 de Agosto,,,,037/2020,2020,Dr. Nelson Moreira,,
MSPR-038-2020,ELP-0206,msp_certificado_registro_historico,Certificados de registro ELEPEM emitidos 2017-marzo 2024,2020,https://www.gub.uy/ministerio-salud-publica/sites/ministerio-salud-publica/files/2024-03/ELEPEM%20CERTIFICADOS%207-3-2024.pdf,ELEPEM CERTIFICADOS 7-3-2024.pdf,038/2020,Lavalleja,Minas,Residencial Hogar I,Melvin Jones s/n,Melvin Jones,S/N,,,,038/2020,2020,Dra. Ana Rodriguez,,
MSPR-039-2020,ELP-0207,msp_certificado_registro_historico,Certificados de registro ELEPEM emitidos 2017-marzo 2024,2020,https://www.gub.uy/ministerio-salud-publica/sites/ministerio-salud-publica/files/2024-03/ELEPEM%20CERTIFICADOS%207-3-2024.pdf,ELEPEM CERTIFICADOS 7-3-2024.pdf,039/2020,Lavalleja,Minas,Residencial Hogar II,Varela y Dighiero,Varela y Dighiero,,,,,039/2020,2020,Dra. Ana Rodriguez,,
MSPR-040-2020,ELP-0162,msp_certificado_registro_historico,Certificados de registro ELEPEM emitidos 2017-marzo 2024,2020,https://www.gub.uy/ministerio-salud-publica/sites/ministerio-salud-publica/files/2024-03/ELEPEM%20CERTIFICADOS%207-3-2024.pdf,ELEPEM CERTIFICADOS 7-3-2024.pdf,040/2020,Durazno,Durazno,Residencial San Cayetano,Batalla de las Piedras y Batalla Sarandí,Batalla de las Piedras y Batalla Sarandí,,,,,040/2020,2020,Dra. Cristina Peréz,,
MSPR-041-2020,ELP-0652,msp_certificado_registro_historico,Certificados de registro ELEPEM emitidos 2017-marzo 2024,2020,https://www.gub.uy/ministerio-salud-publica/sites/ministerio-salud-publica/files/2024-03/ELEPEM%20CERTIFICADOS%207-3-2024.pdf,ELEPEM CERTIFICADOS 7-3-2024.pdf,041/2020,Montevideo,Montevideo,Residencial Sweet,Juan Bautista Alberdi 6250,Juan Bautista Alberdi,6250,,,,041/2020,2020,Dr. Alejandro Morrelli,,
MSPR-042-2020,ELP-0803,msp_certificado_registro_historico,Certificados de registro ELEPEM emitidos 2017-marzo 2024,2020,https://www.gub.uy/ministerio-salud-publica/sites/ministerio-salud-publica/files/2024-03/ELEPEM%20CERTIFICADOS%207-3-2024.pdf,ELEPEM CERTIFICADOS 7-3-2024.pdf,042/2020,Tacuarembó,Tacuarembo,Residencial Hogar de Ancianos San Vicente de Paul,"María Reggi, 6° sec. Judicial",María Reggi,6° sec. Judicial,,,,042/2020,2020,Dra. María Porcile,,
MSPR-043-2020,ELP-0492,msp_certificado_registro_historico,Certificados de registro ELEPEM emitidos 2017-marzo 2024,2020,https://www.gub.uy/ministerio-salud-publica/sites/ministerio-salud-publica/files/2024-03/ELEPEM%20CERTIFICADOS%207-3-2024.pdf,ELEPEM CERTIFICADOS 7-3-2024.pdf,043/2020,Montevideo,Montevideo,Residencial Las Marías,Pilar Costa 36,Pilar Costa,36,,,,043/2020,2020,Dra. Claudia Gaye,,
MSPR-044-2020,ELP-0643,msp_certificado_registro_historico,Certificados de registro ELEPEM emitidos 2017-marzo 2024,2020,https://www.gub.uy/ministerio-salud-publica/sites/ministerio-salud-publica/files/2024-03/ELEPEM%20CERTIFICADOS%207-3-2024.pdf,ELEPEM CERTIFICADOS 7-3-2024.pdf,044/2020,Montevideo,Montevideo,Residencial San Isidro Labrador,Avda. de las Instrucciones 4883,Avda. de las Instrucciones,4883,,,,044/2020,2020,Dra. Janet Geozucaraian,,
MSPR-045-2020,ELP-0525,msp_certificado_registro_historico,Certificados de registro ELEPEM emitidos 2017-marzo 2024,2020,https://www.gub.uy/ministerio-salud-publica/sites/ministerio-salud-publica/files/2024-03/ELEPEM%20CERTIFICADOS%207-3-2024.pdf,ELEPEM CERTIFICADOS 7-3-2024.pdf,045/2020,Montevideo,Montevideo,Residencial Melina House,Cánovas del Castillo 4790,Cánovas del Castillo,4790,,,,045/2020,2020,Dr. Hugo de los Santos,,
MSPR-046-2020,ELP-0438,msp_certificado_registro_historico,Certificados de registro ELEPEM emitidos 2017-marzo 2024,2020,https://www.gub.uy/ministerio-salud-publica/sites/ministerio-salud-publica/files/2024-03/ELEPEM%20CERTIFICADOS%207-3-2024.pdf,ELEPEM CERTIFICADOS 7-3-2024.pdf,046/2020,Montevideo,Montevideo,Residencial Hogar Toscana,Centenario 3076,Centenario,3076,,,,046/2020,2020,Dra. Adriana Schopfer,,
MSPR-047-2020,ELP-0629,msp_certificado_registro_historico,Certificados de registro ELEPEM emitidos 2017-marzo 2024,2020,https://www.gub.uy/ministerio-salud-publica/sites/ministerio-salud-publica/files/2024-03/ELEPEM%20CERTIFICADOS%207-3-2024.pdf,ELEPEM CERTIFICADOS 7-3-2024.pdf,047/2020,Montevideo,Montevideo,RESIDENCIAL NUEVA LUNA,8 DE OCTUBRE 2838,,8 DE OCTUBRE 2838,,,,047/2020,2020,Dra Anita Abdó,,
MSPR-048-2020,ELP-0265,msp_certificado_registro_historico,Certificados de registro ELEPEM emitidos 2017-marzo 2024,2020,https://www.gub.uy/ministerio-salud-publica/sites/ministerio-salud-publica/files/2024-03/ELEPEM%20CERTIFICADOS%207-3-2024.pdf,ELEPEM CERTIFICADOS 7-3-2024.pdf,048/2020,Maldonado,San Carlos,RESIDENCIAL SEÑORAS Y SEÑORES,CALLE 33 838,CALLE,33 838,,,,048/2020,2020,Dr Alfonso López,,
MSPR-049-2020,ELP-0744,msp_certificado_registro_historico,Certificados de registro ELEPEM emitidos 2017-marzo 2024,2020,https://www.gub.uy/ministerio-salud-publica/sites/ministerio-salud-publica/files/2024-03/ELEPEM%20CERTIFICADOS%207-3-2024.pdf,ELEPEM CERTIFICADOS 7-3-2024.pdf,049/2020,Salto,Salto,RESIDENCIAL EL SALTEÑITO 1,SOCA 74,SOCA,74,,,,049/2020,2020,Dr Héctor Acosta.,,
MSPR-050-2020,ELP-0225,msp_certificado_registro_historico,Certificados de registro ELEPEM emitidos 2017-marzo 2024,2020,https://www.gub.uy/ministerio-salud-publica/sites/ministerio-salud-publica/files/2024-03/ELEPEM%20CERTIFICADOS%207-3-2024.pdf,ELEPEM CERTIFICADOS 7-3-2024.pdf,050/2020,Maldonado,Punta del Este,Residencial La Candelaria,Martiniano Chiosi y Fort Wayne,Martiniano Chiosi y Fort Wayne,,,,,050/2020,2020,Dra Sandra Elosegui,,
MSPR-051-2020,ELP-0755,msp_certificado_registro_historico,Certificados de registro ELEPEM emitidos 2017-marzo 2024,2020,https://www.gub.uy/ministerio-salud-publica/sites/ministerio-salud-publica/files/2024-03/ELEPEM%20CERTIFICADOS%207-3-2024.pdf,ELEPEM CERTIFICADOS 7-3-2024.pdf,051/2020,San José,San José,Residencia de Asistencia al anciano e impedido,Artigas 421,Artigas,421,,,,051/2020,2020,Dr. Javier Trujillo.,,
MSPR-053-2020,ELP-0289,msp_certificado_registro_historico,Certificados de registro ELEPEM emitidos 2017-marzo 2024,2020,https://www.gub.uy/ministerio-salud-publica/sites/ministerio-salud-publica/files/2024-03/ELEPEM%20CERTIFICADOS%207-3-2024.pdf,ELEPEM CERTIFICADOS 7-3-2024.pdf,053/2020,Montevideo,Montevideo,Residencial Allegra,Clemente Pradines 1775,Clemente Pradines,1775,,,,053/2020,2020,Dr Celestino Neves,,
MSPR-054-2020,ELP-0560,msp_certificado_registro_historico,Certificados de registro ELEPEM emitidos 2017-marzo 2024,2020,https://www.gub.uy/ministerio-salud-publica/sites/ministerio-salud-publica/files/2024-03/ELEPEM%20CERTIFICADOS%207-3-2024.pdf,ELEPEM CERTIFICADOS 7-3-2024.pdf,054/2020,Montevideo,Montevideo,Residencial Petit Home,Manuel Pintos Cardeiros 5647/5611,Manuel Pintos Cardeiros,5647/5611,,,,054/2020,2020,Dr Alejandro Morelli,,
MSPR-055-2020,ELP-0087,msp_certificado_registro_historico,Certificados de registro ELEPEM emitidos 2017-marzo 2024,2020,https://www.gub.uy/ministerio-salud-publica/sites/ministerio-salud-publica/files/2024-03/ELEPEM%20CERTIFICADOS%207-3-2024.pdf,ELEPEM CERTIFICADOS 7-3-2024.pdf,055/2020,Canelones,El Pinar,Residencial Senescentis II,Perez Butler manzana 257 solar 2,Perez Butler manzana,257 solar 2,,,,055/2020,2020,Dr Santiago Hernandez,,
MSPR-056-2020,ELP-0507,msp_certificado_registro_historico,Certificados de registro ELEPEM emitidos 2017-marzo 2024,2020,https://www.gub.uy/ministerio-salud-publica/sites/ministerio-salud-publica/files/2024-03/ELEPEM%20CERTIFICADOS%207-3-2024.pdf,ELEPEM CERTIFICADOS 7-3-2024.pdf,056/2020,Montevideo,Montevideo,Residencial Los Alpes,Fernandez Crespo 1776,Fernandez Crespo,1776,,,,056/2020,2020,Dr Gastón Ricci Dr Muhammad Aftab Alam,,
MSPR-057-2020,ELP-0080,msp_certificado_registro_historico,Certificados de registro ELEPEM emitidos 2017-marzo 2024,2020,https://www.gub.uy/ministerio-salud-publica/sites/ministerio-salud-publica/files/2024-03/ELEPEM%20CERTIFICADOS%207-3-2024.pdf,ELEPEM CERTIFICADOS 7-3-2024.pdf,057/2020,Canelones,Atlantida,Residencial Las Tres Marías,"Ruta 11 y comienzo del camino P del Plata, s/n",Ruta,11,,,,057/2020,2020,Sahid,,
MSPR-058-2020,ELP-0258,msp_certificado_registro_historico,Certificados de registro ELEPEM emitidos 2017-marzo 2024,2020,https://www.gub.uy/ministerio-salud-publica/sites/ministerio-salud-publica/files/2024-03/ELEPEM%20CERTIFICADOS%207-3-2024.pdf,ELEPEM CERTIFICADOS 7-3-2024.pdf,058/2020,Maldonado,Maldonado,Residencial Nuevo Amanecer,Piedras y Basilio Araújo 1076,Piedras y Basilio Araújo,1076,,,,058/2020,2020,Dr Alfonso López,,
MSPR-059-2020,ELP-0600,msp_certificado_registro_historico,Certificados de registro ELEPEM emitidos 2017-marzo 2024,2020,https://www.gub.uy/ministerio-salud-publica/sites/ministerio-salud-publica/files/2024-03/ELEPEM%20CERTIFICADOS%207-3-2024.pdf,ELEPEM CERTIFICADOS 7-3-2024.pdf,059/2020,Montevideo,Montevideo,Residencial Gala,Hugo Antuña 3474,Hugo Antuña,3474,,,,059/2020,2020,Dr. Álvaro Miller,,
MSPR-060-2020,ELP-0149,msp_certificado_registro_historico,Certificados de registro ELEPEM emitidos 2017-marzo 2024,2020,https://www.gub.uy/ministerio-salud-publica/sites/ministerio-salud-publica/files/2024-03/ELEPEM%20CERTIFICADOS%207-3-2024.pdf,ELEPEM CERTIFICADOS 7-3-2024.pdf,060/2020,Durazno,Durazno,Residencial Hogar de Ancianos de Durazno,Maciel 630,Maciel,630,,,,060/2020,2020,Dra Mayra Idiarte,,
MSPR-061-2020,ELP-0267,msp_certificado_registro_historico,Certificados de registro ELEPEM emitidos 2017-marzo 2024,2020,https://www.gub.uy/ministerio-salud-publica/sites/ministerio-salud-publica/files/2024-03/ELEPEM%20CERTIFICADOS%207-3-2024.pdf,ELEPEM CERTIFICADOS 7-3-2024.pdf,061/2020,Maldonado,Punta del Este,Residencial Villa Paz,Mercedes y Sucre manzana 420,Mercedes y Sucre manzana,420,,,,061/2020,2020,Dr Jorge González,,
MSPR-062-2020,ELP-0459,msp_certificado_registro_historico,Certificados de registro ELEPEM emitidos 2017-marzo 2024,2020,https://www.gub.uy/ministerio-salud-publica/sites/ministerio-salud-publica/files/2024-03/ELEPEM%20CERTIFICADOS%207-3-2024.pdf,ELEPEM CERTIFICADOS 7-3-2024.pdf,062/2020,Montevideo,Montevideo,Residencial La Amistad,Nueva Palmira 2084,Nueva Palmira,2084,,,,062/2020,2020,Dr Jorge Rodriguez Sr Héctor Omar Idiarte,,
MSPR-063-2020,ELP-0454,msp_certificado_registro_historico,Certificados de registro ELEPEM emitidos 2017-marzo 2024,2020,https://www.gub.uy/ministerio-salud-publica/sites/ministerio-salud-publica/files/2024-03/ELEPEM%20CERTIFICADOS%207-3-2024.pdf,ELEPEM CERTIFICADOS 7-3-2024.pdf,063/2020,Montevideo,Montevideo,Residencial Jardines de Setiembre,Lido 1685,Lido,1685,,,,063/2020,2020,Martinez,,
MSPR-064-2020,ELP-0755,msp_certificado_registro_historico,Certificados de registro ELEPEM emitidos 2017-marzo 2024,2020,https://www.gub.uy/ministerio-salud-publica/sites/ministerio-salud-publica/files/2024-03/ELEPEM%20CERTIFICADOS%207-3-2024.pdf,ELEPEM CERTIFICADOS 7-3-2024.pdf,064/2020,San José,San José,Residencia de Asistencia al anciano e impedido,Artigas 421,Artigas,421,,,,064/2020,2020,Dr Javier Trujillo,,
MSPR-065-2020,ELP-0069,msp_certificado_registro_historico,Certificados de registro ELEPEM emitidos 2017-marzo 2024,2020,https://www.gub.uy/ministerio-salud-publica/sites/ministerio-salud-publica/files/2024-03/ELEPEM%20CERTIFICADOS%207-3-2024.pdf,ELEPEM CERTIFICADOS 7-3-2024.pdf,065/2020,Canelones,San José de Carrasco,Resdencial del Lago,Av. de las Ámericas,Av. de las Ámericas,,,,,065/2020,2020,Dra. Mercedes Pérez,,
MSPR-066-2020,ELP-0593,msp_certificado_registro_historico,Certificados de registro ELEPEM emitidos 2017-marzo 2024,2020,https://www.gub.uy/ministerio-salud-publica/sites/ministerio-salud-publica/files/2024-03/ELEPEM%20CERTIFICADOS%207-3-2024.pdf,ELEPEM CERTIFICADOS 7-3-2024.pdf,066/2020,Montevideo,Montevideo,Residencial Dorita,Gral Flores 3374,Gral Flores,3374,,,,066/2020,2020,Dr Carlos Fernández,,
MSPR-067-2020,ELP-0584,msp_certificado_registro_historico,Certificados de registro ELEPEM emitidos 2017-marzo 2024,2020,https://www.gub.uy/ministerio-salud-publica/sites/ministerio-salud-publica/files/2024-03/ELEPEM%20CERTIFICADOS%207-3-2024.pdf,ELEPEM CERTIFICADOS 7-3-2024.pdf,067/2020,Montevideo,Montevideo,Residencial Centro Abrazarte,,,,,,,067/2020,2020,Dr José Charquero,,
MSPR-068-2020,ELP-0365,msp_certificado_registro_historico,Certificados de registro ELEPEM emitidos 2017-marzo 2024,2020,https://www.gub.uy/ministerio-salud-publica/sites/ministerio-salud-publica/files/2024-03/ELEPEM%20CERTIFICADOS%207-3-2024.pdf,ELEPEM CERTIFICADOS 7-3-2024.pdf,068/2020,Montevideo,Montevideo,Residencial Danubio Azul,Cmino Carrasco 4611/4607,Cmino Carrasco,4611/4607,,,,068/2020,2020,Dr Rodrigo Sosa,,
MSPR-069-2020,ELP-0429,msp_certificado_registro_historico,Certificados de registro ELEPEM emitidos 2017-marzo 2024,2020,https://www.gub.uy/ministerio-salud-publica/sites/ministerio-salud-publica/files/2024-03/ELEPEM%20CERTIFICADOS%207-3-2024.pdf,ELEPEM CERTIFICADOS 7-3-2024.pdf,069/2020,Montevideo,Montevideo,Residencial Cocoon,Francisco Torres 3870,Francisco Torres,3870,,,,069/2020,2020,Dra. Andrea Pereira,,
MSPR-070-2020,ELP-0428,msp_certificado_registro_historico,Certificados de registro ELEPEM emitidos 2017-marzo 2024,2020,https://www.gub.uy/ministerio-salud-publica/sites/ministerio-salud-publica/files/2024-03/ELEPEM%20CERTIFICADOS%207-3-2024.pdf,ELEPEM CERTIFICADOS 7-3-2024.pdf,070/2020,Montevideo,Montevideo,Residencial Hogar Casa Campo,Guardizabal 1634,Guardizabal,1634,,,,070/2020,2020,Dra Adriana Schopfer,,
MSPR-071-2020,ELP-0164,msp_certificado_registro_historico,Certificados de registro ELEPEM emitidos 2017-marzo 2024,2020,https://www.gub.uy/ministerio-salud-publica/sites/ministerio-salud-publica/files/2024-03/ELEPEM%20CERTIFICADOS%207-3-2024.pdf,ELEPEM CERTIFICADOS 7-3-2024.pdf,071/2020,Durazno,Durazno,Residencial Tea Garden,ZORRILLA 947,ZORRILLA,947,,,,071/2020,2020,Dra Verónica González,,
MSPR-072-2020,ELP-0327,msp_certificado_registro_historico,Certificados de registro ELEPEM emitidos 2017-marzo 2024,2020,https://www.gub.uy/ministerio-salud-publica/sites/ministerio-salud-publica/files/2024-03/ELEPEM%20CERTIFICADOS%207-3-2024.pdf,ELEPEM CERTIFICADOS 7-3-2024.pdf,072/2020,Montevideo,Montevideo,Residencial Casa Andreoni,Luis Andreoni 7228,Luis Andreoni,7228,,,,072/2020,2020,Dra Sarah Levi,,
MSPR-073-2020,ELP-0032,msp_certificado_registro_historico,Certificados de registro ELEPEM emitidos 2017-marzo 2024,2020,https://www.gub.uy/ministerio-salud-publica/sites/ministerio-salud-publica/files/2024-03/ELEPEM%20CERTIFICADOS%207-3-2024.pdf,ELEPEM CERTIFICADOS 7-3-2024.pdf,073/2020,Canelones,Pando,Residencial Hogar para personas mayores,Luis A. de Herrera s/n,Luis A. de Herrera,S/N,,,,073/2020,2020,Dra Rosana Quintán,,
MSPR-074-2020,ELP-0644,msp_certificado_registro_historico,Certificados de registro ELEPEM emitidos 2017-marzo 2024,2020,https://www.gub.uy/ministerio-salud-publica/sites/ministerio-salud-publica/files/2024-03/ELEPEM%20CERTIFICADOS%207-3-2024.pdf,ELEPEM CERTIFICADOS 7-3-2024.pdf,074/2020,Montevideo,Montevideo,Residencial “ Segunda Juventud ”,Av 8 de octubre 4635,Av,8 de octubre 4635,,,,074/2020,2020,Dra Rossana Dornell,,
MSPR-075-2020,ELP-0805,msp_certificado_registro_historico,Certificados de registro ELEPEM emitidos 2017-marzo 2024,2020,https://www.gub.uy/ministerio-salud-publica/sites/ministerio-salud-publica/files/2024-03/ELEPEM%20CERTIFICADOS%207-3-2024.pdf,ELEPEM CERTIFICADOS 7-3-2024.pdf,075/2020,Tacuarembó,Tacuarembo,Residencial “La Familia “,Rivera 217,Rivera,217,,,,075/2020,2020,Dra Carolina Sánchez..,,
MSPR-076-2020,ELP-0802,msp_certificado_registro_historico,Certificados de registro ELEPEM emitidos 2017-marzo 2024,2020,https://www.gub.uy/ministerio-salud-publica/sites/ministerio-salud-publica/files/2024-03/ELEPEM%20CERTIFICADOS%207-3-2024.pdf,ELEPEM CERTIFICADOS 7-3-2024.pdf,076/2020,Tacuarembó,Tacuarembo,Residencial “Dulce Hogar “,18 de julio 440,,18 de julio 440,,,,076/2020,2020,Dra Fátima Haiquel,,
MSPR-077-2020,ELP-0408,msp_certificado_registro_historico,Certificados de registro ELEPEM emitidos 2017-marzo 2024,2020,https://www.gub.uy/ministerio-salud-publica/sites/ministerio-salud-publica/files/2024-03/ELEPEM%20CERTIFICADOS%207-3-2024.pdf,ELEPEM CERTIFICADOS 7-3-2024.pdf,077/2020,Montevideo,Montevideo,Residencial “ London House “,Mariano Uriarte 6567,Mariano Uriarte,6567,,,,077/2020,2020,Dr. Sebastián Palmer,,
MSPR-078-2020,ELP-0645,msp_certificado_registro_historico,Certificados de registro ELEPEM emitidos 2017-marzo 2024,2020,https://www.gub.uy/ministerio-salud-publica/sites/ministerio-salud-publica/files/2024-03/ELEPEM%20CERTIFICADOS%207-3-2024.pdf,ELEPEM CERTIFICADOS 7-3-2024.pdf,078/2020,Montevideo,Montevideo,Residencial “Segunda Juventud “,José Batlle y Ordoñez 2946,José Batlle y Ordoñez,2946,,,,078/2020,2020,Dra Rosana Dornel,,
MSPR-079-2020,ELP-0800,msp_certificado_registro_historico,Certificados de registro ELEPEM emitidos 2017-marzo 2024,2020,https://www.gub.uy/ministerio-salud-publica/sites/ministerio-salud-publica/files/2024-03/ELEPEM%20CERTIFICADOS%207-3-2024.pdf,ELEPEM CERTIFICADOS 7-3-2024.pdf,079/2020,Tacuarembó,Tacuarembó,Residencial Casa del Sol,Ramón González 137,Ramón González,137,,,,079/2020,2020,Dra. Maria Helen Porcile,,
MSPR-080-2020,ELP-0441,msp_certificado_registro_historico,Certificados de registro ELEPEM emitidos 2017-marzo 2024,2020,https://www.gub.uy/ministerio-salud-publica/sites/ministerio-salud-publica/files/2024-03/ELEPEM%20CERTIFICADOS%207-3-2024.pdf,ELEPEM CERTIFICADOS 7-3-2024.pdf,080/2020,Montevideo,MONTEVIDEO,Residencial Montpellier,Luis A. de Herrera 1112,Luis A. de Herrera,1112,,,,080/2020,2020,Dra Adriana Schopfer,,
MSPR-081-2020,ELP-0285,msp_certificado_registro_historico,Certificados de registro ELEPEM emitidos 2017-marzo 2024,2020,https://www.gub.uy/ministerio-salud-publica/sites/ministerio-salud-publica/files/2024-03/ELEPEM%20CERTIFICADOS%207-3-2024.pdf,ELEPEM CERTIFICADOS 7-3-2024.pdf,081/2020,Montevideo,Montevideo,Residencial Albas de Otoño,Tristan Narvaja 1622,Tristan Narvaja,1622,,,,081/2020,2020,Dra Iliana Camejo Dra. Damairis Izquierdo,,
MSPR-082-2020,ELP-0548,msp_certificado_registro_historico,Certificados de registro ELEPEM emitidos 2017-marzo 2024,2020,https://www.gub.uy/ministerio-salud-publica/sites/ministerio-salud-publica/files/2024-03/ELEPEM%20CERTIFICADOS%207-3-2024.pdf,ELEPEM CERTIFICADOS 7-3-2024.pdf,082/2020,Montevideo,Montevideo,Residencial Nuevos Amaneceres,Carlos Gurméndez 2360,Carlos Gurméndez,2360,,,,082/2020,2020,Reyes,,
MSPR-083-2020,ELP-0155,msp_certificado_registro_historico,Certificados de registro ELEPEM emitidos 2017-marzo 2024,2020,https://www.gub.uy/ministerio-salud-publica/sites/ministerio-salud-publica/files/2024-03/ELEPEM%20CERTIFICADOS%207-3-2024.pdf,ELEPEM CERTIFICADOS 7-3-2024.pdf,083/2020,Durazno,Durazno,Residencial El Hogar del Adulto,Artigas 640,Artigas,640,,,,083/2020,2020,Dra Mónica Huertas,,
MSPR-084-2020,ELP-0262,msp_certificado_registro_historico,Certificados de registro ELEPEM emitidos 2017-marzo 2024,2020,https://www.gub.uy/ministerio-salud-publica/sites/ministerio-salud-publica/files/2024-03/ELEPEM%20CERTIFICADOS%207-3-2024.pdf,ELEPEM CERTIFICADOS 7-3-2024.pdf,084/2020,Maldonado,Maldonado,Residencial San Expedito,Tamaro 732,Tamaro,732,,,,084/2020,2020,Dra Mercedes Méndez,,
MSPR-085-2020,ELP-0160,msp_certificado_registro_historico,Certificados de registro ELEPEM emitidos 2017-marzo 2024,2020,https://www.gub.uy/ministerio-salud-publica/sites/ministerio-salud-publica/files/2024-03/ELEPEM%20CERTIFICADOS%207-3-2024.pdf,ELEPEM CERTIFICADOS 7-3-2024.pdf,085/2020,Durazno,Durazno,Residencial Reina de las Flores,Wilson Ferreira 696,Wilson Ferreira,696,,,,085/2020,2020,Dr Javier Bessonart,,
MSPR-086-2020,ELP-0807,msp_certificado_registro_historico,Certificados de registro ELEPEM emitidos 2017-marzo 2024,2020,https://www.gub.uy/ministerio-salud-publica/sites/ministerio-salud-publica/files/2024-03/ELEPEM%20CERTIFICADOS%207-3-2024.pdf,ELEPEM CERTIFICADOS 7-3-2024.pdf,086/2020,Tacuarembó,Tacuarembó,Residencial Los Abuelos,Aparicio Saravia 187,Aparicio Saravia,187,,,,086/2020,2020,Dra Carolina Sánchez,,
MSPR-087-2020,ELP-0393,msp_certificado_registro_historico,Certificados de registro ELEPEM emitidos 2017-marzo 2024,2020,https://www.gub.uy/ministerio-salud-publica/sites/ministerio-salud-publica/files/2024-03/ELEPEM%20CERTIFICADOS%207-3-2024.pdf,ELEPEM CERTIFICADOS 7-3-2024.pdf,087/2020,Montevideo,Montevideo,Residencial En Cñia,Arq. Horacio Acosta y Lara 7286 ex 7322,Arq. Horacio Acosta y Lara,7286 ex 7322,,,,087/2020,2020,Dr Alberto Federico Dibbern,,
MSPR-088-2020,ELP-0394,msp_certificado_registro_historico,Certificados de registro ELEPEM emitidos 2017-marzo 2024,2020,https://www.gub.uy/ministerio-salud-publica/sites/ministerio-salud-publica/files/2024-03/ELEPEM%20CERTIFICADOS%207-3-2024.pdf,ELEPEM CERTIFICADOS 7-3-2024.pdf,088/2020,Montevideo,Montevideo,Residencial En Cñia,Av Gral French 2391,Av Gral French,2391,,,,088/2020,2020,Dr Alberto Federico Dibbern,,
MSPR-089-2020,ELP-0373,msp_certificado_registro_historico,Certificados de registro ELEPEM emitidos 2017-marzo 2024,2020,https://www.gub.uy/ministerio-salud-publica/sites/ministerio-salud-publica/files/2024-03/ELEPEM%20CERTIFICADOS%207-3-2024.pdf,ELEPEM CERTIFICADOS 7-3-2024.pdf,089/2020,Montevideo,Montevideo,Residencial Villa Rossana,Fco Simon 2416,Fco Simon,2416,,,,089/2020,2020,Dr Fernando Labanca,,
MSPR-090-2020,ELP-0453,msp_certificado_registro_historico,Certificados de registro ELEPEM emitidos 2017-marzo 2024,2020,https://www.gub.uy/ministerio-salud-publica/sites/ministerio-salud-publica/files/2024-03/ELEPEM%20CERTIFICADOS%207-3-2024.pdf,ELEPEM CERTIFICADOS 7-3-2024.pdf,090/2020,Montevideo,Montevideo,Residencial Jackson,Jackson 936,Jackson,936,,,,090/2020,2020,Dra Alicia Menéndez,,
MSPR-091-2020,ELP-0421,msp_certificado_registro_historico,Certificados de registro ELEPEM emitidos 2017-marzo 2024,2020,https://www.gub.uy/ministerio-salud-publica/sites/ministerio-salud-publica/files/2024-03/ELEPEM%20CERTIFICADOS%207-3-2024.pdf,ELEPEM CERTIFICADOS 7-3-2024.pdf,091/2020,Montevideo,Montevideo,Residencial Hogar Geriàtrico Bennito Menni,Hermano Gil 927,Hermano Gil,927,,,,091/2020,2020,Dr Fernando Trianòn,,
MSPR-092-2020,ELP-0552,msp_certificado_registro_historico,Certificados de registro ELEPEM emitidos 2017-marzo 2024,2020,https://www.gub.uy/ministerio-salud-publica/sites/ministerio-salud-publica/files/2024-03/ELEPEM%20CERTIFICADOS%207-3-2024.pdf,ELEPEM CERTIFICADOS 7-3-2024.pdf,092/2020,Montevideo,Montevideo,Residencial OLD TRAFFORD,Jaime Cibils 2824,Jaime Cibils,2824,,,,092/2020,2020,Dr Alvaro Miller,,
MSPR-093-2020,ELP-0163,msp_certificado_registro_historico,Certificados de registro ELEPEM emitidos 2017-marzo 2024,2020,https://www.gub.uy/ministerio-salud-publica/sites/ministerio-salud-publica/files/2024-03/ELEPEM%20CERTIFICADOS%207-3-2024.pdf,ELEPEM CERTIFICADOS 7-3-2024.pdf,093/2020,Durazno,Durazno,Residencial Sueño Dorado,Herrera 1072,Herrera,1072,,,,093/2020,2020,Dr Javier Bessonart,,
MSPR-094-2020,ELP-0165,msp_certificado_registro_historico,Certificados de registro ELEPEM emitidos 2017-marzo 2024,2020,https://www.gub.uy/ministerio-salud-publica/sites/ministerio-salud-publica/files/2024-03/ELEPEM%20CERTIFICADOS%207-3-2024.pdf,ELEPEM CERTIFICADOS 7-3-2024.pdf,094/2020,Durazno,Durazno,Residencial Tea Garden 2,Penza 951,Penza,951,,,,094/2020,2020,Dra Verónica González,,
MSPR-095-2020,ELP-0155,msp_certificado_registro_historico,Certificados de registro ELEPEM emitidos 2017-marzo 2024,2020,https://www.gub.uy/ministerio-salud-publica/sites/ministerio-salud-publica/files/2024-03/ELEPEM%20CERTIFICADOS%207-3-2024.pdf,ELEPEM CERTIFICADOS 7-3-2024.pdf,095/2020,Durazno,Durazno,Residencial La familia del Adulto Mayor,Artigas 640,Artigas,640,,,,095/2020,2020,Dra Mónica Huertas,,
MSPR-096-2020,ELP-0582,msp_certificado_registro_historico,Certificados de registro ELEPEM emitidos 2017-marzo 2024,2020,https://www.gub.uy/ministerio-salud-publica/sites/ministerio-salud-publica/files/2024-03/ELEPEM%20CERTIFICADOS%207-3-2024.pdf,ELEPEM CERTIFICADOS 7-3-2024.pdf,096/2020,Montevideo,Montevideo,Residencial Casa Garzón Residencial,Av Eugenio Garzón 1640,Av Eugenio Garzón,1640,,,,096/2020,2020,Dra Dolores Cribas,,
MSPR-097-2020,ELP-0646,msp_certificado_registro_historico,Certificados de registro ELEPEM emitidos 2017-marzo 2024,2020,https://www.gub.uy/ministerio-salud-publica/sites/ministerio-salud-publica/files/2024-03/ELEPEM%20CERTIFICADOS%207-3-2024.pdf,ELEPEM CERTIFICADOS 7-3-2024.pdf,097/2020,Montevideo,Montevideo,Residencial Segunda Juventud,Marcelino Sosa 2409.,Marcelino Sosa,2409.,,,,097/2020,2020,Dra Rossana Dornell,,
MSPR-098-2020,ELP-0659,msp_certificado_registro_historico,Certificados de registro ELEPEM emitidos 2017-marzo 2024,2020,https://www.gub.uy/ministerio-salud-publica/sites/ministerio-salud-publica/files/2024-03/ELEPEM%20CERTIFICADOS%207-3-2024.pdf,ELEPEM CERTIFICADOS 7-3-2024.pdf,098/2020,Montevideo,Montevideo Montevideo,Residencial VIDA Residencial El Remanso,Venezuela 1431 Jaime Cibils 2848,Venezuela,1431 Jaime Cibils 2848,,,,098/2020,2020,Dra Elizabeth Giménez. Dra Adriana Schopfer,,
MSPR-100-2020,ELP-0255,msp_certificado_registro_historico,Certificados de registro ELEPEM emitidos 2017-marzo 2024,2020,https://www.gub.uy/ministerio-salud-publica/sites/ministerio-salud-publica/files/2024-03/ELEPEM%20CERTIFICADOS%207-3-2024.pdf,ELEPEM CERTIFICADOS 7-3-2024.pdf,100/2020,Maldonado,Piriápolis,Residencial Miramar,Pasaje B casi calle 3 Parque Miramar,Pasaje B casi calle,3 Parque Miramar,,,,100/2020,2020,Dr Horacio Villagrán.,,
MSPR-101-2020,ELP-0084,msp_certificado_registro_historico,Certificados de registro ELEPEM emitidos 2017-marzo 2024,2020,https://www.gub.uy/ministerio-salud-publica/sites/ministerio-salud-publica/files/2024-03/ELEPEM%20CERTIFICADOS%207-3-2024.pdf,ELEPEM CERTIFICADOS 7-3-2024.pdf,101/2020,Canelones,Canelones,Residencial Olimpo,Canelones 2324,Canelones,2324,,,,101/2020,2020,Dra. María Cristina Arotce.,,
MSPR-102-2020,ELP-0804,msp_certificado_registro_historico,Certificados de registro ELEPEM emitidos 2017-marzo 2024,2020,https://www.gub.uy/ministerio-salud-publica/sites/ministerio-salud-publica/files/2024-03/ELEPEM%20CERTIFICADOS%207-3-2024.pdf,ELEPEM CERTIFICADOS 7-3-2024.pdf,102/2020,Tacuarembó,Tacuarembó,Residencial Justina,José Benelli nº 96,José Benelli nº,96,,,,102/2020,2020,Dra Carolina Sánchez.,,
MSPR-103-2020,ELP-0391,msp_certificado_registro_historico,Certificados de registro ELEPEM emitidos 2017-marzo 2024,2020,https://www.gub.uy/ministerio-salud-publica/sites/ministerio-salud-publica/files/2024-03/ELEPEM%20CERTIFICADOS%207-3-2024.pdf,ELEPEM CERTIFICADOS 7-3-2024.pdf,103/2020,Montevideo,Montevideo,Residencial Empatía,Hipólito Irigoyen 1482,Hipólito Irigoyen,1482,,,,103/2020,2020,Dra Maria Fernández.,,
MSPR-104-2020,ELP-0615,msp_certificado_registro_historico,Certificados de registro ELEPEM emitidos 2017-marzo 2024,2020,https://www.gub.uy/ministerio-salud-publica/sites/ministerio-salud-publica/files/2024-03/ELEPEM%20CERTIFICADOS%207-3-2024.pdf,ELEPEM CERTIFICADOS 7-3-2024.pdf,104/2020,Montevideo,Montevideo,Residencial Los Hermanos,Agraciada 3738,Agraciada,3738,,,,104/2020,2020,Dra Gabriela Rethemías Dra Maria Margarita,,
MSPR-105-2020,ELP-0276,msp_certificado_registro_historico,Certificados de registro ELEPEM emitidos 2017-marzo 2024,2020,https://www.gub.uy/ministerio-salud-publica/sites/ministerio-salud-publica/files/2024-03/ELEPEM%20CERTIFICADOS%207-3-2024.pdf,ELEPEM CERTIFICADOS 7-3-2024.pdf,105/2020,Montevideo,Montevideo,Residencial Abuela Julia,Gerónimo Piccioli 2875,Gerónimo Piccioli,2875,,,,105/2020,2020,González Dras. Maria José López y Dra,,
MSPR-106-2020,ELP-0156,msp_certificado_registro_historico,Certificados de registro ELEPEM emitidos 2017-marzo 2024,2020,https://www.gub.uy/ministerio-salud-publica/sites/ministerio-salud-publica/files/2024-03/ELEPEM%20CERTIFICADOS%207-3-2024.pdf,ELEPEM CERTIFICADOS 7-3-2024.pdf,106/2020,Durazno,Durazno,Residencial Felicia Santa Bernardina SAS,Eduardo Calleri 728,Eduardo Calleri,728,,,,106/2020,2020,Alfonsina Rodriguez,,
MSPR-107-2020,ELP-0586,msp_certificado_registro_historico,Certificados de registro ELEPEM emitidos 2017-marzo 2024,2020,https://www.gub.uy/ministerio-salud-publica/sites/ministerio-salud-publica/files/2024-03/ELEPEM%20CERTIFICADOS%207-3-2024.pdf,ELEPEM CERTIFICADOS 7-3-2024.pdf,107/2020,Montevideo,Montevideo,Residencial Cumbres del Prado,Bvar Artigas 4169,Bvar Artigas,4169,,,,107/2020,2020,Dra Claudia Llorca,,
MSPR-108-2020,ELP-0108,msp_certificado_registro_historico,Certificados de registro ELEPEM emitidos 2017-marzo 2024,2020,https://www.gub.uy/ministerio-salud-publica/sites/ministerio-salud-publica/files/2024-03/ELEPEM%20CERTIFICADOS%207-3-2024.pdf,ELEPEM CERTIFICADOS 7-3-2024.pdf,108/2020,Colonia,Colonia,Residencial Brisas del Plata,sito en Ruta 1 km 121.500,sito en Ruta,1 km 121.500,,,,108/2020,2020,Dra Diana Ayala,,
MSPR-109-2020,ELP-0170,msp_certificado_registro_historico,Certificados de registro ELEPEM emitidos 2017-marzo 2024,2020,https://www.gub.uy/ministerio-salud-publica/sites/ministerio-salud-publica/files/2024-03/ELEPEM%20CERTIFICADOS%207-3-2024.pdf,ELEPEM CERTIFICADOS 7-3-2024.pdf,109/2020,Flores,Trinidad,Residencial San José,sito en Puig 679,sito en Puig,679,,,,109/2020,2020,Dra Ana Bidegain,,
MSPR-110-2020,ELP-0078,msp_certificado_registro_historico,Certificados de registro ELEPEM emitidos 2017-marzo 2024,2020,https://www.gub.uy/ministerio-salud-publica/sites/ministerio-salud-publica/files/2024-03/ELEPEM%20CERTIFICADOS%207-3-2024.pdf,ELEPEM CERTIFICADOS 7-3-2024.pdf,110/2020,Canelones,Canelones,Residencial Jardines de Neptunia,sito en Ruta 34 km 48 Neptunia,sito en Ruta,34 km 48 Neptunia,,,,110/2020,2020,Dr José Chodié,,
MSPR-111-2020,ELP-0784,msp_certificado_registro_historico,Certificados de registro ELEPEM emitidos 2017-marzo 2024,2020,https://www.gub.uy/ministerio-salud-publica/sites/ministerio-salud-publica/files/2024-03/ELEPEM%20CERTIFICADOS%207-3-2024.pdf,ELEPEM CERTIFICADOS 7-3-2024.pdf,111/2020,San José,San José,Residencial Renacer,sito en 25 de mayo 381,sito en,25 de mayo 381,,,,111/2020,2020,Dra Gladys Rodriguez,,
MSPR-112-2020,ELP-0756,msp_certificado_registro_historico,Certificados de registro ELEPEM emitidos 2017-marzo 2024,2020,https://www.gub.uy/ministerio-salud-publica/sites/ministerio-salud-publica/files/2024-03/ELEPEM%20CERTIFICADOS%207-3-2024.pdf,ELEPEM CERTIFICADOS 7-3-2024.pdf,112/2020,San José,Libertad,Residencial Casa Campo,Colón 1072,Colón,1072,,,,112/2020,2020,Dr Andrés Sena,,
MSPR-113-2020,ELP-0572,msp_certificado_registro_historico,Certificados de registro ELEPEM emitidos 2017-marzo 2024,2020,https://www.gub.uy/ministerio-salud-publica/sites/ministerio-salud-publica/files/2024-03/ELEPEM%20CERTIFICADOS%207-3-2024.pdf,ELEPEM CERTIFICADOS 7-3-2024.pdf,113/2020,Montevideo,Montevideo,Residencial Almendro en Flor,Av Bolivia 1364,Av Bolivia,1364,,,,113/2020,2020,Dra Marta Arriola,,
MSPR-114-2020,ELP-0489,msp_certificado_registro_historico,Certificados de registro ELEPEM emitidos 2017-marzo 2024,2020,https://www.gub.uy/ministerio-salud-publica/sites/ministerio-salud-publica/files/2024-03/ELEPEM%20CERTIFICADOS%207-3-2024.pdf,ELEPEM CERTIFICADOS 7-3-2024.pdf,114/2020,Montevideo,Montevideo,Residencial Las Gardenias III,Belastiqui 1490,Belastiqui,1490,,,,114/2020,2020,Dra Yoselin Blois,,
MSPR-115-2020,ELP-0488,msp_certificado_registro_historico,Certificados de registro ELEPEM emitidos 2017-marzo 2024,2020,https://www.gub.uy/ministerio-salud-publica/sites/ministerio-salud-publica/files/2024-03/ELEPEM%20CERTIFICADOS%207-3-2024.pdf,ELEPEM CERTIFICADOS 7-3-2024.pdf,115/2020,Montevideo,Montevideo,Residencial Las Gardenias II,Mariano Uriarte 6383,Mariano Uriarte,6383,,,,115/2020,2020,Dra Joselyn Blois,,
MSPR-116-2020,ELP-0531,msp_certificado_registro_historico,Certificados de registro ELEPEM emitidos 2017-marzo 2024,2020,https://www.gub.uy/ministerio-salud-publica/sites/ministerio-salud-publica/files/2024-03/ELEPEM%20CERTIFICADOS%207-3-2024.pdf,ELEPEM CERTIFICADOS 7-3-2024.pdf,116/2020,Montevideo,Montevideo,Residencial Mi Rinconcito,José Freire 88,José Freire,88,,,,116/2020,2020,Dra Violeta Beitler,,
MSPR-117-2020,ELP-0474,msp_certificado_registro_historico,Certificados de registro ELEPEM emitidos 2017-marzo 2024,2020,https://www.gub.uy/ministerio-salud-publica/sites/ministerio-salud-publica/files/2024-03/ELEPEM%20CERTIFICADOS%207-3-2024.pdf,ELEPEM CERTIFICADOS 7-3-2024.pdf,117/2020,Montevideo,Montevideo,Residencial Serena,8 de octubre 2856,,8 de octubre 2856,,,,117/2020,2020,Dra Matilde Salsamendi,,
MSPR-118-2020,ELP-0598,msp_certificado_registro_historico,Certificados de registro ELEPEM emitidos 2017-marzo 2024,2020,https://www.gub.uy/ministerio-salud-publica/sites/ministerio-salud-publica/files/2024-03/ELEPEM%20CERTIFICADOS%207-3-2024.pdf,ELEPEM CERTIFICADOS 7-3-2024.pdf,118/2020,Montevideo,Montevideo,Residencial Entre Amigos,Puntas Santiago 1677,Puntas Santiago,1677,,,,118/2020,2020,Dr Fernando Labanca,,
MSPR-119-2020,ELP-0612,msp_certificado_registro_historico,Certificados de registro ELEPEM emitidos 2017-marzo 2024,2020,https://www.gub.uy/ministerio-salud-publica/sites/ministerio-salud-publica/files/2024-03/ELEPEM%20CERTIFICADOS%207-3-2024.pdf,ELEPEM CERTIFICADOS 7-3-2024.pdf,119/2020,Montevideo,Montevideo,Residencial Life,Dalmiro Costa 4147,Dalmiro Costa,4147,,,,119/2020,2020,Dra Silvia Guerreros,,
MSPR-120-2020,ELP-0561,msp_certificado_registro_historico,Certificados de registro ELEPEM emitidos 2017-marzo 2024,2020,https://www.gub.uy/ministerio-salud-publica/sites/ministerio-salud-publica/files/2024-03/ELEPEM%20CERTIFICADOS%207-3-2024.pdf,ELEPEM CERTIFICADOS 7-3-2024.pdf,120/2020,Montevideo,MONTEVIDEO,Residencial Rocío Seco,Orleans 2504,Orleans,2504,,,,120/2020,2020,Dr. Elizabeth Giménez,,
MSPR-121-2020,ELP-0630,msp_certificado_registro_historico,Certificados de registro ELEPEM emitidos 2017-marzo 2024,2020,https://www.gub.uy/ministerio-salud-publica/sites/ministerio-salud-publica/files/2024-03/ELEPEM%20CERTIFICADOS%207-3-2024.pdf,ELEPEM CERTIFICADOS 7-3-2024.pdf,121/2020,Montevideo,MONTEVIDEO,Residencial Oasis,Ellauri 741,Ellauri,741,,,,121/2020,2020,Dra Natalia Cusati,,
MSPR-122-2020,ELP-0603,msp_certificado_registro_historico,Certificados de registro ELEPEM emitidos 2017-marzo 2024,2020,https://www.gub.uy/ministerio-salud-publica/sites/ministerio-salud-publica/files/2024-03/ELEPEM%20CERTIFICADOS%207-3-2024.pdf,ELEPEM CERTIFICADOS 7-3-2024.pdf,122/2020,Montevideo,MONTEVIDEO,Residencial Hogar Esperanza,Gral Hornos 5117,Gral Hornos,5117,,,,122/2020,2020,Dra Alfonsina Pintos,,
MSPR-123-2020,ELP-0268,msp_certificado_registro_historico,Certificados de registro ELEPEM emitidos 2017-marzo 2024,2020,https://www.gub.uy/ministerio-salud-publica/sites/ministerio-salud-publica/files/2024-03/ELEPEM%20CERTIFICADOS%207-3-2024.pdf,ELEPEM CERTIFICADOS 7-3-2024.pdf,123/2020,Maldonado,Maldonado,Residencial VITA BELLA,Luciano Romero s/n entre M. Melenedez y M Ortiz,Luciano Romero,S/N,,,,123/2020,2020,Dr Ignacio Lereaj,,
MSPR-124-2020,ELP-0579,msp_certificado_registro_historico,Certificados de registro ELEPEM emitidos 2017-marzo 2024,2020,https://www.gub.uy/ministerio-salud-publica/sites/ministerio-salud-publica/files/2024-03/ELEPEM%20CERTIFICADOS%207-3-2024.pdf,ELEPEM CERTIFICADOS 7-3-2024.pdf,124/2020,Montevideo,MONTEVIDEO,Residencial Camino Real,Av Agraciada 3103,Av Agraciada,3103,,,,124/2020,2020,Dra Janaina Baillo,,
MSPR-125-2020,ELP-0266,msp_certificado_registro_historico,Certificados de registro ELEPEM emitidos 2017-marzo 2024,2020,https://www.gub.uy/ministerio-salud-publica/sites/ministerio-salud-publica/files/2024-03/ELEPEM%20CERTIFICADOS%207-3-2024.pdf,ELEPEM CERTIFICADOS 7-3-2024.pdf,125/2020,Maldonado,Piriapolis,Residencial VER BEL,Rondeau 921,Rondeau,921,,,,125/2020,2020,Dr Ignacio Lereaj,,
MSPR-126-2020,ELP-0517,msp_certificado_registro_historico,Certificados de registro ELEPEM emitidos 2017-marzo 2024,2020,https://www.gub.uy/ministerio-salud-publica/sites/ministerio-salud-publica/files/2024-03/ELEPEM%20CERTIFICADOS%207-3-2024.pdf,ELEPEM CERTIFICADOS 7-3-2024.pdf,126/2020,Montevideo,MONTEVIDEO,Residencial Maria Belén,Rodó 1874,Rodó,1874,,,,126/2020,2020,Dra Silvya Tagliabue,,
MSPR-127-2020,ELP-0627,msp_certificado_registro_historico,Certificados de registro ELEPEM emitidos 2017-marzo 2024,2020,https://www.gub.uy/ministerio-salud-publica/sites/ministerio-salud-publica/files/2024-03/ELEPEM%20CERTIFICADOS%207-3-2024.pdf,ELEPEM CERTIFICADOS 7-3-2024.pdf,127/2020,Montevideo,MONTEVIDEO,Residencial Nuestra Familia,18 de Julio 823,,18 de Julio 823,,,,127/2020,2020,Dr. Alfonso Lopez,,
MSPR-128-2020,ELP-0624,msp_certificado_registro_historico,Certificados de registro ELEPEM emitidos 2017-marzo 2024,2020,https://www.gub.uy/ministerio-salud-publica/sites/ministerio-salud-publica/files/2024-03/ELEPEM%20CERTIFICADOS%207-3-2024.pdf,ELEPEM CERTIFICADOS 7-3-2024.pdf,128/2020,Montevideo,MONTEVIDEO,Residencial Mi Sueño,José Ordeig 2217,José Ordeig,2217,,,,128/2020,2020,Dr José Charquero,,
MSPR-129-2020,ELP-0618,msp_certificado_registro_historico,Certificados de registro ELEPEM emitidos 2017-marzo 2024,2020,https://www.gub.uy/ministerio-salud-publica/sites/ministerio-salud-publica/files/2024-03/ELEPEM%20CERTIFICADOS%207-3-2024.pdf,ELEPEM CERTIFICADOS 7-3-2024.pdf,129/2020,Montevideo,MONTEVIDEO,Residencial Madrid,Coquimbo 2309,Coquimbo,2309,,,,129/2020,2020,Dra Eliana Lamas,,
MSPR-130-2020,ELP-0532,msp_certificado_registro_historico,Certificados de registro ELEPEM emitidos 2017-marzo 2024,2020,https://www.gub.uy/ministerio-salud-publica/sites/ministerio-salud-publica/files/2024-03/ELEPEM%20CERTIFICADOS%207-3-2024.pdf,ELEPEM CERTIFICADOS 7-3-2024.pdf,130/2020,Montevideo,MONTEVIDEO,Residencial Mi Sueño,Mariano Uriarte 6192,Mariano Uriarte,6192,,,,130/2020,2020,Dr José Charquero,,
MSPR-131-2020,ELP-0581,msp_certificado_registro_historico,Certificados de registro ELEPEM emitidos 2017-marzo 2024,2020,https://www.gub.uy/ministerio-salud-publica/sites/ministerio-salud-publica/files/2024-03/ELEPEM%20CERTIFICADOS%207-3-2024.pdf,ELEPEM CERTIFICADOS 7-3-2024.pdf,131/2020,Montevideo,MONTEVIDEO,Residencial Casa Delia,Jaime Roldos y pons 4383 al 85,Jaime Roldos y pons,4383 al 85,,,,131/2020,2020,Dra Elizabeth Arias,,
MSPR-132-2020,ELP-0250,msp_certificado_registro_historico,Certificados de registro ELEPEM emitidos 2017-marzo 2024,2020,https://www.gub.uy/ministerio-salud-publica/sites/ministerio-salud-publica/files/2024-03/ELEPEM%20CERTIFICADOS%207-3-2024.pdf,ELEPEM CERTIFICADOS 7-3-2024.pdf,132/2020,Maldonado,San Carlos,Residencial Hogar Santa María,Dr. Andres Ceberio 678,Dr. Andres Ceberio,678,,,,132/2020,2020,Dr. Gaston Moulia,,
MSPR-133-2020,ELP-0781,msp_certificado_registro_historico,Certificados de registro ELEPEM emitidos 2017-marzo 2024,2020,https://www.gub.uy/ministerio-salud-publica/sites/ministerio-salud-publica/files/2024-03/ELEPEM%20CERTIFICADOS%207-3-2024.pdf,ELEPEM CERTIFICADOS 7-3-2024.pdf,133/2020,San José,San José,Residencial La Casa de Miriam,Treinta y tres 1027,Treinta y tres,1027,,,,133/2020,2020,DR Hector Martinez,,
MSPR-134-2020,ELP-0780,msp_certificado_registro_historico,Certificados de registro ELEPEM emitidos 2017-marzo 2024,2020,https://www.gub.uy/ministerio-salud-publica/sites/ministerio-salud-publica/files/2024-03/ELEPEM%20CERTIFICADOS%207-3-2024.pdf,ELEPEM CERTIFICADOS 7-3-2024.pdf,134/2020,San José,CIUDAD DEL PLATA San José,Residencial Hogar Liros Residencial San Nicolas,"Ruta 1 km 25, manzana 81 solar 85, esq Cerro Largo 18 de julio 721",Ruta 1,Km 25,,,,134/2020,2020,DRA NATASHA PONCE Dra Anabella Hernández,,
MSPR-002-2021,ELP-0785,msp_certificado_registro_historico,Certificados de registro ELEPEM emitidos 2017-marzo 2024,2021,https://www.gub.uy/ministerio-salud-publica/sites/ministerio-salud-publica/files/2024-03/ELEPEM%20CERTIFICADOS%207-3-2024.pdf,ELEPEM CERTIFICADOS 7-3-2024.pdf,002/2021,San José,San José Colonia DELTA La,Residencial Solis,Zorrilla de San Martin 565,Zorrilla de San Martin,565,,,,002/2021,2021,Dr Héctor Martinez,,
MSPR-003-2021,ELP-0774,msp_certificado_registro_historico,Certificados de registro ELEPEM emitidos 2017-marzo 2024,2021,https://www.gub.uy/ministerio-salud-publica/sites/ministerio-salud-publica/files/2024-03/ELEPEM%20CERTIFICADOS%207-3-2024.pdf,ELEPEM CERTIFICADOS 7-3-2024.pdf,003/2021,San José,Boyada,Residencial Hogar de Ancianos Delta,"Ruta 1 km 94 Colonia Delta, La Boyada",Ruta 1,Km 94,,,,003/2021,2021,Dra Mónica Fraquia,,
MSPR-004-2021,ELP-0367,msp_certificado_registro_historico,Certificados de registro ELEPEM emitidos 2017-marzo 2024,2021,https://www.gub.uy/ministerio-salud-publica/sites/ministerio-salud-publica/files/2024-03/ELEPEM%20CERTIFICADOS%207-3-2024.pdf,ELEPEM CERTIFICADOS 7-3-2024.pdf,004/2021,Montevideo,Montevideo,Residencial del Parque,Pedro Berro 1320,Pedro Berro,1320,,,,004/2021,2021,Dra Marianella Mures Dra Maria del Rosario,,
MSPR-005-2021,ELP-0074,msp_certificado_registro_historico,Certificados de registro ELEPEM emitidos 2017-marzo 2024,2021,https://www.gub.uy/ministerio-salud-publica/sites/ministerio-salud-publica/files/2024-03/ELEPEM%20CERTIFICADOS%207-3-2024.pdf,ELEPEM CERTIFICADOS 7-3-2024.pdf,005/2021,Canelones,Parque del Plata,Residencial Solís,Rambla Costanera Artigas 13187,Rambla Costanera Artigas,13187,,,,005/2021,2021,Calvette,,
MSPR-006-2021,ELP-0073,msp_certificado_registro_historico,Certificados de registro ELEPEM emitidos 2017-marzo 2024,2021,https://www.gub.uy/ministerio-salud-publica/sites/ministerio-salud-publica/files/2024-03/ELEPEM%20CERTIFICADOS%207-3-2024.pdf,ELEPEM CERTIFICADOS 7-3-2024.pdf,006/2021,Canelones,Atlantida,Residencial El Ibirapitá,"Calle 16, Manzana 114 , Solar 0007",Calle,"16, Manzana 114 , Solar 0007",,,,006/2021,2021,Dra Rosana Quintan,,
MSPR-007-2021,ELP-0158,msp_certificado_registro_historico,Certificados de registro ELEPEM emitidos 2017-marzo 2024,2021,https://www.gub.uy/ministerio-salud-publica/sites/ministerio-salud-publica/files/2024-03/ELEPEM%20CERTIFICADOS%207-3-2024.pdf,ELEPEM CERTIFICADOS 7-3-2024.pdf,007/2021,Durazno,Sarandi del Yi,Residencial Jardines del Yi,Sosa Bernadet 475,Sosa Bernadet,475,,,,007/2021,2021,Dr Anuar Martinez,,
MSPR-008-2021,ELP-0661,msp_certificado_registro_historico,Certificados de registro ELEPEM emitidos 2017-marzo 2024,2021,https://www.gub.uy/ministerio-salud-publica/sites/ministerio-salud-publica/files/2024-03/ELEPEM%20CERTIFICADOS%207-3-2024.pdf,ELEPEM CERTIFICADOS 7-3-2024.pdf,008/2021,Montevideo,Montevideo,Residencial Villa Amanda,Santa Lucia 4175,Santa Lucia,4175,,,,008/2021,2021,Dra Claudia Gaye,,
MSPR-009-2021,ELP-0306,msp_certificado_registro_historico,Certificados de registro ELEPEM emitidos 2017-marzo 2024,2021,https://www.gub.uy/ministerio-salud-publica/sites/ministerio-salud-publica/files/2024-03/ELEPEM%20CERTIFICADOS%207-3-2024.pdf,ELEPEM CERTIFICADOS 7-3-2024.pdf,009/2021,Montevideo,Montevideo,Residencial Aripuca,Uruguayana,Uruguayana,,,,,009/2021,2021,Dr Fernando Añon,,
MSPR-010-2021,ELP-0417,msp_certificado_registro_historico,Certificados de registro ELEPEM emitidos 2017-marzo 2024,2021,https://www.gub.uy/ministerio-salud-publica/sites/ministerio-salud-publica/files/2024-03/ELEPEM%20CERTIFICADOS%207-3-2024.pdf,ELEPEM CERTIFICADOS 7-3-2024.pdf,010/2021,Montevideo,Montevideo,Residencial Gutierrez,Cubo del Norte 3601,Cubo del Norte,3601,,,,010/2021,2021,Dr Gustavo Miquelerena,,
MSPR-011-2021,ELP-0407,msp_certificado_registro_historico,Certificados de registro ELEPEM emitidos 2017-marzo 2024,2021,https://www.gub.uy/ministerio-salud-publica/sites/ministerio-salud-publica/files/2024-03/ELEPEM%20CERTIFICADOS%207-3-2024.pdf,ELEPEM CERTIFICADOS 7-3-2024.pdf,011/2021,Montevideo,Montevideo,Residencial French House,Celedonio Nin y Silva 2358,Celedonio Nin y Silva,2358,,,,011/2021,2021,Dr Santiago Palmer,,
MSPR-012-2021,ELP-0609,msp_certificado_registro_historico,Certificados de registro ELEPEM emitidos 2017-marzo 2024,2021,https://www.gub.uy/ministerio-salud-publica/sites/ministerio-salud-publica/files/2024-03/ELEPEM%20CERTIFICADOS%207-3-2024.pdf,ELEPEM CERTIFICADOS 7-3-2024.pdf,012/2021,Montevideo,Montevideo,Residencial La Flia,Defensa 1968 /1970,Defensa,1968 /1970,,,,012/2021,2021,Dr Miguel Sorondo,,
MSPR-013-2021,ELP-0611,msp_certificado_registro_historico,Certificados de registro ELEPEM emitidos 2017-marzo 2024,2021,https://www.gub.uy/ministerio-salud-publica/sites/ministerio-salud-publica/files/2024-03/ELEPEM%20CERTIFICADOS%207-3-2024.pdf,ELEPEM CERTIFICADOS 7-3-2024.pdf,013/2021,Montevideo,Montevideo,Residencial Le Sens,Av italia 2509,Av italia,2509,,,,013/2021,2021,Dra. Gianella Massera,,
MSPR-014-2021,ELP-0141,msp_certificado_registro_historico,Certificados de registro ELEPEM emitidos 2017-marzo 2024,2021,https://www.gub.uy/ministerio-salud-publica/sites/ministerio-salud-publica/files/2024-03/ELEPEM%20CERTIFICADOS%207-3-2024.pdf,ELEPEM CERTIFICADOS 7-3-2024.pdf,014/2021,Colonia,Colonia,Residencial Sacramento,María Nimmo 731,María Nimmo,731,,,,014/2021,2021,Dr Martín Polliforni,,
MSPR-015-2021,ELP-0242,msp_certificado_registro_historico,Certificados de registro ELEPEM emitidos 2017-marzo 2024,2021,https://www.gub.uy/ministerio-salud-publica/sites/ministerio-salud-publica/files/2024-03/ELEPEM%20CERTIFICADOS%207-3-2024.pdf,ELEPEM CERTIFICADOS 7-3-2024.pdf,015/2021,Maldonado,Maldonado,Residencial Adonis,Ventura Alegre 465,Ventura Alegre,465,,,,015/2021,2021,Dr. Thiago Campos Varela,,
MSPR-016-2021,ELP-0631,msp_certificado_registro_historico,Certificados de registro ELEPEM emitidos 2017-marzo 2024,2021,https://www.gub.uy/ministerio-salud-publica/sites/ministerio-salud-publica/files/2024-03/ELEPEM%20CERTIFICADOS%207-3-2024.pdf,ELEPEM CERTIFICADOS 7-3-2024.pdf,016/2021,Montevideo,Montevideo,Residencial Our Place,Bvar Batlle y Ordoñez 2141,Bvar Batlle y Ordoñez,2141,,,,016/2021,2021,Dr Alvaro Miller,,
MSPR-017-2021,ELP-0320,msp_certificado_registro_historico,Certificados de registro ELEPEM emitidos 2017-marzo 2024,2021,https://www.gub.uy/ministerio-salud-publica/sites/ministerio-salud-publica/files/2024-03/ELEPEM%20CERTIFICADOS%207-3-2024.pdf,ELEPEM CERTIFICADOS 7-3-2024.pdf,017/2021,Montevideo,Montevideo,Residencial Bonsejour,Blanes Viale 6222,Blanes Viale,6222,,,,017/2021,2021,Dra Matilde Salsamendi,,
MSPR-018-2021,ELP-0596,msp_certificado_registro_historico,Certificados de registro ELEPEM emitidos 2017-marzo 2024,2021,https://www.gub.uy/ministerio-salud-publica/sites/ministerio-salud-publica/files/2024-03/ELEPEM%20CERTIFICADOS%207-3-2024.pdf,ELEPEM CERTIFICADOS 7-3-2024.pdf,018/2021,Montevideo,Montevideo,Residencial El Retorno,Coronel Raiz 1834,Coronel Raiz,1834,,,,018/2021,2021,Dr.Luis Sposito,,
MSPR-019-2021,ELP-0769,msp_certificado_registro_historico,Certificados de registro ELEPEM emitidos 2017-marzo 2024,2021,https://www.gub.uy/ministerio-salud-publica/sites/ministerio-salud-publica/files/2024-03/ELEPEM%20CERTIFICADOS%207-3-2024.pdf,ELEPEM CERTIFICADOS 7-3-2024.pdf,019/2021,San José,San José,Residencial Asociación Prohogar Ancianos San José,Ruta 3 y Continuación 18 julio,Ruta,3,,,,019/2021,2021,Dr Marcelo Levratto,,
MSPR-020-2021,ELP-0170,msp_certificado_registro_historico,Certificados de registro ELEPEM emitidos 2017-marzo 2024,2021,https://www.gub.uy/ministerio-salud-publica/sites/ministerio-salud-publica/files/2024-03/ELEPEM%20CERTIFICADOS%207-3-2024.pdf,ELEPEM CERTIFICADOS 7-3-2024.pdf,020/2021,Flores,Trinidad,Residencial San José,Puig 679,Puig,679,,,,020/2021,2021,Dra Ana Bidegain,,
MSPR-021-2021,ELP-0745,msp_certificado_registro_historico,Certificados de registro ELEPEM emitidos 2017-marzo 2024,2021,https://www.gub.uy/ministerio-salud-publica/sites/ministerio-salud-publica/files/2024-03/ELEPEM%20CERTIFICADOS%207-3-2024.pdf,ELEPEM CERTIFICADOS 7-3-2024.pdf,021/2021,Salto,Salto,Residencial El Salteñito 2,Brasil 1696,Brasil,1696,,,,021/2021,2021,Dr Hector Acosta,,
MSPR-022-2021,ELP-0291,msp_certificado_registro_historico,Certificados de registro ELEPEM emitidos 2017-marzo 2024,2021,https://www.gub.uy/ministerio-salud-publica/sites/ministerio-salud-publica/files/2024-03/ELEPEM%20CERTIFICADOS%207-3-2024.pdf,ELEPEM CERTIFICADOS 7-3-2024.pdf,022/2021,Montevideo,Montevideo,Residencial Altos de Carrasco,Camino Carrasco 6996,Camino Carrasco,6996,,,,022/2021,2021,Dra Silvina González,,
MSPR-023-2021,ELP-0529,msp_certificado_registro_historico,Certificados de registro ELEPEM emitidos 2017-marzo 2024,2021,https://www.gub.uy/ministerio-salud-publica/sites/ministerio-salud-publica/files/2024-03/ELEPEM%20CERTIFICADOS%207-3-2024.pdf,ELEPEM CERTIFICADOS 7-3-2024.pdf,023/2021,Montevideo,Montevideo,Residencial Mi Jazmin,Av. Italia 4444,Av. Italia,4444,,,,023/2021,2021,Dra Daimaris Izquierdo,,
MSPR-024-2021,ELP-0254,msp_certificado_registro_historico,Certificados de registro ELEPEM emitidos 2017-marzo 2024,2021,https://www.gub.uy/ministerio-salud-publica/sites/ministerio-salud-publica/files/2024-03/ELEPEM%20CERTIFICADOS%207-3-2024.pdf,ELEPEM CERTIFICADOS 7-3-2024.pdf,024/2021,Maldonado,Punta Del Este,Residencial Mi Segunda Flia,Costa Rica y Nicaragua Chalet El Remanso,Costa Rica y Nicaragua Chalet El Remanso,,,,,024/2021,2021,Maldonado,,
MSPR-025-2021,ELP-0729,msp_certificado_registro_historico,Certificados de registro ELEPEM emitidos 2017-marzo 2024,2021,https://www.gub.uy/ministerio-salud-publica/sites/ministerio-salud-publica/files/2024-03/ELEPEM%20CERTIFICADOS%207-3-2024.pdf,ELEPEM CERTIFICADOS 7-3-2024.pdf,025/2021,Rocha,Lascano,Residencial Hogar de Ancianos de Lascano,Eudoxio Vivas s/n,Eudoxio Vivas,S/N,,,,025/2021,2021,Rocha,,
MSPR-026-2021,ELP-0749,msp_certificado_registro_historico,Certificados de registro ELEPEM emitidos 2017-marzo 2024,2021,https://www.gub.uy/ministerio-salud-publica/sites/ministerio-salud-publica/files/2024-03/ELEPEM%20CERTIFICADOS%207-3-2024.pdf,ELEPEM CERTIFICADOS 7-3-2024.pdf,026/2021,Salto,,Residencial Saniguet,Brasil 750,Brasil,750,,,,026/2021,2021,Salto,,
MSPR-027-2021,ELP-0461,msp_certificado_registro_historico,Certificados de registro ELEPEM emitidos 2017-marzo 2024,2021,https://www.gub.uy/ministerio-salud-publica/sites/ministerio-salud-publica/files/2024-03/ELEPEM%20CERTIFICADOS%207-3-2024.pdf,ELEPEM CERTIFICADOS 7-3-2024.pdf,027/2021,Montevideo,,Residencial La Belle Epoque II,Marco Bruto 1213,Marco Bruto,1213,,,,027/2021,2021,Montevideo,,
MSPR-028-2021,ELP-0747,msp_certificado_registro_historico,Certificados de registro ELEPEM emitidos 2017-marzo 2024,2021,https://www.gub.uy/ministerio-salud-publica/sites/ministerio-salud-publica/files/2024-03/ELEPEM%20CERTIFICADOS%207-3-2024.pdf,ELEPEM CERTIFICADOS 7-3-2024.pdf,028/2021,Salto,,Residencial La Estación,Dr. Arregui 352,Dr. Arregui,352,,,,028/2021,2021,Salto,,
MSPR-029-2021,ELP-0240,msp_certificado_registro_historico,Certificados de registro ELEPEM emitidos 2017-marzo 2024,2021,https://www.gub.uy/ministerio-salud-publica/sites/ministerio-salud-publica/files/2024-03/ELEPEM%20CERTIFICADOS%207-3-2024.pdf,ELEPEM CERTIFICADOS 7-3-2024.pdf,029/2021,Maldonado,Pan De Azúcar,Residencial Renacer,Ceibal 404,Ceibal,404,,,,029/2021,2021,Maldonado,,
MSPR-030-2021,ELP-0246,msp_certificado_registro_historico,Certificados de registro ELEPEM emitidos 2017-marzo 2024,2021,https://www.gub.uy/ministerio-salud-publica/sites/ministerio-salud-publica/files/2024-03/ELEPEM%20CERTIFICADOS%207-3-2024.pdf,ELEPEM CERTIFICADOS 7-3-2024.pdf,030/2021,Maldonado,Punta Del Este,Residencial Centro de Cuidados Alamos,"Av. Pedragosa Sierra y el Havre, padrón 7084","Av. Pedragosa Sierra y el Havre, padrón",7084,,,,030/2021,2021,Maldonado,,
MSPR-031-2021,ELP-0256,msp_certificado_registro_historico,Certificados de registro ELEPEM emitidos 2017-marzo 2024,2021,https://www.gub.uy/ministerio-salud-publica/sites/ministerio-salud-publica/files/2024-03/ELEPEM%20CERTIFICADOS%207-3-2024.pdf,ELEPEM CERTIFICADOS 7-3-2024.pdf,031/2021,Maldonado,Punta Del Este,Residencial Nouvelles Maison,"Calderón de la Barca, Solar 1, manzana 83, barrio Jardines de Córdoba","Calderón de la Barca, Solar","1, manzana 83, barrio Jardines de Córdoba",,,,031/2021,2021,Maldonado,,
MSPR-032-2021,ELP-0460,msp_certificado_registro_historico,Certificados de registro ELEPEM emitidos 2017-marzo 2024,2021,https://www.gub.uy/ministerio-salud-publica/sites/ministerio-salud-publica/files/2024-03/ELEPEM%20CERTIFICADOS%207-3-2024.pdf,ELEPEM CERTIFICADOS 7-3-2024.pdf,032/2021,Montevideo,,Residencial Belle Epoque,Hugo de los Santos Recarte 1284,Hugo de los Santos Recarte,1284,,,,032/2021,2021,Montevideo,,
MSPR-033-2021,ELP-0569,msp_certificado_registro_historico,Certificados de registro ELEPEM emitidos 2017-marzo 2024,2021,https://www.gub.uy/ministerio-salud-publica/sites/ministerio-salud-publica/files/2024-03/ELEPEM%20CERTIFICADOS%207-3-2024.pdf,ELEPEM CERTIFICADOS 7-3-2024.pdf,033/2021,Montevideo,,Residencial Age II SRL,AV. Bvar Artigas 4101,AV. Bvar Artigas,4101,,,,033/2021,2021,Montevideo,,
MSPR-034-2021,ELP-0369,msp_certificado_registro_historico,Certificados de registro ELEPEM emitidos 2017-marzo 2024,2021,https://www.gub.uy/ministerio-salud-publica/sites/ministerio-salud-publica/files/2024-03/ELEPEM%20CERTIFICADOS%207-3-2024.pdf,ELEPEM CERTIFICADOS 7-3-2024.pdf,034/2021,Montevideo,,Residencial Diamante,Waldemar Hansen 1764,Waldemar Hansen,1764,,,,034/2021,2021,Montevideo,,
MSPR-035-2021,ELP-0308,msp_certificado_registro_historico,Certificados de registro ELEPEM emitidos 2017-marzo 2024,2021,https://www.gub.uy/ministerio-salud-publica/sites/ministerio-salud-publica/files/2024-03/ELEPEM%20CERTIFICADOS%207-3-2024.pdf,ELEPEM CERTIFICADOS 7-3-2024.pdf,035/2021,Montevideo,,Residencial Ascasubi,Hilario Ascasubi 4114,Hilario Ascasubi,4114,,,,035/2021,2021,Montevideo,,
MSPR-036-2021,ELP-0261,msp_certificado_registro_historico,Certificados de registro ELEPEM emitidos 2017-marzo 2024,2021,https://www.gub.uy/ministerio-salud-publica/sites/ministerio-salud-publica/files/2024-03/ELEPEM%20CERTIFICADOS%207-3-2024.pdf,ELEPEM CERTIFICADOS 7-3-2024.pdf,036/2021,Maldonado,San Carlos,Residencial San Expedito,Nuble Gonzalez Olaza s/n,Nuble Gonzalez Olaza,S/N,,,,036/2021,2021,Maldonado,,
MSPR-037-2021,ELP-0618,msp_certificado_registro_historico,Certificados de registro ELEPEM emitidos 2017-marzo 2024,2021,https://www.gub.uy/ministerio-salud-publica/sites/ministerio-salud-publica/files/2024-03/ELEPEM%20CERTIFICADOS%207-3-2024.pdf,ELEPEM CERTIFICADOS 7-3-2024.pdf,037/2021,Montevideo,,Residencial Madrid,Coquimbo 2309,Coquimbo,2309,,,,037/2021,2021,Montevideo,,
MSPR-038-2021,ELP-0075,msp_certificado_registro_historico,Certificados de registro ELEPEM emitidos 2017-marzo 2024,2021,https://www.gub.uy/ministerio-salud-publica/sites/ministerio-salud-publica/files/2024-03/ELEPEM%20CERTIFICADOS%207-3-2024.pdf,ELEPEM CERTIFICADOS 7-3-2024.pdf,038/2021,Canelones,Ciudad De La Paz,Residencial En Flia,Cesar Mayo Gutierrez 161,Cesar Mayo Gutierrez,161,,,,038/2021,2021,Canelones,,
MSPR-039-2021,ELP-0665,msp_certificado_registro_historico,Certificados de registro ELEPEM emitidos 2017-marzo 2024,2021,https://www.gub.uy/ministerio-salud-publica/sites/ministerio-salud-publica/files/2024-03/ELEPEM%20CERTIFICADOS%207-3-2024.pdf,ELEPEM CERTIFICADOS 7-3-2024.pdf,039/2021,Montevideo,,Residencial Vital HOUSE,Salto 1176,Salto,1176,,,,039/2021,2021,Montevideo,,
MSPR-040-2021,ELP-0657,msp_certificado_registro_historico,Certificados de registro ELEPEM emitidos 2017-marzo 2024,2021,https://www.gub.uy/ministerio-salud-publica/sites/ministerio-salud-publica/files/2024-03/ELEPEM%20CERTIFICADOS%207-3-2024.pdf,ELEPEM CERTIFICADOS 7-3-2024.pdf,040/2021,Montevideo,,Residencial Veramar Home,Rambla Rep de Mexico 5913,Rambla Rep de Mexico,5913,,,,040/2021,2021,Montevideo,,
MSPR-041-2021,ELP-0794,msp_certificado_registro_historico,Certificados de registro ELEPEM emitidos 2017-marzo 2024,2021,https://www.gub.uy/ministerio-salud-publica/sites/ministerio-salud-publica/files/2024-03/ELEPEM%20CERTIFICADOS%207-3-2024.pdf,ELEPEM CERTIFICADOS 7-3-2024.pdf,041/2021,Soriano,,Residencial SOUTO,18 de julio 1283,,18 de julio 1283,,,,041/2021,2021,Dolores,,
MSPR-042-2021,ELP-0350,msp_certificado_registro_historico,Certificados de registro ELEPEM emitidos 2017-marzo 2024,2021,https://www.gub.uy/ministerio-salud-publica/sites/ministerio-salud-publica/files/2024-03/ELEPEM%20CERTIFICADOS%207-3-2024.pdf,ELEPEM CERTIFICADOS 7-3-2024.pdf,042/2021,Montevideo,,Residencial Centro Residencial Moirù,Juan Carlos Blanco 3362,Juan Carlos Blanco,3362,,,,042/2021,2021,Montevideo,,
MSPR-043-2021,ELP-0248,msp_certificado_registro_historico,Certificados de registro ELEPEM emitidos 2017-marzo 2024,2021,https://www.gub.uy/ministerio-salud-publica/sites/ministerio-salud-publica/files/2024-03/ELEPEM%20CERTIFICADOS%207-3-2024.pdf,ELEPEM CERTIFICADOS 7-3-2024.pdf,043/2021,Maldonado,,Residencial En flia 2,Roman Guerra 724,Roman Guerra,724,,,,043/2021,2021,Maldonado,,
MSPR-044-2021,ELP-0252,msp_certificado_registro_historico,Certificados de registro ELEPEM emitidos 2017-marzo 2024,2021,https://www.gub.uy/ministerio-salud-publica/sites/ministerio-salud-publica/files/2024-03/ELEPEM%20CERTIFICADOS%207-3-2024.pdf,ELEPEM CERTIFICADOS 7-3-2024.pdf,044/2021,Maldonado,Punta Del Este,Residencial La Esperanza,Tenerife esq. Prado,Tenerife esq. Prado,,,,,044/2021,2021,Maldonado,,
MSPR-045-2021,ELP-0652,msp_certificado_registro_historico,Certificados de registro ELEPEM emitidos 2017-marzo 2024,2021,https://www.gub.uy/ministerio-salud-publica/sites/ministerio-salud-publica/files/2024-03/ELEPEM%20CERTIFICADOS%207-3-2024.pdf,ELEPEM CERTIFICADOS 7-3-2024.pdf,045/2021,Montevideo,,Residencial Sweet Home,Alberdi 6250,Alberdi,6250,,,,045/2021,2021,Montevideo,,
MSPR-046-2021,ELP-0158,msp_certificado_registro_historico,Certificados de registro ELEPEM emitidos 2017-marzo 2024,2021,https://www.gub.uy/ministerio-salud-publica/sites/ministerio-salud-publica/files/2024-03/ELEPEM%20CERTIFICADOS%207-3-2024.pdf,ELEPEM CERTIFICADOS 7-3-2024.pdf,046/2021,Durazno,Sarandi Del Yi,Residencial Jardines del Yi,Sosa Bernadet 475,Sosa Bernadet,475,,,,046/2021,2021,Durazno,,
MSPR-047-2021,ELP-0604,msp_certificado_registro_historico,Certificados de registro ELEPEM emitidos 2017-marzo 2024,2021,https://www.gub.uy/ministerio-salud-publica/sites/ministerio-salud-publica/files/2024-03/ELEPEM%20CERTIFICADOS%207-3-2024.pdf,ELEPEM CERTIFICADOS 7-3-2024.pdf,047/2021,Montevideo,,Residencial Hogar Plenitud,Luis A de Herrera 2720,Luis A de Herrera,2720,,,,047/2021,2021,Montevideo,,
MSPR-048-2021,ELP-0150,msp_certificado_registro_historico,Certificados de registro ELEPEM emitidos 2017-marzo 2024,2021,https://www.gub.uy/ministerio-salud-publica/sites/ministerio-salud-publica/files/2024-03/ELEPEM%20CERTIFICADOS%207-3-2024.pdf,ELEPEM CERTIFICADOS 7-3-2024.pdf,048/2021,Durazno,,Residencial Green House,Batalla de las Piedras 232,Batalla de las Piedras,232,,,,048/2021,2021,Durazno,,
MSPR-049-2021,ELP-0607,msp_certificado_registro_historico,Certificados de registro ELEPEM emitidos 2017-marzo 2024,2021,https://www.gub.uy/ministerio-salud-publica/sites/ministerio-salud-publica/files/2024-03/ELEPEM%20CERTIFICADOS%207-3-2024.pdf,ELEPEM CERTIFICADOS 7-3-2024.pdf,049/2021,Montevideo,,Residencial Jardines del Prado,Instrucciones 947,Instrucciones,947,,,,049/2021,2021,Montevideo,,
MSPR-050-2021,ELP-0399,msp_certificado_registro_historico,Certificados de registro ELEPEM emitidos 2017-marzo 2024,2021,https://www.gub.uy/ministerio-salud-publica/sites/ministerio-salud-publica/files/2024-03/ELEPEM%20CERTIFICADOS%207-3-2024.pdf,ELEPEM CERTIFICADOS 7-3-2024.pdf,050/2021,Montevideo,,Residencial Estilo de Vida,Bvar España 2516,Bvar España,2516,,,,050/2021,2021,Montevideo,,
MSPR-051-2021,ELP-0400,msp_certificado_registro_historico,Certificados de registro ELEPEM emitidos 2017-marzo 2024,2021,https://www.gub.uy/ministerio-salud-publica/sites/ministerio-salud-publica/files/2024-03/ELEPEM%20CERTIFICADOS%207-3-2024.pdf,ELEPEM CERTIFICADOS 7-3-2024.pdf,051/2021,Montevideo,,Residencial Estilo de Vida,Luis Cavia 2996,Luis Cavia,2996,,,,051/2021,2021,Montevideo,,
MSPR-052-2021,ELP-0402,msp_certificado_registro_historico,Certificados de registro ELEPEM emitidos 2017-marzo 2024,2021,https://www.gub.uy/ministerio-salud-publica/sites/ministerio-salud-publica/files/2024-03/ELEPEM%20CERTIFICADOS%207-3-2024.pdf,ELEPEM CERTIFICADOS 7-3-2024.pdf,052/2021,Montevideo,,Residencial Estilo de Vida,Echevarriarza 3456,Echevarriarza,3456,,,,052/2021,2021,Montevideo,,
MSPR-053-2021,ELP-0723,msp_certificado_registro_historico,Certificados de registro ELEPEM emitidos 2017-marzo 2024,2021,https://www.gub.uy/ministerio-salud-publica/sites/ministerio-salud-publica/files/2024-03/ELEPEM%20CERTIFICADOS%207-3-2024.pdf,ELEPEM CERTIFICADOS 7-3-2024.pdf,053/2021,Paysandú,,Residencial Eben Ezer I,Sarandi 1236,Sarandi,1236,,,,053/2021,2021,Paysandù,,
MSPR-054-2021,ELP-0543,msp_certificado_registro_historico,Certificados de registro ELEPEM emitidos 2017-marzo 2024,2021,https://www.gub.uy/ministerio-salud-publica/sites/ministerio-salud-publica/files/2024-03/ELEPEM%20CERTIFICADOS%207-3-2024.pdf,ELEPEM CERTIFICADOS 7-3-2024.pdf,054/2021,Montevideo,,Residencial Nonna Elsa,Av Agraciada 3080,Av Agraciada,3080,,,,054/2021,2021,Montevideo,,
MSPR-055-2021,ELP-0614,msp_certificado_registro_historico,Certificados de registro ELEPEM emitidos 2017-marzo 2024,2021,https://www.gub.uy/ministerio-salud-publica/sites/ministerio-salud-publica/files/2024-03/ELEPEM%20CERTIFICADOS%207-3-2024.pdf,ELEPEM CERTIFICADOS 7-3-2024.pdf,055/2021,Montevideo,,Residencial Los Angeles 2,Veracierto 2787,Veracierto,2787,,,,055/2021,2021,Montevideo,,
MSPR-056-2021,ELP-0498,msp_certificado_registro_historico,Certificados de registro ELEPEM emitidos 2017-marzo 2024,2021,https://www.gub.uy/ministerio-salud-publica/sites/ministerio-salud-publica/files/2024-03/ELEPEM%20CERTIFICADOS%207-3-2024.pdf,ELEPEM CERTIFICADOS 7-3-2024.pdf,056/2021,Montevideo,,Residencial Hogar de Ancianos Rosa y Azul,Agraciada 2405,Agraciada,2405,,,,056/2021,2021,Montevideo,,
MSPR-057-2021,ELP-0083,msp_certificado_registro_historico,Certificados de registro ELEPEM emitidos 2017-marzo 2024,2021,https://www.gub.uy/ministerio-salud-publica/sites/ministerio-salud-publica/files/2024-03/ELEPEM%20CERTIFICADOS%207-3-2024.pdf,ELEPEM CERTIFICADOS 7-3-2024.pdf,057/2021,Canelones,San Jacinto,Residencial Mi Sueño,"Ruta 11 km 148,500",Ruta 11,"Km 148,500",,,,057/2021,2021,Canelones,,
MSPR-058-2021,ELP-0663,msp_certificado_registro_historico,Certificados de registro ELEPEM emitidos 2017-marzo 2024,2021,https://www.gub.uy/ministerio-salud-publica/sites/ministerio-salud-publica/files/2024-03/ELEPEM%20CERTIFICADOS%207-3-2024.pdf,ELEPEM CERTIFICADOS 7-3-2024.pdf,058/2021,Montevideo,,Residencial Villa Dolores,Ramon Anador 3481,Ramon Anador,3481,,,,058/2021,2021,Montevideo,,
MSPR-059-2021,ELP-0359,msp_certificado_registro_historico,Certificados de registro ELEPEM emitidos 2017-marzo 2024,2021,https://www.gub.uy/ministerio-salud-publica/sites/ministerio-salud-publica/files/2024-03/ELEPEM%20CERTIFICADOS%207-3-2024.pdf,ELEPEM CERTIFICADOS 7-3-2024.pdf,059/2021,Montevideo,,Residencial Corazòn de Oro,Margarita 5707,Margarita,5707,,,,059/2021,2021,Montevideo,,
MSPR-060-2021,ELP-0635,msp_certificado_registro_historico,Certificados de registro ELEPEM emitidos 2017-marzo 2024,2021,https://www.gub.uy/ministerio-salud-publica/sites/ministerio-salud-publica/files/2024-03/ELEPEM%20CERTIFICADOS%207-3-2024.pdf,ELEPEM CERTIFICADOS 7-3-2024.pdf,060/2021,Montevideo,,Residencial Renacer,Av Garzon 973,Av Garzon,973,,,,060/2021,2021,Montevideo,,
MSPR-061-2021,ELP-0580,msp_certificado_registro_historico,Certificados de registro ELEPEM emitidos 2017-marzo 2024,2021,https://www.gub.uy/ministerio-salud-publica/sites/ministerio-salud-publica/files/2024-03/ELEPEM%20CERTIFICADOS%207-3-2024.pdf,ELEPEM CERTIFICADOS 7-3-2024.pdf,061/2021,Montevideo,,Residencial Casa Colibri,Asilo 3479,Asilo,3479,,,,061/2021,2021,Montevideo,,
MSPR-062-2021,ELP-0470,msp_certificado_registro_historico,Certificados de registro ELEPEM emitidos 2017-marzo 2024,2021,https://www.gub.uy/ministerio-salud-publica/sites/ministerio-salud-publica/files/2024-03/ELEPEM%20CERTIFICADOS%207-3-2024.pdf,ELEPEM CERTIFICADOS 7-3-2024.pdf,062/2021,Montevideo,,Residencial La Maison,26 de marzo 3322,,26 de marzo 3322,,,,062/2021,2021,Montevideo,,
MSPR-063-2021,ELP-0393,msp_certificado_registro_historico,Certificados de registro ELEPEM emitidos 2017-marzo 2024,2021,https://www.gub.uy/ministerio-salud-publica/sites/ministerio-salud-publica/files/2024-03/ELEPEM%20CERTIFICADOS%207-3-2024.pdf,ELEPEM CERTIFICADOS 7-3-2024.pdf,063/2021,Montevideo,,Residencial En Cñia,Av Horacio Acosta y Lara 7286,Av Horacio Acosta y Lara,7286,,,,063/2021,2021,Montevideo,,
MSPR-064-2021,ELP-0810,msp_certificado_registro_historico,Certificados de registro ELEPEM emitidos 2017-marzo 2024,2021,https://www.gub.uy/ministerio-salud-publica/sites/ministerio-salud-publica/files/2024-03/ELEPEM%20CERTIFICADOS%207-3-2024.pdf,ELEPEM CERTIFICADOS 7-3-2024.pdf,064/2021,Treinta y Tres,,Residencial Josefa Olascoaga,Manuel Lavalleja 1063,Manuel Lavalleja,1063,,,,064/2021,2021,Treinta y Tres,,
MSPR-065-2021,ELP-0085,msp_certificado_registro_historico,Certificados de registro ELEPEM emitidos 2017-marzo 2024,2021,https://www.gub.uy/ministerio-salud-publica/sites/ministerio-salud-publica/files/2024-03/ELEPEM%20CERTIFICADOS%207-3-2024.pdf,ELEPEM CERTIFICADOS 7-3-2024.pdf,065/2021,Canelones,,"Residencial Rincon de los abuelos Costa Rica y Nicaragua Chalet El Remanso Eudoxio Vivas s/n Brasil 750 Marco Bruto 1213 Dr. Arregui 352 Ceibal 404 Av. Pedragosa Sierra y el Havre, padrón 7084 Calderón de la Barca, Solar 1, manzana 83, barrio Jardines de Córdoba Hugo de los Santos Recarte 1284 AV. Bvar Artigas 4101 Waldemar Hansen 1764 Hilario Ascasubi 4114 Nuble Gonzalez Olaza s/n Coquimbo 2309 Cesar Mayo Gutierrez 161 Salto 1176 Rambla Rep de Mexico 5913 18 de julio 1283 Juan Carlos Blanco 3362 Roman Guerra 724 Tenerife esq. Prado Alberdi 6250 Sosa Bernadet 475 Luis A de Herrera 2720 Batalla de las Piedras 232 Instrucciones 947 Bvar España 2516 Luis Cavia 2996 Echevarriarza 3456 Sarandi 1236 Av Agraciada 3080 Veracierto 2787 Agraciada 2405 Ruta 11 km 148,500 Ramon Anador 3481 Margarita 5707 Av Garzon 973 Asilo 3479 26 de marzo 3322 Av Horacio Acosta y Lara 7286 Manuel Lavalleja 1063 Juan de Dios Peza 1920",Juan de Dios Peza 1920 Punta del Este Lascano Salto Montevideo Salto Pan de Azúcar Punta del Este Punta del Este Montevideo Montevideo Montevideo Montevideo San Carlos Montevideo Ciudad de la Paz Montevideo Montevideo Soriano Montevideo Maldonado Punta del Este Montevideo Sarandi del Yi Montevideo Ciudad de Durazno Montevideo Montevideo Montevideo Montevideo Ciudad de Paysandu Montevideo Montevideo Montevideo San Jacinto Montevideo Montevideo Montevideo Montevideo Montevideo Montevideo Treinta y Tres Montevideo,Juan de Dios Peza,1920 Punta del Este Lascano Salto Montevideo Salto Pan de Azúcar Punta del Este Punta del Este Montevideo Montevideo Montevideo Montevideo San Carlos Montevideo Ciudad de la Paz Montevideo Montevideo Soriano Montevideo Maldonado Punta del Este Montevideo Sarandi del Yi Montevideo Ciudad de Durazno Montevideo Montevideo Montevideo Montevideo Ciudad de Paysandu Montevideo Montevideo Montevideo San Jacinto Montevideo Montevideo Montevideo Montevideo Montevideo Montevideo Treinta,,,,065/2021,2021,Montevideo Dr Federico de la Rosa Dr Sandro Martinez Dra Vivian Finozzi Dr Dardo Roldan Dra Irene Pejo Dr Horacio Villagran Dra Julieta Arnaiz Dr Dayron Armando León Fuentes Dr Dardo Roldan Dr. Rodrigo Boibo Dra Odaliz Lopez Dra Soledad González Dra Gabriela Pérez Dr Alejandro Morelli Dra Anahi Acosta Dr. Rodrigo Rodriguez Dr Claudio Valiente Dra Carolina Bonifacio Dra Magali Chaparro Dra Mercedes Mendez Dr Neris Garcia Dr Alejandro Morelli Dr Anuar Martinez Dra Maria Fernandez Dra Maria Isabel Da Rosa Dra Alice Leites Dra Cristina Quinteros Dra Cristina Quinteros Dra Cristina Quinteros Dr Bernardo Irigaray Dr Federico Bonilla Dr Hugo de los Santos Dra Natalia Cestau Dra Mary Isabel Solòrzano Dr Gustavo de los Santos Dr Cesar Orlando Zamora Dr Alvaro Miller Dra Silvia Guerreros Dra Lourdes Tellechea Dr Alberto Federico Dibbern Dra Maria Gimena Rey Dr Carlos Puig Dra Maria del Rosario,,
MSPR-066-2021,ELP-0074,msp_certificado_registro_historico,Certificados de registro ELEPEM emitidos 2017-marzo 2024,2021,https://www.gub.uy/ministerio-salud-publica/sites/ministerio-salud-publica/files/2024-03/ELEPEM%20CERTIFICADOS%207-3-2024.pdf,ELEPEM CERTIFICADOS 7-3-2024.pdf,066/2021,Canelones,Pque Del Plata,Residencial El Solis,Rbla Costanera esq. Florencio Sanchez,Rbla Costanera esq. Florencio Sanchez,,,,,066/2021,2021,Calvete,,
MSPR-067-2021,ELP-0173,msp_certificado_registro_historico,Certificados de registro ELEPEM emitidos 2017-marzo 2024,2021,https://www.gub.uy/ministerio-salud-publica/sites/ministerio-salud-publica/files/2024-03/ELEPEM%20CERTIFICADOS%207-3-2024.pdf,ELEPEM CERTIFICADOS 7-3-2024.pdf,067/2021,Flores,Ciudad De Trinidad,Residencial WANA,SANTISIMA TRINIDAD 683,SANTISIMA TRINIDAD,683,,,,067/2021,2021,Dra Laura de Leon,,
MSPR-068-2021,ELP-0104,msp_certificado_registro_historico,Certificados de registro ELEPEM emitidos 2017-marzo 2024,2021,https://www.gub.uy/ministerio-salud-publica/sites/ministerio-salud-publica/files/2024-03/ELEPEM%20CERTIFICADOS%207-3-2024.pdf,ELEPEM CERTIFICADOS 7-3-2024.pdf,068/2021,Colonia,Juan Lacaze,Residencial Arbol de la Vida,Juana Campomar 131,Juana Campomar,131,,,,068/2021,2021,Dra Mariana Gonzalez,,
MSPR-069-2021,ELP-0641,msp_certificado_registro_historico,Certificados de registro ELEPEM emitidos 2017-marzo 2024,2021,https://www.gub.uy/ministerio-salud-publica/sites/ministerio-salud-publica/files/2024-03/ELEPEM%20CERTIFICADOS%207-3-2024.pdf,ELEPEM CERTIFICADOS 7-3-2024.pdf,069/2021,Montevideo,Montevideo,Residencial Saint Remy,Jose Marti 3118/3124,Jose Marti,3118/3124,,,,069/2021,2021,Dra Adriana Schopfer,,
MSPR-070-2021,ELP-0623,msp_certificado_registro_historico,Certificados de registro ELEPEM emitidos 2017-marzo 2024,2021,https://www.gub.uy/ministerio-salud-publica/sites/ministerio-salud-publica/files/2024-03/ELEPEM%20CERTIFICADOS%207-3-2024.pdf,ELEPEM CERTIFICADOS 7-3-2024.pdf,070/2021,Montevideo,Montevideo,Residencial Mi Lourdes,Vidaurreta 331,Vidaurreta,331,,,,070/2021,2021,Dra Dahianna Boyadjian,,
MSPR-071-2021,ELP-0263,msp_certificado_registro_historico,Certificados de registro ELEPEM emitidos 2017-marzo 2024,2021,https://www.gub.uy/ministerio-salud-publica/sites/ministerio-salud-publica/files/2024-03/ELEPEM%20CERTIFICADOS%207-3-2024.pdf,ELEPEM CERTIFICADOS 7-3-2024.pdf,071/2021,Maldonado,Montevideo,Residencial SAS,Luis de la Torre 712,Luis de la Torre,712,,,,071/2021,2021,Dra Natalia Cusati,,
MSPR-072-2021,ELP-0023,msp_certificado_registro_historico,Certificados de registro ELEPEM emitidos 2017-marzo 2024,2021,https://www.gub.uy/ministerio-salud-publica/sites/ministerio-salud-publica/files/2024-03/ELEPEM%20CERTIFICADOS%207-3-2024.pdf,ELEPEM CERTIFICADOS 7-3-2024.pdf,072/2021,Canelones,La Paz,Residencial En Flia,Gral Artigas 281,Gral Artigas,281,,,,072/2021,2021,Dra Anahi Costa,,
MSPR-073-2021,ELP-0718,msp_certificado_registro_historico,Certificados de registro ELEPEM emitidos 2017-marzo 2024,2021,https://www.gub.uy/ministerio-salud-publica/sites/ministerio-salud-publica/files/2024-03/ELEPEM%20CERTIFICADOS%207-3-2024.pdf,ELEPEM CERTIFICADOS 7-3-2024.pdf,073/2021,Paysandú,Paysandu,Residencial Enrique Chaplin,Av. Enrique Chaplin s/n,Av. Enrique Chaplin,S/N,,,,073/2021,2021,Dr. Javier Poinachik,,
MSPR-074-2021,ELP-0628,msp_certificado_registro_historico,Certificados de registro ELEPEM emitidos 2017-marzo 2024,2021,https://www.gub.uy/ministerio-salud-publica/sites/ministerio-salud-publica/files/2024-03/ELEPEM%20CERTIFICADOS%207-3-2024.pdf,ELEPEM CERTIFICADOS 7-3-2024.pdf,074/2021,Montevideo,Montevideo,Residencial Nuestro Sueño,Av de la Aljaba 3973,Av de la Aljaba,3973,,,,074/2021,2021,Dra Sandra Burgues,,
MSPR-075-2021,ELP-0312,msp_certificado_registro_historico,Certificados de registro ELEPEM emitidos 2017-marzo 2024,2021,https://www.gub.uy/ministerio-salud-publica/sites/ministerio-salud-publica/files/2024-03/ELEPEM%20CERTIFICADOS%207-3-2024.pdf,ELEPEM CERTIFICADOS 7-3-2024.pdf,075/2021,Montevideo,Montevideo,Residencial Babel,Mariano Uriarte 6537,Mariano Uriarte,6537,,,,075/2021,2021,Dra Luciana Beron,,
MSPR-076-2021,ELP-0423,msp_certificado_registro_historico,Certificados de registro ELEPEM emitidos 2017-marzo 2024,2021,https://www.gub.uy/ministerio-salud-publica/sites/ministerio-salud-publica/files/2024-03/ELEPEM%20CERTIFICADOS%207-3-2024.pdf,ELEPEM CERTIFICADOS 7-3-2024.pdf,076/2021,Montevideo,Montevideo,Residencial Historias de Vida,Juan Maria Perez 2785,Juan Maria Perez,2785,,,,076/2021,2021,Dr Nèstor Fabian Molina,,
MSPR-077-2021,ELP-0574,msp_certificado_registro_historico,Certificados de registro ELEPEM emitidos 2017-marzo 2024,2021,https://www.gub.uy/ministerio-salud-publica/sites/ministerio-salud-publica/files/2024-03/ELEPEM%20CERTIFICADOS%207-3-2024.pdf,ELEPEM CERTIFICADOS 7-3-2024.pdf,077/2021,Montevideo,Montevideo,Residencial Asociación Uuguaya del A. Mayor,Caldern de la Barca 1978,Caldern de la Barca,1978,,,,077/2021,2021,Dra Andrea Barreneche,,
MSPR-078-2021,ELP-0432,msp_certificado_registro_historico,Certificados de registro ELEPEM emitidos 2017-marzo 2024,2021,https://www.gub.uy/ministerio-salud-publica/sites/ministerio-salud-publica/files/2024-03/ELEPEM%20CERTIFICADOS%207-3-2024.pdf,ELEPEM CERTIFICADOS 7-3-2024.pdf,078/2021,Montevideo,Montevideo,Residencial Hogar Dulce Hogar,Dr Manuel Albo 2733,Dr Manuel Albo,2733,,,,078/2021,2021,Dra Rosina Guerra Amorin,,
MSPR-079-2021,ELP-0591,msp_certificado_registro_historico,Certificados de registro ELEPEM emitidos 2017-marzo 2024,2021,https://www.gub.uy/ministerio-salud-publica/sites/ministerio-salud-publica/files/2024-03/ELEPEM%20CERTIFICADOS%207-3-2024.pdf,ELEPEM CERTIFICADOS 7-3-2024.pdf,079/2021,Montevideo,Montevideo,Residencial Doña Angelita,Gregorio Mas 179,Gregorio Mas,179,,,,079/2021,2021,Dra Maria Teresa Scianni,,
MSPR-080-2021,ELP-0420,msp_certificado_registro_historico,Certificados de registro ELEPEM emitidos 2017-marzo 2024,2021,https://www.gub.uy/ministerio-salud-publica/sites/ministerio-salud-publica/files/2024-03/ELEPEM%20CERTIFICADOS%207-3-2024.pdf,ELEPEM CERTIFICADOS 7-3-2024.pdf,080/2021,Montevideo,Montevideo,Residencial Hebert Leiva,Camino Carlos A. Lopez 3944,Camino Carlos A. Lopez,3944,,,,080/2021,2021,Dra Sandra Burgues,,
MSPR-081-2021,ELP-0052,msp_certificado_registro_historico,Certificados de registro ELEPEM emitidos 2017-marzo 2024,2021,https://www.gub.uy/ministerio-salud-publica/sites/ministerio-salud-publica/files/2024-03/ELEPEM%20CERTIFICADOS%207-3-2024.pdf,ELEPEM CERTIFICADOS 7-3-2024.pdf,081/2021,Canelones,Ciudad de la Costa,Residencial Rochelle,De Estio esq. Circunvalaciòn del Uruguay,De Estio esq. Circunvalaciòn del Uruguay,,,,,081/2021,2021,Dr Alejandro Morelli,,
MSPR-082-2021,ELP-0313,msp_certificado_registro_historico,Certificados de registro ELEPEM emitidos 2017-marzo 2024,2021,https://www.gub.uy/ministerio-salud-publica/sites/ministerio-salud-publica/files/2024-03/ELEPEM%20CERTIFICADOS%207-3-2024.pdf,ELEPEM CERTIFICADOS 7-3-2024.pdf,082/2021,Montevideo,Montevideo,Residencial Basilea Suites,Bolivia 1338,Bolivia,1338,,,,082/2021,2021,Dr Martin Villar,,
MSPR-083-2021,ELP-0077,msp_certificado_registro_historico,Certificados de registro ELEPEM emitidos 2017-marzo 2024,2021,https://www.gub.uy/ministerio-salud-publica/sites/ministerio-salud-publica/files/2024-03/ELEPEM%20CERTIFICADOS%207-3-2024.pdf,ELEPEM CERTIFICADOS 7-3-2024.pdf,083/2021,Canelones,Las Piedras,Residencial Hogar San Vicente de Paul,Julio Sosa 674,Julio Sosa,674,,,,083/2021,2021,Dra Rosana Bragagnola,,
MSPR-084-2021,ELP-0342,msp_certificado_registro_historico,Certificados de registro ELEPEM emitidos 2017-marzo 2024,2021,https://www.gub.uy/ministerio-salud-publica/sites/ministerio-salud-publica/files/2024-03/ELEPEM%20CERTIFICADOS%207-3-2024.pdf,ELEPEM CERTIFICADOS 7-3-2024.pdf,084/2021,Montevideo,Montevideo,Residencial Cecilia,Fray Bentos 3689,Fray Bentos,3689,,,,084/2021,2021,Dr Cesar Ferreira,,
MSPR-085-2021,ELP-0179,msp_certificado_registro_historico,Certificados de registro ELEPEM emitidos 2017-marzo 2024,2021,https://www.gub.uy/ministerio-salud-publica/sites/ministerio-salud-publica/files/2024-03/ELEPEM%20CERTIFICADOS%207-3-2024.pdf,ELEPEM CERTIFICADOS 7-3-2024.pdf,085/2021,Florida,Florida,Residencial Guazù Roga,Dr. Gonzalez 696,Dr. Gonzalez,696,,,,085/2021,2021,Dr.Fernando Botta,,
MSPR-086-2021,ELP-0366,msp_certificado_registro_historico,Certificados de registro ELEPEM emitidos 2017-marzo 2024,2021,https://www.gub.uy/ministerio-salud-publica/sites/ministerio-salud-publica/files/2024-03/ELEPEM%20CERTIFICADOS%207-3-2024.pdf,ELEPEM CERTIFICADOS 7-3-2024.pdf,086/2021,Montevideo,Montevideo,Residencial De los Pocitos,Echevarriarza 3333,Echevarriarza,3333,,,,086/2021,2021,Dra Matilde Salsamendi,,
MSPR-087-2021,ELP-0621,msp_certificado_registro_historico,Certificados de registro ELEPEM emitidos 2017-marzo 2024,2021,https://www.gub.uy/ministerio-salud-publica/sites/ministerio-salud-publica/files/2024-03/ELEPEM%20CERTIFICADOS%207-3-2024.pdf,ELEPEM CERTIFICADOS 7-3-2024.pdf,087/2021,Montevideo,Montevideo,Residencial Memory House,Presidente. Berro 2673,Presidente. Berro,2673,,,,087/2021,2021,Dra Maria Leticia Pagani,,
MSPR-088-2021,ELP-0743,msp_certificado_registro_historico,Certificados de registro ELEPEM emitidos 2017-marzo 2024,2021,https://www.gub.uy/ministerio-salud-publica/sites/ministerio-salud-publica/files/2024-03/ELEPEM%20CERTIFICADOS%207-3-2024.pdf,ELEPEM CERTIFICADOS 7-3-2024.pdf,088/2021,Salto,Salto Ciudad de Santa,Residencial Armonia,Osimani y Llerena 69,Osimani y Llerena,69,,,,088/2021,2021,Dr Marcos Garcia,,
MSPR-089-2021,ELP-0071,msp_certificado_registro_historico,Certificados de registro ELEPEM emitidos 2017-marzo 2024,2021,https://www.gub.uy/ministerio-salud-publica/sites/ministerio-salud-publica/files/2024-03/ELEPEM%20CERTIFICADOS%207-3-2024.pdf,ELEPEM CERTIFICADOS 7-3-2024.pdf,089/2021,Canelones,Lucia,Residencial Brasil,Brasil 106,Brasil,106,,,,089/2021,2021,Dra. Maiquel Prestes,,
MSPR-090-2021,ELP-0170,msp_certificado_registro_historico,Certificados de registro ELEPEM emitidos 2017-marzo 2024,2021,https://www.gub.uy/ministerio-salud-publica/sites/ministerio-salud-publica/files/2024-03/ELEPEM%20CERTIFICADOS%207-3-2024.pdf,ELEPEM CERTIFICADOS 7-3-2024.pdf,090/2021,Flores,Trinidad Ciudad de Sarandi,Residencial San Josè,Puig 679,Puig,679,,,,090/2021,2021,Dra Ana Bidegain,,
MSPR-091-2021,ELP-0181,msp_certificado_registro_historico,Certificados de registro ELEPEM emitidos 2017-marzo 2024,2021,https://www.gub.uy/ministerio-salud-publica/sites/ministerio-salud-publica/files/2024-03/ELEPEM%20CERTIFICADOS%207-3-2024.pdf,ELEPEM CERTIFICADOS 7-3-2024.pdf,091/2021,Florida,Gde,Residencial Hogar Dr. Alfredo San Juan,Faustino Harrison s/n,Faustino Harrison,S/N,,,,091/2021,2021,Dra Araceli Perez,,
MSPR-092-2021,ELP-0335,msp_certificado_registro_historico,Certificados de registro ELEPEM emitidos 2017-marzo 2024,2021,https://www.gub.uy/ministerio-salud-publica/sites/ministerio-salud-publica/files/2024-03/ELEPEM%20CERTIFICADOS%207-3-2024.pdf,ELEPEM CERTIFICADOS 7-3-2024.pdf,092/2021,Montevideo,Montevideo,Residencial Casa Flora,French 1726,French,1726,,,,092/2021,2021,Dra Rosana Quintan,,
MSPR-093-2021,ELP-0276,msp_certificado_registro_historico,Certificados de registro ELEPEM emitidos 2017-marzo 2024,2021,https://www.gub.uy/ministerio-salud-publica/sites/ministerio-salud-publica/files/2024-03/ELEPEM%20CERTIFICADOS%207-3-2024.pdf,ELEPEM CERTIFICADOS 7-3-2024.pdf,093/2021,Montevideo,Montevideo,Residencial Abuela Julia 2,Piccioli 2875,Piccioli,2875,,,,093/2021,2021,Dra Dahianna Boyadjian,,
MSPR-094-2021,ELP-0373,msp_certificado_registro_historico,Certificados de registro ELEPEM emitidos 2017-marzo 2024,2021,https://www.gub.uy/ministerio-salud-publica/sites/ministerio-salud-publica/files/2024-03/ELEPEM%20CERTIFICADOS%207-3-2024.pdf,ELEPEM CERTIFICADOS 7-3-2024.pdf,094/2021,Montevideo,Montevideo,Residencial Doña Juana,Fco Simon 2416,Fco Simon,2416,,,,094/2021,2021,Dra Maria Cristina Arotce,,
MSPR-095-2021,ELP-0500,msp_certificado_registro_historico,Certificados de registro ELEPEM emitidos 2017-marzo 2024,2021,https://www.gub.uy/ministerio-salud-publica/sites/ministerio-salud-publica/files/2024-03/ELEPEM%20CERTIFICADOS%207-3-2024.pdf,ELEPEM CERTIFICADOS 7-3-2024.pdf,095/2021,Montevideo,Montevideo,Residencial Laura Pingaro,Ignacio Nuñez 2346,Ignacio Nuñez,2346,,,,095/2021,2021,Dra Damairis Izquierdo,,
MSPR-096-2021,ELP-0028,msp_certificado_registro_historico,Certificados de registro ELEPEM emitidos 2017-marzo 2024,2021,https://www.gub.uy/ministerio-salud-publica/sites/ministerio-salud-publica/files/2024-03/ELEPEM%20CERTIFICADOS%207-3-2024.pdf,ELEPEM CERTIFICADOS 7-3-2024.pdf,096/2021,Canelones,San Jacinto,Residencial Hogar Ana Arriola de Ado,RUTA 7 KM 52.800,RUTA 7,Km 52.800,,,,096/2021,2021,Dr. Fernando Gonzalez Insua,,
MSPR-097-2021,ELP-0305,msp_certificado_registro_historico,Certificados de registro ELEPEM emitidos 2017-marzo 2024,2021,https://www.gub.uy/ministerio-salud-publica/sites/ministerio-salud-publica/files/2024-03/ELEPEM%20CERTIFICADOS%207-3-2024.pdf,ELEPEM CERTIFICADOS 7-3-2024.pdf,097/2021,Montevideo,Montevideo,Residencial Àrbol de la Vida,Tomas Villalba 3281,Tomas Villalba,3281,,,,097/2021,2021,Dra Adriana Schopfer,,
MSPR-098-2021,ELP-0500,msp_certificado_registro_historico,Certificados de registro ELEPEM emitidos 2017-marzo 2024,2021,https://www.gub.uy/ministerio-salud-publica/sites/ministerio-salud-publica/files/2024-03/ELEPEM%20CERTIFICADOS%207-3-2024.pdf,ELEPEM CERTIFICADOS 7-3-2024.pdf,098/2021,Montevideo,Montevideo,Residencial Lenoble,Ignacio Nuñez 2346,Ignacio Nuñez,2346,,,,098/2021,2021,Dra Damairis Izquierdo,,
MSPR-099-2021,ELP-0414,msp_certificado_registro_historico,Certificados de registro ELEPEM emitidos 2017-marzo 2024,2021,https://www.gub.uy/ministerio-salud-publica/sites/ministerio-salud-publica/files/2024-03/ELEPEM%20CERTIFICADOS%207-3-2024.pdf,ELEPEM CERTIFICADOS 7-3-2024.pdf,099/2021,Montevideo,Montevideo,Residencial Girasoles,Soca 1361,Soca,1361,,,,099/2021,2021,Dr Eduardo Clavijo,,
MSPR-100-2021,ELP-0594,msp_certificado_registro_historico,Certificados de registro ELEPEM emitidos 2017-marzo 2024,2021,https://www.gub.uy/ministerio-salud-publica/sites/ministerio-salud-publica/files/2024-03/ELEPEM%20CERTIFICADOS%207-3-2024.pdf,ELEPEM CERTIFICADOS 7-3-2024.pdf,100/2021,Montevideo,Montevideo,Residencial El Encanto,Gaetan 964,Gaetan,964,,,,100/2021,2021,Dr Adriana Schopfer,,
MSPR-101-2021,ELP-0573,msp_certificado_registro_historico,Certificados de registro ELEPEM emitidos 2017-marzo 2024,2021,https://www.gub.uy/ministerio-salud-publica/sites/ministerio-salud-publica/files/2024-03/ELEPEM%20CERTIFICADOS%207-3-2024.pdf,ELEPEM CERTIFICADOS 7-3-2024.pdf,101/2021,Montevideo,Montevideo,Residencial Altos de Rosell,Dolores Pereira de Rosell 1502,Dolores Pereira de Rosell,1502,,,,101/2021,2021,Dra Anita Abdò,,
MSPR-102-2021,ELP-0616,msp_certificado_registro_historico,Certificados de registro ELEPEM emitidos 2017-marzo 2024,2021,https://www.gub.uy/ministerio-salud-publica/sites/ministerio-salud-publica/files/2024-03/ELEPEM%20CERTIFICADOS%207-3-2024.pdf,ELEPEM CERTIFICADOS 7-3-2024.pdf,102/2021,Montevideo,Montevideo,Residencial Luna D Argento,Rivera 7122,Rivera,7122,,,,102/2021,2021,Dra Graciela Fadol,,
MSPR-103-2021,ELP-0639,msp_certificado_registro_historico,Certificados de registro ELEPEM emitidos 2017-marzo 2024,2021,https://www.gub.uy/ministerio-salud-publica/sites/ministerio-salud-publica/files/2024-03/ELEPEM%20CERTIFICADOS%207-3-2024.pdf,ELEPEM CERTIFICADOS 7-3-2024.pdf,103/2021,Montevideo,Montevideo,Residencial Rincon de Luz Cuatro,Rambla Rep Chile 4469,Rambla Rep Chile,4469,,,,103/2021,2021,Dra Diana Bertoche,,
MSPR-104-2021,ELP-0640,msp_certificado_registro_historico,Certificados de registro ELEPEM emitidos 2017-marzo 2024,2021,https://www.gub.uy/ministerio-salud-publica/sites/ministerio-salud-publica/files/2024-03/ELEPEM%20CERTIFICADOS%207-3-2024.pdf,ELEPEM CERTIFICADOS 7-3-2024.pdf,104/2021,Montevideo,Montevideo,Residencial Rincon de luz,Soca 1588,Soca,1588,,,,104/2021,2021,Dra Diana Bertoche,,
MSPR-105-2021,ELP-0443,msp_certificado_registro_historico,Certificados de registro ELEPEM emitidos 2017-marzo 2024,2021,https://www.gub.uy/ministerio-salud-publica/sites/ministerio-salud-publica/files/2024-03/ELEPEM%20CERTIFICADOS%207-3-2024.pdf,ELEPEM CERTIFICADOS 7-3-2024.pdf,105/2021,Montevideo,Montevideo,Residencial Nazareth,Av Italia 3780,Av Italia,3780,,,,105/2021,2021,Dr Fernando Labanca,,
MSPR-106-2021,ELP-0602,msp_certificado_registro_historico,Certificados de registro ELEPEM emitidos 2017-marzo 2024,2021,https://www.gub.uy/ministerio-salud-publica/sites/ministerio-salud-publica/files/2024-03/ELEPEM%20CERTIFICADOS%207-3-2024.pdf,ELEPEM CERTIFICADOS 7-3-2024.pdf,106/2021,Montevideo,Montevideo,Residencial Habitus,Av Brasil 2637,Av Brasil,2637,,,,106/2021,2021,Dra Patricia Oficialdegui,,
MSPR-107-2021,ELP-0577,msp_certificado_registro_historico,Certificados de registro ELEPEM emitidos 2017-marzo 2024,2021,https://www.gub.uy/ministerio-salud-publica/sites/ministerio-salud-publica/files/2024-03/ELEPEM%20CERTIFICADOS%207-3-2024.pdf,ELEPEM CERTIFICADOS 7-3-2024.pdf,107/2021,Montevideo,Montevideo,Residencial Calor Humano I,Juan Ramon Gomez 2778,Juan Ramon Gomez,2778,,,,107/2021,2021,Dr Fernando Labanca,,
MSPR-108-2021,ELP-0578,msp_certificado_registro_historico,Certificados de registro ELEPEM emitidos 2017-marzo 2024,2021,https://www.gub.uy/ministerio-salud-publica/sites/ministerio-salud-publica/files/2024-03/ELEPEM%20CERTIFICADOS%207-3-2024.pdf,ELEPEM CERTIFICADOS 7-3-2024.pdf,108/2021,Montevideo,Montevideo Colonia del,Residencial Calor Humano II,Antonio Lenoble 3317,Antonio Lenoble,3317,,,,108/2021,2021,Dr Fernando Labanca,,
MSPR-109-2021,ELP-0139,msp_certificado_registro_historico,Certificados de registro ELEPEM emitidos 2017-marzo 2024,2021,https://www.gub.uy/ministerio-salud-publica/sites/ministerio-salud-publica/files/2024-03/ELEPEM%20CERTIFICADOS%207-3-2024.pdf,ELEPEM CERTIFICADOS 7-3-2024.pdf,109/2021,Colonia,Sacramento,Residencial Adriana Alvarez,Colonia 288,Colonia,288,,,,109/2021,2021,Dra. Roxana Batista,,
MSPR-110-2021,ELP-0172,msp_certificado_registro_historico,Certificados de registro ELEPEM emitidos 2017-marzo 2024,2021,https://www.gub.uy/ministerio-salud-publica/sites/ministerio-salud-publica/files/2024-03/ELEPEM%20CERTIFICADOS%207-3-2024.pdf,ELEPEM CERTIFICADOS 7-3-2024.pdf,110/2021,Flores,Trinidad,Residencial Tea Garden,Brasil 484,Brasil,484,,,,110/2021,2021,Dra Veronica Gonzalez,,
MSPR-111-2021,ELP-0415,msp_certificado_registro_historico,Certificados de registro ELEPEM emitidos 2017-marzo 2024,2021,https://www.gub.uy/ministerio-salud-publica/sites/ministerio-salud-publica/files/2024-03/ELEPEM%20CERTIFICADOS%207-3-2024.pdf,ELEPEM CERTIFICADOS 7-3-2024.pdf,111/2021,Montevideo,Montevideo,Residencial Las dos Hermanas,Pernas 2571,Pernas,2571,,,,111/2021,2021,Dr Federico Bonilla,,
MSPR-112-2021,ELP-0667,msp_certificado_registro_historico,Certificados de registro ELEPEM emitidos 2017-marzo 2024,2021,https://www.gub.uy/ministerio-salud-publica/sites/ministerio-salud-publica/files/2024-03/ELEPEM%20CERTIFICADOS%207-3-2024.pdf,ELEPEM CERTIFICADOS 7-3-2024.pdf,112/2021,Montevideo,Montevideo,Residencial Zuich,Luis A de Herrera 3943,Luis A de Herrera,3943,,,,112/2021,2021,Dr.Alejandro Morelli,,
MSPR-113-2021,ELP-0383,msp_certificado_registro_historico,Certificados de registro ELEPEM emitidos 2017-marzo 2024,2021,https://www.gub.uy/ministerio-salud-publica/sites/ministerio-salud-publica/files/2024-03/ELEPEM%20CERTIFICADOS%207-3-2024.pdf,ELEPEM CERTIFICADOS 7-3-2024.pdf,113/2021,Montevideo,Montevideo Ciudad de la Costa,El Atardecer,Agraciada 3567,Agraciada,3567,,,,113/2021,2021,Dra Mariela Fernandez,,
MSPR-114-2021,ELP-0013,msp_certificado_registro_historico,Certificados de registro ELEPEM emitidos 2017-marzo 2024,2021,https://www.gub.uy/ministerio-salud-publica/sites/ministerio-salud-publica/files/2024-03/ELEPEM%20CERTIFICADOS%207-3-2024.pdf,ELEPEM CERTIFICADOS 7-3-2024.pdf,114/2021,Canelones,balneario EL,Dra Teresita,"Viña del mar, manzana 16, Solar 27","Viña del mar, manzana","16, Solar 27",,,,114/2021,2021,Dra Jaqueline Zorrilla,,
MSPR-115-2021,ELP-0030,msp_certificado_registro_historico,Certificados de registro ELEPEM emitidos 2017-marzo 2024,2021,https://www.gub.uy/ministerio-salud-publica/sites/ministerio-salud-publica/files/2024-03/ELEPEM%20CERTIFICADOS%207-3-2024.pdf,ELEPEM CERTIFICADOS 7-3-2024.pdf,115/2021,Canelones,Shangrilà,Hogar Ana Maria y Beatriz IZQUIERDO / Susana Izquierdo,"Gianattasio 2 manzana 2, Solar 2",Gianattasio,"2 manzana 2, Solar 2",,,,115/2021,2021,Dra Paola Crossa,,
MSPR-116-2021,ELP-0111,msp_certificado_registro_historico,Certificados de registro ELEPEM emitidos 2017-marzo 2024,2021,https://www.gub.uy/ministerio-salud-publica/sites/ministerio-salud-publica/files/2024-03/ELEPEM%20CERTIFICADOS%207-3-2024.pdf,ELEPEM CERTIFICADOS 7-3-2024.pdf,116/2021,Colonia,Colonia,Don Àngel,Arroyo 723,Arroyo,723,,,,116/2021,2021,Dr Jonathan Larahan,,
MSPR-117-2021,ELP-0684,msp_certificado_registro_historico,Certificados de registro ELEPEM emitidos 2017-marzo 2024,2021,https://www.gub.uy/ministerio-salud-publica/sites/ministerio-salud-publica/files/2024-03/ELEPEM%20CERTIFICADOS%207-3-2024.pdf,ELEPEM CERTIFICADOS 7-3-2024.pdf,117/2021,Montevideo,Montevideo,Segunda Juventud,Camino MALDONADO 5034,Camino MALDONADO,5034,,,,117/2021,2021,Dra Rossana Dornell DRA ALESSANDRA,,
MSPR-001-2022,ELP-0209,msp_certificado_registro_historico,Certificados de registro ELEPEM emitidos 2017-marzo 2024,2022,https://www.gub.uy/ministerio-salud-publica/sites/ministerio-salud-publica/files/2024-03/ELEPEM%20CERTIFICADOS%207-3-2024.pdf,ELEPEM CERTIFICADOS 7-3-2024.pdf,001/2022,Maldonado,Pta del Este,ARTEMISA,RODO S/N,RODO,S/N,,,,001/2022,2022,CHIOSSONI,,
MSPR-002-2022,ELP-0058,msp_certificado_registro_historico,Certificados de registro ELEPEM emitidos 2017-marzo 2024,2022,https://www.gub.uy/ministerio-salud-publica/sites/ministerio-salud-publica/files/2024-03/ELEPEM%20CERTIFICADOS%207-3-2024.pdf,ELEPEM CERTIFICADOS 7-3-2024.pdf,002/2022,Canelones,BARROS BLANCOS,MALLET,RUTA 8 Y RUTA 74. INTENDENTE RIVERA S/N,RUTA,8 Y RUTA 74. INTENDENTE RIVERA S/N,,,,002/2022,2022,DR HEBERT PERDOMO,,
MSPR-003-2022,ELP-0426,msp_certificado_registro_historico,Certificados de registro ELEPEM emitidos 2017-marzo 2024,2022,https://www.gub.uy/ministerio-salud-publica/sites/ministerio-salud-publica/files/2024-03/ELEPEM%20CERTIFICADOS%207-3-2024.pdf,ELEPEM CERTIFICADOS 7-3-2024.pdf,003/2022,Montevideo,MONTEVIDEO,OBRA CULTURAL SOCIAL ALEMANA,CAMINO LAS TORTOLITAS 6500,CAMINO LAS TORTOLITAS,6500,,,,003/2022,2022,DR FERNANDO TRIANÒN,,
MSPR-004-2022,ELP-0763,msp_certificado_registro_historico,Certificados de registro ELEPEM emitidos 2017-marzo 2024,2022,https://www.gub.uy/ministerio-salud-publica/sites/ministerio-salud-publica/files/2024-03/ELEPEM%20CERTIFICADOS%207-3-2024.pdf,ELEPEM CERTIFICADOS 7-3-2024.pdf,004/2022,San José,DEL PLATA,EMANUEL,"AV.CALCAGNO,MANZANA 6 SOLAR 1, SANTA VICTORIA","AV.CALCAGNO,MANZANA","6 SOLAR 1, SANTA VICTORIA",,,,004/2022,2022,DRA PATRICIA HERNANDEZ,,
MSPR-005-2022,ELP-0772,msp_certificado_registro_historico,Certificados de registro ELEPEM emitidos 2017-marzo 2024,2022,https://www.gub.uy/ministerio-salud-publica/sites/ministerio-salud-publica/files/2024-03/ELEPEM%20CERTIFICADOS%207-3-2024.pdf,ELEPEM CERTIFICADOS 7-3-2024.pdf,005/2022,San José,SAN JOSE,HOGAR DEL ALBA,LUIS B.BERRES 845,LUIS B.BERRES,845,,,,005/2022,2022,DRA GLADYS RODRIGUEZ,,
MSPR-006-2022,ELP-0430,msp_certificado_registro_historico,Certificados de registro ELEPEM emitidos 2017-marzo 2024,2022,https://www.gub.uy/ministerio-salud-publica/sites/ministerio-salud-publica/files/2024-03/ELEPEM%20CERTIFICADOS%207-3-2024.pdf,ELEPEM CERTIFICADOS 7-3-2024.pdf,006/2022,Montevideo,MONTEVIDEO,HOGAR DE ABUELOS,BRAZO LARGO 3773,BRAZO LARGO,3773,,,,006/2022,2022,DR. ALEJANDRO MORELLI,,
MSPR-007-2022,ELP-0382,msp_certificado_registro_historico,Certificados de registro ELEPEM emitidos 2017-marzo 2024,2022,https://www.gub.uy/ministerio-salud-publica/sites/ministerio-salud-publica/files/2024-03/ELEPEM%20CERTIFICADOS%207-3-2024.pdf,ELEPEM CERTIFICADOS 7-3-2024.pdf,007/2022,Montevideo,MONTEVIDEO,EL ABUELO EN SU CASA,CLEMENTE CESAR 2312,CLEMENTE CESAR,2312,,,,007/2022,2022,DRA ADRIANA FEOLA,,
MSPR-008-2022,ELP-0214,msp_certificado_registro_historico,Certificados de registro ELEPEM emitidos 2017-marzo 2024,2022,https://www.gub.uy/ministerio-salud-publica/sites/ministerio-salud-publica/files/2024-03/ELEPEM%20CERTIFICADOS%207-3-2024.pdf,ELEPEM CERTIFICADOS 7-3-2024.pdf,008/2022,Maldonado,Pta del Este,EL ALBA,GIBRALTAR ENTRE AV FRANCIA Y DUERO,GIBRALTAR ENTRE AV FRANCIA Y DUERO,,,,,008/2022,2022,DRA. VIRGINIA GÒMEZ,,
MSPR-009-2022,ELP-0427,msp_certificado_registro_historico,Certificados de registro ELEPEM emitidos 2017-marzo 2024,2022,https://www.gub.uy/ministerio-salud-publica/sites/ministerio-salud-publica/files/2024-03/ELEPEM%20CERTIFICADOS%207-3-2024.pdf,ELEPEM CERTIFICADOS 7-3-2024.pdf,009/2022,Montevideo,MONTEVIDEO EL PINAR CIUDAD DE,HOGAR SCHIAFFINO,PEDRO TRAPANI 1197,PEDRO TRAPANI,1197,,,,009/2022,2022,DR FERNANDO LABANCA,,
MSPR-010-2022,ELP-0043,msp_certificado_registro_historico,Certificados de registro ELEPEM emitidos 2017-marzo 2024,2022,https://www.gub.uy/ministerio-salud-publica/sites/ministerio-salud-publica/files/2024-03/ELEPEM%20CERTIFICADOS%207-3-2024.pdf,ELEPEM CERTIFICADOS 7-3-2024.pdf,010/2022,Canelones,LA COSTA,LA AURORA,"AV.GRAL ARTIGAS, MANZANA 90, SOLAR 19","AV.GRAL ARTIGAS, MANZANA","90, SOLAR 19",,,,010/2022,2022,DRA. LILIAN MACHADO,,
MSPR-011-2022,ELP-0692,msp_certificado_registro_historico,Certificados de registro ELEPEM emitidos 2017-marzo 2024,2022,https://www.gub.uy/ministerio-salud-publica/sites/ministerio-salud-publica/files/2024-03/ELEPEM%20CERTIFICADOS%207-3-2024.pdf,ELEPEM CERTIFICADOS 7-3-2024.pdf,011/2022,Montevideo,MONTEVIDEO COLONIA DEL,TALCAHUANO,TALCAHUANO 3226,TALCAHUANO,3226,,,,011/2022,2022,DRA . MARTA ARRIOLA,,
MSPR-012-2022,ELP-0144,msp_certificado_registro_historico,Certificados de registro ELEPEM emitidos 2017-marzo 2024,2022,https://www.gub.uy/ministerio-salud-publica/sites/ministerio-salud-publica/files/2024-03/ELEPEM%20CERTIFICADOS%207-3-2024.pdf,ELEPEM CERTIFICADOS 7-3-2024.pdf,012/2022,Colonia,SACRAMENTO,SACRAMENTO,CAMINO LAGUNA 21203,CAMINO LAGUNA,21203,,,,012/2022,2022,DR. MARTIN POLLIFORNI,,
MSPR-013-2022,ELP-0321,msp_certificado_registro_historico,Certificados de registro ELEPEM emitidos 2017-marzo 2024,2022,https://www.gub.uy/ministerio-salud-publica/sites/ministerio-salud-publica/files/2024-03/ELEPEM%20CERTIFICADOS%207-3-2024.pdf,ELEPEM CERTIFICADOS 7-3-2024.pdf,013/2022,Montevideo,MONTEVIDEO,BOULEVARD,BVAR. ARTIGAS 3028,BVAR. ARTIGAS,3028,,,,013/2022,2022,DRA.ALICE LEITES,,
MSPR-014-2022,ELP-0527,msp_certificado_registro_historico,Certificados de registro ELEPEM emitidos 2017-marzo 2024,2022,https://www.gub.uy/ministerio-salud-publica/sites/ministerio-salud-publica/files/2024-03/ELEPEM%20CERTIFICADOS%207-3-2024.pdf,ELEPEM CERTIFICADOS 7-3-2024.pdf,014/2022,Montevideo,MONTEVIDEO,MI CASA,RAMON MARQUEZ 3069,RAMON MARQUEZ,3069,,,,014/2022,2022,DR.LUIS SPOSITO,,
MSPR-015-2022,ELP-0559,msp_certificado_registro_historico,Certificados de registro ELEPEM emitidos 2017-marzo 2024,2022,https://www.gub.uy/ministerio-salud-publica/sites/ministerio-salud-publica/files/2024-03/ELEPEM%20CERTIFICADOS%207-3-2024.pdf,ELEPEM CERTIFICADOS 7-3-2024.pdf,015/2022,Montevideo,MONTEVIDEO,PERLITA “S,CAMINO CASTRO 535,CAMINO CASTRO,535,,,,015/2022,2022,DR. MAURICIO HIDALGO,,
MSPR-016-2022,ELP-0720,msp_certificado_registro_historico,Certificados de registro ELEPEM emitidos 2017-marzo 2024,2022,https://www.gub.uy/ministerio-salud-publica/sites/ministerio-salud-publica/files/2024-03/ELEPEM%20CERTIFICADOS%207-3-2024.pdf,ELEPEM CERTIFICADOS 7-3-2024.pdf,016/2022,Paysandú,PAYSANDU,Residencia MARIA CAROLINA,BVAR ARTIGAS 2800,BVAR ARTIGAS,2800,,,,016/2022,2022,DR. DAVID CARRERA,,
MSPR-017-2022,ELP-0036,msp_certificado_registro_historico,Certificados de registro ELEPEM emitidos 2017-marzo 2024,2022,https://www.gub.uy/ministerio-salud-publica/sites/ministerio-salud-publica/files/2024-03/ELEPEM%20CERTIFICADOS%207-3-2024.pdf,ELEPEM CERTIFICADOS 7-3-2024.pdf,017/2022,Canelones,CANELONES,HOGAR MARANATA,"JUANA DE IBARBOURU 256, SOLAR 25 ESQ CALLE 3",JUANA DE IBARBOURU,"256, SOLAR 25 ESQ CALLE 3",,,,017/2022,2022,DR. DANILO GONZALEZ DRA. MARIA JOSÈ,,
MSPR-018-2022,ELP-0409,msp_certificado_registro_historico,Certificados de registro ELEPEM emitidos 2017-marzo 2024,2022,https://www.gub.uy/ministerio-salud-publica/sites/ministerio-salud-publica/files/2024-03/ELEPEM%20CERTIFICADOS%207-3-2024.pdf,ELEPEM CERTIFICADOS 7-3-2024.pdf,018/2022,Montevideo,MONTEVIDEO,FUNACION ALGARROBO,PALMAR 2560,PALMAR,2560,,,,018/2022,2022,SOLÒRZANO,,
MSPR-019-2022,ELP-0497,msp_certificado_registro_historico,Certificados de registro ELEPEM emitidos 2017-marzo 2024,2022,https://www.gub.uy/ministerio-salud-publica/sites/ministerio-salud-publica/files/2024-03/ELEPEM%20CERTIFICADOS%207-3-2024.pdf,ELEPEM CERTIFICADOS 7-3-2024.pdf,019/2022,Montevideo,MONTEVIDEO,LE PARC,SOCA 1595,SOCA,1595,,,,019/2022,2022,DRA. ADRIANA SCHOPFER,,
MSPR-020-2022,ELP-0526,msp_certificado_registro_historico,Certificados de registro ELEPEM emitidos 2017-marzo 2024,2022,https://www.gub.uy/ministerio-salud-publica/sites/ministerio-salud-publica/files/2024-03/ELEPEM%20CERTIFICADOS%207-3-2024.pdf,ELEPEM CERTIFICADOS 7-3-2024.pdf,020/2022,Montevideo,MONTEVIDEO,MEMORY HOUSE,8 DE OCTUBRE 2563,,8 DE OCTUBRE 2563,,,,020/2022,2022,DRA ALICIA MENÈNDEZ,,
MSPR-021-2022,ELP-0509,msp_certificado_registro_historico,Certificados de registro ELEPEM emitidos 2017-marzo 2024,2022,https://www.gub.uy/ministerio-salud-publica/sites/ministerio-salud-publica/files/2024-03/ELEPEM%20CERTIFICADOS%207-3-2024.pdf,ELEPEM CERTIFICADOS 7-3-2024.pdf,021/2022,Montevideo,MONTEVIDEO,LOS MILAGROS DE MARIA ANGELICA,ALSACIA 3741,ALSACIA,3741,,,,021/2022,2022,DR.GERMÀN FORNOS,,
MSPR-022-2022,ELP-0356,msp_certificado_registro_historico,Certificados de registro ELEPEM emitidos 2017-marzo 2024,2022,https://www.gub.uy/ministerio-salud-publica/sites/ministerio-salud-publica/files/2024-03/ELEPEM%20CERTIFICADOS%207-3-2024.pdf,ELEPEM CERTIFICADOS 7-3-2024.pdf,022/2022,Montevideo,MONTEVIDEO,CLUB DE ABUELOS DEL PRADO,AV.AGRACIADA 3705,AV.AGRACIADA,3705,,,,022/2022,2022,DRA. ANDREA BARRENECHE,,
MSPR-023-2022,ELP-0381,msp_certificado_registro_historico,Certificados de registro ELEPEM emitidos 2017-marzo 2024,2022,https://www.gub.uy/ministerio-salud-publica/sites/ministerio-salud-publica/files/2024-03/ELEPEM%20CERTIFICADOS%207-3-2024.pdf,ELEPEM CERTIFICADOS 7-3-2024.pdf,023/2022,Montevideo,MONTEVIDEO,EDÈN CERRO,TURQUÌA 3326,TURQUÌA,3326,,,,023/2022,2022,DRA. ARACELI TASHJIÀN,,
MSPR-024-2022,ELP-0384,msp_certificado_registro_historico,Certificados de registro ELEPEM emitidos 2017-marzo 2024,2022,https://www.gub.uy/ministerio-salud-publica/sites/ministerio-salud-publica/files/2024-03/ELEPEM%20CERTIFICADOS%207-3-2024.pdf,ELEPEM CERTIFICADOS 7-3-2024.pdf,024/2022,Montevideo,MONTEVIDEO,EL COLIBRÌ,GRECIA 3919,GRECIA,3919,,,,024/2022,2022,DRA. DAMAIRIS IZQUIERDO,,
MSPR-025-2022,ELP-0336,msp_certificado_registro_historico,Certificados de registro ELEPEM emitidos 2017-marzo 2024,2022,https://www.gub.uy/ministerio-salud-publica/sites/ministerio-salud-publica/files/2024-03/ELEPEM%20CERTIFICADOS%207-3-2024.pdf,ELEPEM CERTIFICADOS 7-3-2024.pdf,025/2022,Montevideo,MONTEVIDEO,CASA LOS TILOS,DANIEL ZORRILLA 5446,DANIEL ZORRILLA,5446,,,,025/2022,2022,DRA.SANDRA BURGUES,,
MSPR-026-2022,ELP-0057,msp_certificado_registro_historico,Certificados de registro ELEPEM emitidos 2017-marzo 2024,2022,https://www.gub.uy/ministerio-salud-publica/sites/ministerio-salud-publica/files/2024-03/ELEPEM%20CERTIFICADOS%207-3-2024.pdf,ELEPEM CERTIFICADOS 7-3-2024.pdf,026/2022,Canelones,CANELONES,LUZ DEL SOL,MANZANA 58 SOLAR 5,MANZANA,58 SOLAR 5,,,,026/2022,2022,DR. ANDRES NEVES,,
MSPR-027-2022,ELP-0045,msp_certificado_registro_historico,Certificados de registro ELEPEM emitidos 2017-marzo 2024,2022,https://www.gub.uy/ministerio-salud-publica/sites/ministerio-salud-publica/files/2024-03/ELEPEM%20CERTIFICADOS%207-3-2024.pdf,ELEPEM CERTIFICADOS 7-3-2024.pdf,027/2022,Canelones,CANELONES CIUDAD DE LA,LA CAROLINA,"GUSTAVO NICOLICH, MANZANA 105 , SOLAR 3, COLONIA NICOLICH","GUSTAVO NICOLICH, MANZANA","105 , SOLAR 3, COLONIA NICOLICH",,,,027/2022,2022,DR. ANDRES NEVES,,
MSPR-028-2022,ELP-0012,msp_certificado_registro_historico,Certificados de registro ELEPEM emitidos 2017-marzo 2024,2022,https://www.gub.uy/ministerio-salud-publica/sites/ministerio-salud-publica/files/2024-03/ELEPEM%20CERTIFICADOS%207-3-2024.pdf,ELEPEM CERTIFICADOS 7-3-2024.pdf,028/2022,Canelones,COSTA,CENTRO VITAL,"AV. GIANNATASIO MANZANA 14, SOLAR 3",AV. GIANNATASIO MANZANA,"14, SOLAR 3",,,,028/2022,2022,DR. ANDRES NEVES,,
MSPR-029-2022,ELP-0416,msp_certificado_registro_historico,Certificados de registro ELEPEM emitidos 2017-marzo 2024,2022,https://www.gub.uy/ministerio-salud-publica/sites/ministerio-salud-publica/files/2024-03/ELEPEM%20CERTIFICADOS%207-3-2024.pdf,ELEPEM CERTIFICADOS 7-3-2024.pdf,029/2022,Montevideo,MONTEVIDEO,GLADYS GODOY,E. COMPTE Y RIQUE 1327,E. COMPTE Y RIQUE,1327,,,,029/2022,2022,DR CESAR FERREIRA,,
MSPR-030-2022,ELP-0683,msp_certificado_registro_historico,Certificados de registro ELEPEM emitidos 2017-marzo 2024,2022,https://www.gub.uy/ministerio-salud-publica/sites/ministerio-salud-publica/files/2024-03/ELEPEM%20CERTIFICADOS%207-3-2024.pdf,ELEPEM CERTIFICADOS 7-3-2024.pdf,030/2022,Montevideo,MONTEVIDEO,SEGUNDA JUVENTUD,8 DE OCTUBRE 4635,,8 DE OCTUBRE 4635,,,,030/2022,2022,DRA. ROSSANA DORNELL,,
MSPR-031-2022,ELP-0796,msp_certificado_registro_historico,Certificados de registro ELEPEM emitidos 2017-marzo 2024,2022,https://www.gub.uy/ministerio-salud-publica/sites/ministerio-salud-publica/files/2024-03/ELEPEM%20CERTIFICADOS%207-3-2024.pdf,ELEPEM CERTIFICADOS 7-3-2024.pdf,031/2022,Soriano,SANTA CATALINA,SANTA CATALINA,ANGEL CERIANI S/N,ANGEL CERIANI,S/N,,,,031/2022,2022,DRA. MATILDE CASTRO,,
MSPR-032-2022,ELP-0391,msp_certificado_registro_historico,Certificados de registro ELEPEM emitidos 2017-marzo 2024,2022,https://www.gub.uy/ministerio-salud-publica/sites/ministerio-salud-publica/files/2024-03/ELEPEM%20CERTIFICADOS%207-3-2024.pdf,ELEPEM CERTIFICADOS 7-3-2024.pdf,032/2022,Montevideo,MONTEVIDEO,HOGAR EMPATIA,HIPOLITO IRIGOYEN 1482,HIPOLITO IRIGOYEN,1482,,,,032/2022,2022,DRA. MARIA FERNANDEZ,,
MSPR-033-2022,ELP-0010,msp_certificado_registro_historico,Certificados de registro ELEPEM emitidos 2017-marzo 2024,2022,https://www.gub.uy/ministerio-salud-publica/sites/ministerio-salud-publica/files/2024-03/ELEPEM%20CERTIFICADOS%207-3-2024.pdf,ELEPEM CERTIFICADOS 7-3-2024.pdf,033/2022,Canelones,LOS CERRILLOS,CASA DE CAMPO LA CASONA,"RUTA 36, KM 37",RUTA 36,Km 37,,,,033/2022,2022,DRA. YARDENA PEREIRA,,
MSPR-034-2022,ELP-0273,msp_certificado_registro_historico,Certificados de registro ELEPEM emitidos 2017-marzo 2024,2022,https://www.gub.uy/ministerio-salud-publica/sites/ministerio-salud-publica/files/2024-03/ELEPEM%20CERTIFICADOS%207-3-2024.pdf,ELEPEM CERTIFICADOS 7-3-2024.pdf,034/2022,Montevideo,MONTEVIDEO,RESIDENCIAL ABRAS,ENRIQUE MARTINEZ 2269,ENRIQUE MARTINEZ,2269,,,,034/2022,2022,DR. ALEJANDRO WAJNER,,
MSPR-035-2022,ELP-0293,msp_certificado_registro_historico,Certificados de registro ELEPEM emitidos 2017-marzo 2024,2022,https://www.gub.uy/ministerio-salud-publica/sites/ministerio-salud-publica/files/2024-03/ELEPEM%20CERTIFICADOS%207-3-2024.pdf,ELEPEM CERTIFICADOS 7-3-2024.pdf,035/2022,Montevideo,MONTEVIDEO,ALTOS DE PARQUE II,RICALDONI 1716,RICALDONI,1716,,,,035/2022,2022,DRA. CARLA DI CANDIA,,
MSPR-036-2022,ELP-0761,msp_certificado_registro_historico,Certificados de registro ELEPEM emitidos 2017-marzo 2024,2022,https://www.gub.uy/ministerio-salud-publica/sites/ministerio-salud-publica/files/2024-03/ELEPEM%20CERTIFICADOS%207-3-2024.pdf,ELEPEM CERTIFICADOS 7-3-2024.pdf,036/2022,San José,ECILDA PAULLIER,EL REX,PEDRO DEGIOVANÀNGELO 1706,PEDRO DEGIOVANÀNGELO,1706,,,,036/2022,2022,DRA. ANABELLA HERNANDEZ,,
MSPR-037-2022,ELP-0358,msp_certificado_registro_historico,Certificados de registro ELEPEM emitidos 2017-marzo 2024,2022,https://www.gub.uy/ministerio-salud-publica/sites/ministerio-salud-publica/files/2024-03/ELEPEM%20CERTIFICADOS%207-3-2024.pdf,ELEPEM CERTIFICADOS 7-3-2024.pdf,037/2022,Montevideo,MONTEVIDEO,COMO ANTES,JUSTO ARÈCHAGA 3285,JUSTO ARÈCHAGA,3285,,,,037/2022,2022,DR. FRANCISCO VIDAL DRA ROSINA GUERRA,,
MSPR-038-2022,ELP-0324,msp_certificado_registro_historico,Certificados de registro ELEPEM emitidos 2017-marzo 2024,2022,https://www.gub.uy/ministerio-salud-publica/sites/ministerio-salud-publica/files/2024-03/ELEPEM%20CERTIFICADOS%207-3-2024.pdf,ELEPEM CERTIFICADOS 7-3-2024.pdf,038/2022,Montevideo,MONTEVIDEO,CALA,PRUDENCIO PENA 2521,PRUDENCIO PENA,2521,,,,038/2022,2022,AMORIN DR.MAURICIO BALADAN,,
MSPR-039-2022,ELP-0457,msp_certificado_registro_historico,Certificados de registro ELEPEM emitidos 2017-marzo 2024,2022,https://www.gub.uy/ministerio-salud-publica/sites/ministerio-salud-publica/files/2024-03/ELEPEM%20CERTIFICADOS%207-3-2024.pdf,ELEPEM CERTIFICADOS 7-3-2024.pdf,039/2022,Montevideo,MONTEVIDEO,KALA,CARABELA 3511,CARABELA,3511,,,,039/2022,2022,PINTOS DRA.MARIA VICTORIA,,
MSPR-040-2022,ELP-0542,msp_certificado_registro_historico,Certificados de registro ELEPEM emitidos 2017-marzo 2024,2022,https://www.gub.uy/ministerio-salud-publica/sites/ministerio-salud-publica/files/2024-03/ELEPEM%20CERTIFICADOS%207-3-2024.pdf,ELEPEM CERTIFICADOS 7-3-2024.pdf,040/2022,Montevideo,MONTEVIDEO,NEW HOME,SURRACO 2461,SURRACO,2461,,,,040/2022,2022,COLMAN,,
MSPR-041-2022,ELP-0499,msp_certificado_registro_historico,Certificados de registro ELEPEM emitidos 2017-marzo 2024,2022,https://www.gub.uy/ministerio-salud-publica/sites/ministerio-salud-publica/files/2024-03/ELEPEM%20CERTIFICADOS%207-3-2024.pdf,ELEPEM CERTIFICADOS 7-3-2024.pdf,041/2022,Montevideo,MONTEVIDEO,LE SOLEIL,P. DE MARIA 1584,P. DE MARIA,1584,,,,041/2022,2022,DRA TANIA IVANOFF,,
MSPR-042-2022,ELP-0282,msp_certificado_registro_historico,Certificados de registro ELEPEM emitidos 2017-marzo 2024,2022,https://www.gub.uy/ministerio-salud-publica/sites/ministerio-salud-publica/files/2024-03/ELEPEM%20CERTIFICADOS%207-3-2024.pdf,ELEPEM CERTIFICADOS 7-3-2024.pdf,042/2022,Montevideo,MONTEVIDEO,AIRES DEL PARQUE,P.CAMPBELL 1527,P.CAMPBELL,1527,,,,042/2022,2022,DR.RODRIGO BOIBO,,
MSPR-043-2022,ELP-0283,msp_certificado_registro_historico,Certificados de registro ELEPEM emitidos 2017-marzo 2024,2022,https://www.gub.uy/ministerio-salud-publica/sites/ministerio-salud-publica/files/2024-03/ELEPEM%20CERTIFICADOS%207-3-2024.pdf,ELEPEM CERTIFICADOS 7-3-2024.pdf,043/2022,Montevideo,MONTEVIDEO,AIRES DEL PRADO,ALEJANDRO FIOL DE PEREDA 1102,ALEJANDRO FIOL DE PEREDA,1102,,,,043/2022,2022,DR.RODRIGO BOIBO,,
MSPR-044-2022,ELP-0341,msp_certificado_registro_historico,Certificados de registro ELEPEM emitidos 2017-marzo 2024,2022,https://www.gub.uy/ministerio-salud-publica/sites/ministerio-salud-publica/files/2024-03/ELEPEM%20CERTIFICADOS%207-3-2024.pdf,ELEPEM CERTIFICADOS 7-3-2024.pdf,044/2022,Montevideo,MONTEVIDEO,CAYETANO,COMERCIO 2149,COMERCIO,2149,,,,044/2022,2022,DRA YAILET RAMIREZ,,
MSPR-045-2022,ELP-0476,msp_certificado_registro_historico,Certificados de registro ELEPEM emitidos 2017-marzo 2024,2022,https://www.gub.uy/ministerio-salud-publica/sites/ministerio-salud-publica/files/2024-03/ELEPEM%20CERTIFICADOS%207-3-2024.pdf,ELEPEM CERTIFICADOS 7-3-2024.pdf,045/2022,Montevideo,MONTEVIDEO,LA TERRAZA SOCIEDAD CIVIL,ELLAURI 728,ELLAURI,728,,,,045/2022,2022,DR. ALEJANDRO WAJNER,,
MSPR-046-2022,ELP-0336,msp_certificado_registro_historico,Certificados de registro ELEPEM emitidos 2017-marzo 2024,2022,https://www.gub.uy/ministerio-salud-publica/sites/ministerio-salud-publica/files/2024-03/ELEPEM%20CERTIFICADOS%207-3-2024.pdf,ELEPEM CERTIFICADOS 7-3-2024.pdf,046/2022,Montevideo,MONTEVIDEO,CASA LOS TILOS,DANIEL ZORRILLA 5446,DANIEL ZORRILLA,5446,,,,046/2022,2022,DRA. SANDRA BURGUES,,
MSPR-047-2022,ELP-0523,msp_certificado_registro_historico,Certificados de registro ELEPEM emitidos 2017-marzo 2024,2022,https://www.gub.uy/ministerio-salud-publica/sites/ministerio-salud-publica/files/2024-03/ELEPEM%20CERTIFICADOS%207-3-2024.pdf,ELEPEM CERTIFICADOS 7-3-2024.pdf,047/2022,Montevideo,MONTEVIDEO,MEDITERRÀNEO,LEONEL AGUIRRE 6515,LEONEL AGUIRRE,6515,,,,047/2022,2022,DRA ÁLVARO DANIEL MILLER,,
MSPR-048-2022,ELP-0048,msp_certificado_registro_historico,Certificados de registro ELEPEM emitidos 2017-marzo 2024,2022,https://www.gub.uy/ministerio-salud-publica/sites/ministerio-salud-publica/files/2024-03/ELEPEM%20CERTIFICADOS%207-3-2024.pdf,ELEPEM CERTIFICADOS 7-3-2024.pdf,048/2022,Canelones,CANELONES,LA ESTANCIA,MARIA STAGNERO DE MUNAR S/N,MARIA STAGNERO DE MUNAR,S/N,,,,048/2022,2022,DRA NATALIA VALLARINO,,
MSPR-049-2022,ELP-0274,msp_certificado_registro_historico,Certificados de registro ELEPEM emitidos 2017-marzo 2024,2022,https://www.gub.uy/ministerio-salud-publica/sites/ministerio-salud-publica/files/2024-03/ELEPEM%20CERTIFICADOS%207-3-2024.pdf,ELEPEM CERTIFICADOS 7-3-2024.pdf,049/2022,Montevideo,MONTEVIDEO,ABUELA CHACHI,MARCONI 1500,MARCONI,1500,,,,049/2022,2022,DR GUSTAVO MIQUELERENA,,
MSPR-050-2022,ELP-0326,msp_certificado_registro_historico,Certificados de registro ELEPEM emitidos 2017-marzo 2024,2022,https://www.gub.uy/ministerio-salud-publica/sites/ministerio-salud-publica/files/2024-03/ELEPEM%20CERTIFICADOS%207-3-2024.pdf,ELEPEM CERTIFICADOS 7-3-2024.pdf,050/2022,Montevideo,MONTEVIDEO,CARRASCO HOME,RIVERA 7110,RIVERA,7110,,,,050/2022,2022,DRA SILVIA GUERREROS,,
MSPR-051-2022,ELP-0504,msp_certificado_registro_historico,Certificados de registro ELEPEM emitidos 2017-marzo 2024,2022,https://www.gub.uy/ministerio-salud-publica/sites/ministerio-salud-publica/files/2024-03/ELEPEM%20CERTIFICADOS%207-3-2024.pdf,ELEPEM CERTIFICADOS 7-3-2024.pdf,051/2022,Montevideo,MONTEVIDEO,LYZSHEYLE,SANTANA 1729,SANTANA,1729,,,,051/2022,2022,DRA JOSELYN BLOIS,,
MSPR-052-2022,ELP-0396,msp_certificado_registro_historico,Certificados de registro ELEPEM emitidos 2017-marzo 2024,2022,https://www.gub.uy/ministerio-salud-publica/sites/ministerio-salud-publica/files/2024-03/ELEPEM%20CERTIFICADOS%207-3-2024.pdf,ELEPEM CERTIFICADOS 7-3-2024.pdf,052/2022,Montevideo,MONTEVIDEO,EN FLIA,GRAL SANTANDER 1972,GRAL SANTANDER,1972,,,,052/2022,2022,DRA. ELAINE CONNIO,,
MSPR-053-2022,ELP-0535,msp_certificado_registro_historico,Certificados de registro ELEPEM emitidos 2017-marzo 2024,2022,https://www.gub.uy/ministerio-salud-publica/sites/ministerio-salud-publica/files/2024-03/ELEPEM%20CERTIFICADOS%207-3-2024.pdf,ELEPEM CERTIFICADOS 7-3-2024.pdf,053/2022,Montevideo,MONTEVIDEO,MIS ABUELOS,COMERCIO 2397,COMERCIO,2397,,,,053/2022,2022,DR HUGO DE LOS SANTOS DR WALTER SEBASTIAN,,
MSPR-054-2022,ELP-0385,msp_certificado_registro_historico,Certificados de registro ELEPEM emitidos 2017-marzo 2024,2022,https://www.gub.uy/ministerio-salud-publica/sites/ministerio-salud-publica/files/2024-03/ELEPEM%20CERTIFICADOS%207-3-2024.pdf,ELEPEM CERTIFICADOS 7-3-2024.pdf,054/2022,Montevideo,MONTEVIDEO,EL DESPERTAR,BVAR.ARTIGAS 2927,BVAR.ARTIGAS,2927,,,,054/2022,2022,CASTRO,,
MSPR-055-2022,ELP-0668,msp_certificado_registro_historico,Certificados de registro ELEPEM emitidos 2017-marzo 2024,2022,https://www.gub.uy/ministerio-salud-publica/sites/ministerio-salud-publica/files/2024-03/ELEPEM%20CERTIFICADOS%207-3-2024.pdf,ELEPEM CERTIFICADOS 7-3-2024.pdf,055/2022,Montevideo,MONTEVIDEO,RINCON DE LUZ,8 DE OCTUBRE 3203,,8 DE OCTUBRE 3203,,,,055/2022,2022,DRA. DIANA BERTOCHE,,
MSPR-056-2022,ELP-0668,msp_certificado_registro_historico,Certificados de registro ELEPEM emitidos 2017-marzo 2024,2022,https://www.gub.uy/ministerio-salud-publica/sites/ministerio-salud-publica/files/2024-03/ELEPEM%20CERTIFICADOS%207-3-2024.pdf,ELEPEM CERTIFICADOS 7-3-2024.pdf,056/2022,Montevideo,MONTEVIDEO,RINCON DE LUZ,8 DE OCTUBRE 3241,,8 DE OCTUBRE 3241,,,,056/2022,2022,DRA DIANA BERTOCHE,,
MSPR-057-2022,ELP-0520,msp_certificado_registro_historico,Certificados de registro ELEPEM emitidos 2017-marzo 2024,2022,https://www.gub.uy/ministerio-salud-publica/sites/ministerio-salud-publica/files/2024-03/ELEPEM%20CERTIFICADOS%207-3-2024.pdf,ELEPEM CERTIFICADOS 7-3-2024.pdf,057/2022,Montevideo,MONTEVIDEO,MARIA VIOLETA,BURGUES 2907,BURGUES,2907,,,,057/2022,2022,DRA. SYLVIA TAGLIABÚE,,
MSPR-058-2022,ELP-0530,msp_certificado_registro_historico,Certificados de registro ELEPEM emitidos 2017-marzo 2024,2022,https://www.gub.uy/ministerio-salud-publica/sites/ministerio-salud-publica/files/2024-03/ELEPEM%20CERTIFICADOS%207-3-2024.pdf,ELEPEM CERTIFICADOS 7-3-2024.pdf,058/2022,Montevideo,MONTEVIDEO,MI LUGAR,ANTONIO MARQUEZ 5224,ANTONIO MARQUEZ,5224,,,,058/2022,2022,DR. DIEGO PENA,,
MSPR-059-2022,ELP-0270,msp_certificado_registro_historico,Certificados de registro ELEPEM emitidos 2017-marzo 2024,2022,https://www.gub.uy/ministerio-salud-publica/sites/ministerio-salud-publica/files/2024-03/ELEPEM%20CERTIFICADOS%207-3-2024.pdf,ELEPEM CERTIFICADOS 7-3-2024.pdf,059/2022,Maldonado,MALDONADO,SAN MIGUEL,BOANES Y MAPUCHE S/N,BOANES Y MAPUCHE,S/N,,,,059/2022,2022,DR. ALFONSO LOPEZ,,
MSPR-060-2022,ELP-0208,msp_certificado_registro_historico,Certificados de registro ELEPEM emitidos 2017-marzo 2024,2022,https://www.gub.uy/ministerio-salud-publica/sites/ministerio-salud-publica/files/2024-03/ELEPEM%20CERTIFICADOS%207-3-2024.pdf,ELEPEM CERTIFICADOS 7-3-2024.pdf,060/2022,Maldonado,MALDONADO,5 SOLES,CUBA Y COLOMBIA,CUBA Y COLOMBIA,,,,,060/2022,2022,DRA. BRENDA CHAIRADA DRA.JULIETA SOLVEIG,,
MSPR-061-2022,ELP-0196,msp_certificado_registro_historico,Certificados de registro ELEPEM emitidos 2017-marzo 2024,2022,https://www.gub.uy/ministerio-salud-publica/sites/ministerio-salud-publica/files/2024-03/ELEPEM%20CERTIFICADOS%207-3-2024.pdf,ELEPEM CERTIFICADOS 7-3-2024.pdf,061/2022,Florida,FLORIDA,SAN EXPEDITO,"CAMINO DE LA COSTA KM 1, PADRON 4651",CAMINO DE LA COSTA KM,"1, PADRON 4651",,,,061/2022,2022,VIDELA,,
MSPR-062-2022,ELP-0318,msp_certificado_registro_historico,Certificados de registro ELEPEM emitidos 2017-marzo 2024,2022,https://www.gub.uy/ministerio-salud-publica/sites/ministerio-salud-publica/files/2024-03/ELEPEM%20CERTIFICADOS%207-3-2024.pdf,ELEPEM CERTIFICADOS 7-3-2024.pdf,062/2022,Montevideo,MONTEVIDEO COLONIA DEL,BLANES,BLANES 935,BLANES,935,,,,062/2022,2022,DRA. PAOLA CROSSA,,
MSPR-063-2022,ELP-0131,msp_certificado_registro_historico,Certificados de registro ELEPEM emitidos 2017-marzo 2024,2022,https://www.gub.uy/ministerio-salud-publica/sites/ministerio-salud-publica/files/2024-03/ELEPEM%20CERTIFICADOS%207-3-2024.pdf,ELEPEM CERTIFICADOS 7-3-2024.pdf,063/2022,Colonia,SACRAMENTO,LA MILAGROSA,ATANASIO SIERRA 603,ATANASIO SIERRA,603,,,,063/2022,2022,DR. MARTIN POLLIFRONI,,
MSPR-064-2022,ELP-0799,msp_certificado_registro_historico,Certificados de registro ELEPEM emitidos 2017-marzo 2024,2022,https://www.gub.uy/ministerio-salud-publica/sites/ministerio-salud-publica/files/2024-03/ELEPEM%20CERTIFICADOS%207-3-2024.pdf,ELEPEM CERTIFICADOS 7-3-2024.pdf,064/2022,Tacuarembó,PASO DE LOS TOROS,HOGAR ASOC CIVIL COMISION PRO BIENESTAR DEL ANCIANO DE PASO DE LOS TOROS,DR VICTOR ALVAREZ MENÈNDEZ S/N,DR VICTOR ALVAREZ MENÈNDEZ,S/N,,,,064/2022,2022,DRA. PAOLA RODRIGUEZ DRA. ANA CECILIA,,
MSPR-065-2022,ELP-0389,msp_certificado_registro_historico,Certificados de registro ELEPEM emitidos 2017-marzo 2024,2022,https://www.gub.uy/ministerio-salud-publica/sites/ministerio-salud-publica/files/2024-03/ELEPEM%20CERTIFICADOS%207-3-2024.pdf,ELEPEM CERTIFICADOS 7-3-2024.pdf,065/2022,Montevideo,MONTEVIDEO,EL REENCUENTRO,CAMINO VILLARÒN 4575,CAMINO VILLARÒN,4575,,,,065/2022,2022,FAGÚNDEZ DR. EDISON FEDERICO LUST,,
MSPR-066-2022,ELP-0779,msp_certificado_registro_historico,Certificados de registro ELEPEM emitidos 2017-marzo 2024,2022,https://www.gub.uy/ministerio-salud-publica/sites/ministerio-salud-publica/files/2024-03/ELEPEM%20CERTIFICADOS%207-3-2024.pdf,ELEPEM CERTIFICADOS 7-3-2024.pdf,066/2022,San José,SAN JOSÈ DE MAYO,RESIDENCIA ANDREA,18 DE JULIO 695,,18 DE JULIO 695,,,,066/2022,2022,RODRIGUEZ,,
MSPR-067-2022,ELP-0051,msp_certificado_registro_historico,Certificados de registro ELEPEM emitidos 2017-marzo 2024,2022,https://www.gub.uy/ministerio-salud-publica/sites/ministerio-salud-publica/files/2024-03/ELEPEM%20CERTIFICADOS%207-3-2024.pdf,ELEPEM CERTIFICADOS 7-3-2024.pdf,067/2022,Canelones,San Jacinto,LA QUINTA,"RUTA 11 KM 135,500 SAN JACINTO",RUTA 11,"Km 135,500",,,,067/2022,2022,DR. FERNANDO GONZÁLEZ,,
MSPR-068-2022,ELP-0740,msp_certificado_registro_historico,Certificados de registro ELEPEM emitidos 2017-marzo 2024,2022,https://www.gub.uy/ministerio-salud-publica/sites/ministerio-salud-publica/files/2024-03/ELEPEM%20CERTIFICADOS%207-3-2024.pdf,ELEPEM CERTIFICADOS 7-3-2024.pdf,068/2022,Salto,SALTO,HOME RESIDENCIAL S.A.S,JULIO DELGADO 40,JULIO DELGADO,40,,,,068/2022,2022,DRA. TANIA ROUX,,
MSPR-069-2022,ELP-0361,msp_certificado_registro_historico,Certificados de registro ELEPEM emitidos 2017-marzo 2024,2022,https://www.gub.uy/ministerio-salud-publica/sites/ministerio-salud-publica/files/2024-03/ELEPEM%20CERTIFICADOS%207-3-2024.pdf,ELEPEM CERTIFICADOS 7-3-2024.pdf,069/2022,Montevideo,MONTEVIDEO,COSTA DEL SOL,RIVERA 4831 esq 18 dic,RIVERA,4831,,,,069/2022,2022,DRA.VIRGINIA CUENCA,,
MSPR-070-2022,ELP-0551,msp_certificado_registro_historico,Certificados de registro ELEPEM emitidos 2017-marzo 2024,2022,https://www.gub.uy/ministerio-salud-publica/sites/ministerio-salud-publica/files/2024-03/ELEPEM%20CERTIFICADOS%207-3-2024.pdf,ELEPEM CERTIFICADOS 7-3-2024.pdf,070/2022,Montevideo,MONTEVIDEO,NUEVOS MOMENTOS,CHIAVARI 3188,CHIAVARI,3188,,,,070/2022,2022,DRA. ADRIANA SCHOPFER,,
MSPR-071-2022,ELP-0458,msp_certificado_registro_historico,Certificados de registro ELEPEM emitidos 2017-marzo 2024,2022,https://www.gub.uy/ministerio-salud-publica/sites/ministerio-salud-publica/files/2024-03/ELEPEM%20CERTIFICADOS%207-3-2024.pdf,ELEPEM CERTIFICADOS 7-3-2024.pdf,071/2022,Montevideo,MONTEVIDEO,KIMARA,CAMINO CARMELO COLMAN 6319,CAMINO CARMELO COLMAN,6319,,,,071/2022,2022,DRA ELIZABETH GIMÈNEZ,,
MSPR-072-2022,ELP-0225,msp_certificado_registro_historico,Certificados de registro ELEPEM emitidos 2017-marzo 2024,2022,https://www.gub.uy/ministerio-salud-publica/sites/ministerio-salud-publica/files/2024-03/ELEPEM%20CERTIFICADOS%207-3-2024.pdf,ELEPEM CERTIFICADOS 7-3-2024.pdf,072/2022,Maldonado,PTA DEL ESTE,LA CANDELARIA,MARTINIANO CHIOSSI Y FORT WAYNE,MARTINIANO CHIOSSI Y FORT WAYNE,,,,,072/2022,2022,DRA. SANDRA ELOSEGUI DRA ALEXANDRA,,
MSPR-073-2022,ELP-0099,msp_certificado_registro_historico,Certificados de registro ELEPEM emitidos 2017-marzo 2024,2022,https://www.gub.uy/ministerio-salud-publica/sites/ministerio-salud-publica/files/2024-03/ELEPEM%20CERTIFICADOS%207-3-2024.pdf,ELEPEM CERTIFICADOS 7-3-2024.pdf,073/2022,Cerro Largo,Melo,DULCE HOGAR ANEXO,AGUSTIN D E LA ROSA 687,AGUSTIN D E LA ROSA,687,,,,073/2022,2022,RODRIGUEZ DRA ALEXANDRA,,
MSPR-074-2022,ELP-0098,msp_certificado_registro_historico,Certificados de registro ELEPEM emitidos 2017-marzo 2024,2022,https://www.gub.uy/ministerio-salud-publica/sites/ministerio-salud-publica/files/2024-03/ELEPEM%20CERTIFICADOS%207-3-2024.pdf,ELEPEM CERTIFICADOS 7-3-2024.pdf,074/2022,Cerro Largo,Melo,DULCE HOGAR,DORROTEO NAVARRETE 510,DORROTEO NAVARRETE,510,,,,074/2022,2022,RODRIGUEZ,,
MSPR-075-2022,ELP-0214,msp_certificado_registro_historico,Certificados de registro ELEPEM emitidos 2017-marzo 2024,2022,https://www.gub.uy/ministerio-salud-publica/sites/ministerio-salud-publica/files/2024-03/ELEPEM%20CERTIFICADOS%207-3-2024.pdf,ELEPEM CERTIFICADOS 7-3-2024.pdf,075/2022,Maldonado,PTA DEL ESTE,EL ALBA,GIBRALTAR S/N ENTRE AV FRANCIA Y DUERO,GIBRALTAR,S/N,,,,075/2022,2022,DRA VIRGINIA GOMEZ,,
MSPR-076-2022,ELP-0239,msp_certificado_registro_historico,Certificados de registro ELEPEM emitidos 2017-marzo 2024,2022,https://www.gub.uy/ministerio-salud-publica/sites/ministerio-salud-publica/files/2024-03/ELEPEM%20CERTIFICADOS%207-3-2024.pdf,ELEPEM CERTIFICADOS 7-3-2024.pdf,076/2022,Maldonado,SAN CARLOS,MIS ABUELOS,CURBELO 685,CURBELO,685,,,,076/2022,2022,DRA GABRIELA PEREZ,,
MSPR-077-2022,ELP-0325,msp_certificado_registro_historico,Certificados de registro ELEPEM emitidos 2017-marzo 2024,2022,https://www.gub.uy/ministerio-salud-publica/sites/ministerio-salud-publica/files/2024-03/ELEPEM%20CERTIFICADOS%207-3-2024.pdf,ELEPEM CERTIFICADOS 7-3-2024.pdf,077/2022,Montevideo,MONTEVIDEO,CAMPODIMELE,ALEJANDRO FLEMING 1776,ALEJANDRO FLEMING,1776,,,,077/2022,2022,DR. HERNAN CERVETTO,,
MSPR-078-2022,ELP-0672,msp_certificado_registro_historico,Certificados de registro ELEPEM emitidos 2017-marzo 2024,2022,https://www.gub.uy/ministerio-salud-publica/sites/ministerio-salud-publica/files/2024-03/ELEPEM%20CERTIFICADOS%207-3-2024.pdf,ELEPEM CERTIFICADOS 7-3-2024.pdf,078/2022,Montevideo,MONTEVIDEO,SAINT MICHELLE,ALBERDI 6344,ALBERDI,6344,,,,078/2022,2022,DR. GUSTAVO RODRIGUEZ,,
MSPR-079-2022,ELP-0693,msp_certificado_registro_historico,Certificados de registro ELEPEM emitidos 2017-marzo 2024,2022,https://www.gub.uy/ministerio-salud-publica/sites/ministerio-salud-publica/files/2024-03/ELEPEM%20CERTIFICADOS%207-3-2024.pdf,ELEPEM CERTIFICADOS 7-3-2024.pdf,079/2022,Montevideo,MONTEVIDEO,TATA LUIS Y DOÑA LOLA,AYACUCHO 3409,AYACUCHO,3409,,,,079/2022,2022,DR. GERMAN FORNOS,,
MSPR-080-2022,ELP-0671,msp_certificado_registro_historico,Certificados de registro ELEPEM emitidos 2017-marzo 2024,2022,https://www.gub.uy/ministerio-salud-publica/sites/ministerio-salud-publica/files/2024-03/ELEPEM%20CERTIFICADOS%207-3-2024.pdf,ELEPEM CERTIFICADOS 7-3-2024.pdf,080/2022,Montevideo,MONTEVIDEO SALINAS / PINAMAR,ROSAS DEL PRADO,HERMANOS GIL 1023,HERMANOS GIL,1023,,,,080/2022,2022,DR.ALEJANDRO MORELLI,,
MSPR-081-2022,ELP-0061,msp_certificado_registro_historico,Certificados de registro ELEPEM emitidos 2017-marzo 2024,2022,https://www.gub.uy/ministerio-salud-publica/sites/ministerio-salud-publica/files/2024-03/ELEPEM%20CERTIFICADOS%207-3-2024.pdf,ELEPEM CERTIFICADOS 7-3-2024.pdf,081/2022,Canelones,SUR,MIS CONSENTIDOS,CALLE 8 ESQ. CALLE 15,CALLE,8 ESQ. CALLE 15,,,,081/2022,2022,DR. SERGIO LEAL DRA. MARIA ALEJANDRA,,
MSPR-082-2022,ELP-0433,msp_certificado_registro_historico,Certificados de registro ELEPEM emitidos 2017-marzo 2024,2022,https://www.gub.uy/ministerio-salud-publica/sites/ministerio-salud-publica/files/2024-03/ELEPEM%20CERTIFICADOS%207-3-2024.pdf,ELEPEM CERTIFICADOS 7-3-2024.pdf,082/2022,Montevideo,MONTEVIDEO,HOGAR ESPAÑOL,AV. DE LAS INSTRUCCIONES 981,AV. DE LAS INSTRUCCIONES,981,,,,082/2022,2022,TALICE. DRA. CAMILA MARIA,,
MSPR-083-2022,ELP-0706,msp_certificado_registro_historico,Certificados de registro ELEPEM emitidos 2017-marzo 2024,2022,https://www.gub.uy/ministerio-salud-publica/sites/ministerio-salud-publica/files/2024-03/ELEPEM%20CERTIFICADOS%207-3-2024.pdf,ELEPEM CERTIFICADOS 7-3-2024.pdf,083/2022,Montevideo,MONTEVIDEO,VILLA GUADALUPE,JUAN CARLOS BLANCO 3397,JUAN CARLOS BLANCO,3397,,,,083/2022,2022,NOVELLI,,
MSPR-084-2022,ELP-0055,msp_certificado_registro_historico,Certificados de registro ELEPEM emitidos 2017-marzo 2024,2022,https://www.gub.uy/ministerio-salud-publica/sites/ministerio-salud-publica/files/2024-03/ELEPEM%20CERTIFICADOS%207-3-2024.pdf,ELEPEM CERTIFICADOS 7-3-2024.pdf,084/2022,Canelones,SOLYMAR,LOS LAGOS,"LOS PINOS, MANZANA3,SOLAR 13","LOS PINOS, MANZANA","3,SOLAR 13",,,,084/2022,2022,DR. FERNANDO BONILLA,,
MSPR-085-2022,ELP-0068,msp_certificado_registro_historico,Certificados de registro ELEPEM emitidos 2017-marzo 2024,2022,https://www.gub.uy/ministerio-salud-publica/sites/ministerio-salud-publica/files/2024-03/ELEPEM%20CERTIFICADOS%207-3-2024.pdf,ELEPEM CERTIFICADOS 7-3-2024.pdf,085/2022,Canelones,CANELONES,PROCURA RESIDENCIAL EX BELLA ESTDIA,"AV GIANNATASSIO MANZANA 47, SOLAR 4",AV GIANNATASSIO MANZANA,"47, SOLAR 4",,,,085/2022,2022,DRA. DAIMARIS IZQUIERDO,,
MSPR-086-2022,ELP-0323,msp_certificado_registro_historico,Certificados de registro ELEPEM emitidos 2017-marzo 2024,2022,https://www.gub.uy/ministerio-salud-publica/sites/ministerio-salud-publica/files/2024-03/ELEPEM%20CERTIFICADOS%207-3-2024.pdf,ELEPEM CERTIFICADOS 7-3-2024.pdf,086/2022,Montevideo,MONTEVIDEO,BUENOS TIEMPOS,DR.ANTONIO ANZALONE 6263,DR.ANTONIO ANZALONE,6263,,,,086/2022,2022,DR. MIGUEL YAVARONE,,
MSPR-087-2022,ELP-0362,msp_certificado_registro_historico,Certificados de registro ELEPEM emitidos 2017-marzo 2024,2022,https://www.gub.uy/ministerio-salud-publica/sites/ministerio-salud-publica/files/2024-03/ELEPEM%20CERTIFICADOS%207-3-2024.pdf,ELEPEM CERTIFICADOS 7-3-2024.pdf,087/2022,Montevideo,MONTEVIDEO CIUDAD DE,CRANN BETHADH,MILLAN 3372,MILLAN,3372,,,,087/2022,2022,DR. ALICE LEITES,,
MSPR-088-2022,ELP-0762,msp_certificado_registro_historico,Certificados de registro ELEPEM emitidos 2017-marzo 2024,2022,https://www.gub.uy/ministerio-salud-publica/sites/ministerio-salud-publica/files/2024-03/ELEPEM%20CERTIFICADOS%207-3-2024.pdf,ELEPEM CERTIFICADOS 7-3-2024.pdf,088/2022,San José,LIBERTAD,ELBA,ARTIGAS 919,ARTIGAS,919,,,,088/2022,2022,DR. ANDRES SENA,,
MSPR-089-2022,ELP-0608,msp_certificado_registro_historico,Certificados de registro ELEPEM emitidos 2017-marzo 2024,2022,https://www.gub.uy/ministerio-salud-publica/sites/ministerio-salud-publica/files/2024-03/ELEPEM%20CERTIFICADOS%207-3-2024.pdf,ELEPEM CERTIFICADOS 7-3-2024.pdf,089/2022,Montevideo,MONTEVIDEO,RESIDENCIAL JESUS,JUJUY 2715,JUJUY,2715,,,,089/2022,2022,DRA ARACELY TASJIAN,,
MSPR-090-2022,ELP-0528,msp_certificado_registro_historico,Certificados de registro ELEPEM emitidos 2017-marzo 2024,2022,https://www.gub.uy/ministerio-salud-publica/sites/ministerio-salud-publica/files/2024-03/ELEPEM%20CERTIFICADOS%207-3-2024.pdf,ELEPEM CERTIFICADOS 7-3-2024.pdf,090/2022,Montevideo,MONTEVIDEO,MI ENCANTO,CMINO MANUEL FORTET 1904,CMINO MANUEL FORTET,1904,,,,090/2022,2022,DRA LEYLA PANELLI,,
MSPR-091-2022,ELP-0269,msp_certificado_registro_historico,Certificados de registro ELEPEM emitidos 2017-marzo 2024,2022,https://www.gub.uy/ministerio-salud-publica/sites/ministerio-salud-publica/files/2024-03/ELEPEM%20CERTIFICADOS%207-3-2024.pdf,ELEPEM CERTIFICADOS 7-3-2024.pdf,091/2022,Maldonado,PIRIAPOLIS CIUDAD DE LA,RIMAES,DEFENSA ESQ. URQUIZA,DEFENSA ESQ. URQUIZA,,,,,091/2022,2022,DR PABLO JULIANI,,
MSPR-092-2022,ELP-0046,msp_certificado_registro_historico,Certificados de registro ELEPEM emitidos 2017-marzo 2024,2022,https://www.gub.uy/ministerio-salud-publica/sites/ministerio-salud-publica/files/2024-03/ELEPEM%20CERTIFICADOS%207-3-2024.pdf,ELEPEM CERTIFICADOS 7-3-2024.pdf,092/2022,Canelones,COSTA,LA CASA NARANJA,MARISOL 1030 ESQ GESTIDO,MARISOL,1030 ESQ GESTIDO,,,,092/2022,2022,DRA NATALIA LAMAS,,
MSPR-093-2022,ELP-0033,msp_certificado_registro_historico,Certificados de registro ELEPEM emitidos 2017-marzo 2024,2022,https://www.gub.uy/ministerio-salud-publica/sites/ministerio-salud-publica/files/2024-03/ELEPEM%20CERTIFICADOS%207-3-2024.pdf,ELEPEM CERTIFICADOS 7-3-2024.pdf,093/2022,Canelones,LOS CERRILLOS KM 24 GIANNATASIO,HOGAR De Ancianos PUGA SORIA,LUIS A DE HERRERAS/N ENTRE RUTA 36 Y A. MACHIN,LUIS A DE HERRERAS/N ENTRE RUTA,36 Y A. MACHIN,,,,093/2022,2022,DRA YARDENA PEREIRA,,
MSPR-094-2022,ELP-0021,msp_certificado_registro_historico,Certificados de registro ELEPEM emitidos 2017-marzo 2024,2022,https://www.gub.uy/ministerio-salud-publica/sites/ministerio-salud-publica/files/2024-03/ELEPEM%20CERTIFICADOS%207-3-2024.pdf,ELEPEM CERTIFICADOS 7-3-2024.pdf,094/2022,Canelones,SUR,EL RENACER,"PINOS MANZ 2, SOLAR 7",PINOS MANZ,"2, SOLAR 7",,,,094/2022,2022,DRA PAULA VILA DRA MARYULY SAILY,,
MSPR-095-2022,ELP-0004,msp_certificado_registro_historico,Certificados de registro ELEPEM emitidos 2017-marzo 2024,2022,https://www.gub.uy/ministerio-salud-publica/sites/ministerio-salud-publica/files/2024-03/ELEPEM%20CERTIFICADOS%207-3-2024.pdf,ELEPEM CERTIFICADOS 7-3-2024.pdf,095/2022,Canelones,SAUCE,ANA DELGADO,RUTA 6 KM 37,RUTA 6,Km 37,,,,095/2022,2022,AREJULA,,
MSPR-096-2022,ELP-0368,msp_certificado_registro_historico,Certificados de registro ELEPEM emitidos 2017-marzo 2024,2022,https://www.gub.uy/ministerio-salud-publica/sites/ministerio-salud-publica/files/2024-03/ELEPEM%20CERTIFICADOS%207-3-2024.pdf,ELEPEM CERTIFICADOS 7-3-2024.pdf,096/2022,Montevideo,MONTEVIDEO,DEL PRADO,MILLAN 3730,MILLAN,3730,,,,096/2022,2022,DRA YOSELIN IRMA BLOIS,,
MSPR-097-2022,ELP-0090,msp_certificado_registro_historico,Certificados de registro ELEPEM emitidos 2017-marzo 2024,2022,https://www.gub.uy/ministerio-salud-publica/sites/ministerio-salud-publica/files/2024-03/ELEPEM%20CERTIFICADOS%207-3-2024.pdf,ELEPEM CERTIFICADOS 7-3-2024.pdf,097/2022,Canelones,SOLYMAR SUR,SOLYMAR,ROCHA ENTRE GRAL GESTIDO Y ACHIRAS,ROCHA ENTRE GRAL GESTIDO Y ACHIRAS,,,,,097/2022,2022,DRA LILIANA PUCHKOFF,,
MSPR-098-2022,ELP-0399,msp_certificado_registro_historico,Certificados de registro ELEPEM emitidos 2017-marzo 2024,2022,https://www.gub.uy/ministerio-salud-publica/sites/ministerio-salud-publica/files/2024-03/ELEPEM%20CERTIFICADOS%207-3-2024.pdf,ELEPEM CERTIFICADOS 7-3-2024.pdf,098/2022,Montevideo,MONTEVIDEO,ESTILO DE VIDA SAS,BVAR ESPAÑA 2520,BVAR ESPAÑA,2520,,,,098/2022,2022,DRA CRISTINA QUINTEROS,,
MSPR-099-2022,ELP-0400,msp_certificado_registro_historico,Certificados de registro ELEPEM emitidos 2017-marzo 2024,2022,https://www.gub.uy/ministerio-salud-publica/sites/ministerio-salud-publica/files/2024-03/ELEPEM%20CERTIFICADOS%207-3-2024.pdf,ELEPEM CERTIFICADOS 7-3-2024.pdf,099/2022,Montevideo,MONTEVIDEO,ESTILO DE VIDA SAS,CAVIA 2996,CAVIA,2996,,,,099/2022,2022,DRA CRISTINA QUINTEROS,,
MSPR-100-2022,ELP-0402,msp_certificado_registro_historico,Certificados de registro ELEPEM emitidos 2017-marzo 2024,2022,https://www.gub.uy/ministerio-salud-publica/sites/ministerio-salud-publica/files/2024-03/ELEPEM%20CERTIFICADOS%207-3-2024.pdf,ELEPEM CERTIFICADOS 7-3-2024.pdf,100/2022,Montevideo,MONTEVIDEO,ESTILO DE VIDA SAS,ECHEVARRIARZA 3453,ECHEVARRIARZA,3453,,,,100/2022,2022,DRA CRISTINA QUINTEROS DRA MARIA FERNANDA,,
MSPR-101-2022,ELP-0721,msp_certificado_registro_historico,Certificados de registro ELEPEM emitidos 2017-marzo 2024,2022,https://www.gub.uy/ministerio-salud-publica/sites/ministerio-salud-publica/files/2024-03/ELEPEM%20CERTIFICADOS%207-3-2024.pdf,ELEPEM CERTIFICADOS 7-3-2024.pdf,101/2022,Paysandú,PAYSANDU,SAN CONO,ZORRILLA 1341,ZORRILLA,1341,,,,101/2022,2022,SANCHEZ,,
MSPR-102-2022,ELP-0015,msp_certificado_registro_historico,Certificados de registro ELEPEM emitidos 2017-marzo 2024,2022,https://www.gub.uy/ministerio-salud-publica/sites/ministerio-salud-publica/files/2024-03/ELEPEM%20CERTIFICADOS%207-3-2024.pdf,ELEPEM CERTIFICADOS 7-3-2024.pdf,102/2022,Canelones,PROGRESO,ÈL ES MI PAZ,AV BRASIL S/N ESQ RIO NEGRO,AV BRASIL,S/N,,,,102/2022,2022,DR DANILO GONZALEZ,,
MSPR-103-2022,ELP-0465,msp_certificado_registro_historico,Certificados de registro ELEPEM emitidos 2017-marzo 2024,2022,https://www.gub.uy/ministerio-salud-publica/sites/ministerio-salud-publica/files/2024-03/ELEPEM%20CERTIFICADOS%207-3-2024.pdf,ELEPEM CERTIFICADOS 7-3-2024.pdf,103/2022,Montevideo,MONTEVIDEO COLONIA DEL,LA CASA RITA,"CAMINO O""HIGGINS 9105","CAMINO O""HIGGINS",9105,,,,103/2022,2022,DRA GRACIELA ANDRADE,,
MSPR-104-2022,ELP-0146,msp_certificado_registro_historico,Certificados de registro ELEPEM emitidos 2017-marzo 2024,2022,https://www.gub.uy/ministerio-salud-publica/sites/ministerio-salud-publica/files/2024-03/ELEPEM%20CERTIFICADOS%207-3-2024.pdf,ELEPEM CERTIFICADOS 7-3-2024.pdf,104/2022,Colonia,SACRAMENTO,YOLANDA,CASASANELLO 848,CASASANELLO,848,,,,104/2022,2022,DR DANIEL BAGNASCO,,
MSPR-105-2022,ELP-0062,msp_certificado_registro_historico,Certificados de registro ELEPEM emitidos 2017-marzo 2024,2022,https://www.gub.uy/ministerio-salud-publica/sites/ministerio-salud-publica/files/2024-03/ELEPEM%20CERTIFICADOS%207-3-2024.pdf,ELEPEM CERTIFICADOS 7-3-2024.pdf,105/2022,Canelones,LAS PIEDRAS,NOA,BATLLE ORDOÑEZ 688,BATLLE ORDOÑEZ,688,,,,105/2022,2022,DR SANTIAGO OROÑO,,
MSPR-107-2022,ELP-0301,msp_certificado_registro_historico,Certificados de registro ELEPEM emitidos 2017-marzo 2024,2022,https://www.gub.uy/ministerio-salud-publica/sites/ministerio-salud-publica/files/2024-03/ELEPEM%20CERTIFICADOS%207-3-2024.pdf,ELEPEM CERTIFICADOS 7-3-2024.pdf,107/2022,Montevideo,MONTEVIDEO,AÑOS LUZ,PAULLIER 1330,PAULLIER,1330,,,,107/2022,2022,DR GERMAN MEYER,,
MSPR-108-2022,ELP-0018,msp_certificado_registro_historico,Certificados de registro ELEPEM emitidos 2017-marzo 2024,2022,https://www.gub.uy/ministerio-salud-publica/sites/ministerio-salud-publica/files/2024-03/ELEPEM%20CERTIFICADOS%207-3-2024.pdf,ELEPEM CERTIFICADOS 7-3-2024.pdf,108/2022,Canelones,LAS PIEDRAS,EL OTOÑAL,WILSON F ALDUNATE 502,WILSON F ALDUNATE,502,,,,108/2022,2022,DRA ANGELY LINARES DRA JULIANA ORTIZ,,
MSPR-109-2022,ELP-0300,msp_certificado_registro_historico,Certificados de registro ELEPEM emitidos 2017-marzo 2024,2022,https://www.gub.uy/ministerio-salud-publica/sites/ministerio-salud-publica/files/2024-03/ELEPEM%20CERTIFICADOS%207-3-2024.pdf,ELEPEM CERTIFICADOS 7-3-2024.pdf,109/2022,Montevideo,MONTEVIDEO,LOS ANGELES,GUANA 2015,GUANA,2015,,,,109/2022,2022,BARBOSA,,
MSPR-110-2022,ELP-0446,msp_certificado_registro_historico,Certificados de registro ELEPEM emitidos 2017-marzo 2024,2022,https://www.gub.uy/ministerio-salud-publica/sites/ministerio-salud-publica/files/2024-03/ELEPEM%20CERTIFICADOS%207-3-2024.pdf,ELEPEM CERTIFICADOS 7-3-2024.pdf,110/2022,Montevideo,MONTEVIDEO,RENACER,ZUFRIATEGUI 984,ZUFRIATEGUI,984,,,,110/2022,2022,DR ALEJANDRO MORELLI,,
MSPR-111-2022,ELP-0287,msp_certificado_registro_historico,Certificados de registro ELEPEM emitidos 2017-marzo 2024,2022,https://www.gub.uy/ministerio-salud-publica/sites/ministerio-salud-publica/files/2024-03/ELEPEM%20CERTIFICADOS%207-3-2024.pdf,ELEPEM CERTIFICADOS 7-3-2024.pdf,111/2022,Montevideo,MONTEVIDEO,ALBORADA,J CIBILS 2454,J CIBILS,2454,,,,111/2022,2022,DRA NATALIA LAMAS,,
MSPR-112-2022,ELP-0674,msp_certificado_registro_historico,Certificados de registro ELEPEM emitidos 2017-marzo 2024,2022,https://www.gub.uy/ministerio-salud-publica/sites/ministerio-salud-publica/files/2024-03/ELEPEM%20CERTIFICADOS%207-3-2024.pdf,ELEPEM CERTIFICADOS 7-3-2024.pdf,112/2022,Montevideo,MONTEVIDEO,SAN CAYETANO,COMERCIO 970,COMERCIO,970,,,,112/2022,2022,DR EDGAR GUEVARA,,
MSPR-113-2022,ELP-0728,msp_certificado_registro_historico,Certificados de registro ELEPEM emitidos 2017-marzo 2024,2022,https://www.gub.uy/ministerio-salud-publica/sites/ministerio-salud-publica/files/2024-03/ELEPEM%20CERTIFICADOS%207-3-2024.pdf,ELEPEM CERTIFICADOS 7-3-2024.pdf,113/2022,Rocha,CASTILLOS,HOGAR DE ANCIANOS BLANCA RUBIO DE CASTILLOS,JUAN FERRER Y DURALL S/N,JUAN FERRER Y DURALL,S/N,,,,113/2022,2022,DR DANIEL CHIRICO,,
MSPR-115-2022,ELP-0514,msp_certificado_registro_historico,Certificados de registro ELEPEM emitidos 2017-marzo 2024,2022,https://www.gub.uy/ministerio-salud-publica/sites/ministerio-salud-publica/files/2024-03/ELEPEM%20CERTIFICADOS%207-3-2024.pdf,ELEPEM CERTIFICADOS 7-3-2024.pdf,115/2022,Montevideo,MONTEVIDEO,MADRE PAULINA,CAMINO CASTRO 435,CAMINO CASTRO,435,,,,115/2022,2022,DRA GRACIELA ANDRADE DRA JULIANA ORTIZ,,
MSPR-116-2022,ELP-0482,msp_certificado_registro_historico,Certificados de registro ELEPEM emitidos 2017-marzo 2024,2022,https://www.gub.uy/ministerio-salud-publica/sites/ministerio-salud-publica/files/2024-03/ELEPEM%20CERTIFICADOS%207-3-2024.pdf,ELEPEM CERTIFICADOS 7-3-2024.pdf,116/2022,Montevideo,MONTEVIDEO COLONIA DEL,LAS CONDES,PALMAR 2644,PALMAR,2644,,,,116/2022,2022,BARBOSA,,
MSPR-117-2022,ELP-0134,msp_certificado_registro_historico,Certificados de registro ELEPEM emitidos 2017-marzo 2024,2022,https://www.gub.uy/ministerio-salud-publica/sites/ministerio-salud-publica/files/2024-03/ELEPEM%20CERTIFICADOS%207-3-2024.pdf,ELEPEM CERTIFICADOS 7-3-2024.pdf,117/2022,Colonia,SACRAMENTO,LUZ O SAN BENITO,B BRUM 650,B BRUM,650,,,,117/2022,2022,DRC CARLOS PUIG,,
MSPR-118-2022,ELP-0516,msp_certificado_registro_historico,Certificados de registro ELEPEM emitidos 2017-marzo 2024,2022,https://www.gub.uy/ministerio-salud-publica/sites/ministerio-salud-publica/files/2024-03/ELEPEM%20CERTIFICADOS%207-3-2024.pdf,ELEPEM CERTIFICADOS 7-3-2024.pdf,118/2022,Montevideo,MONTEVIDEO,MARIA,CALDERON DE LA BARCA 1867 esq 19 de junio,CALDERON DE LA BARCA,1867,,,,118/2022,2022,DR DIEGO FERNANDO PENA,,
MSPR-119-2022,ELP-0365,msp_certificado_registro_historico,Certificados de registro ELEPEM emitidos 2017-marzo 2024,2022,https://www.gub.uy/ministerio-salud-publica/sites/ministerio-salud-publica/files/2024-03/ELEPEM%20CERTIFICADOS%207-3-2024.pdf,ELEPEM CERTIFICADOS 7-3-2024.pdf,119/2022,Montevideo,MONTEVIDEO,DANUBIO AZUL,CAMINO CARARSCO 4607,CAMINO CARARSCO,4607,,,,119/2022,2022,DR RODRIGO SOSA,,
MSPR-120-2022,ELP-0066,msp_certificado_registro_historico,Certificados de registro ELEPEM emitidos 2017-marzo 2024,2022,https://www.gub.uy/ministerio-salud-publica/sites/ministerio-salud-publica/files/2024-03/ELEPEM%20CERTIFICADOS%207-3-2024.pdf,ELEPEM CERTIFICADOS 7-3-2024.pdf,120/2022,Canelones,LAS PIEDRAS,PRIMAVERA,BVAR. ARTIGAS 365,BVAR. ARTIGAS,365,,,,120/2022,2022,DR MIGUEL ANGEL DIAZ,,
MSPR-121-2022,ELP-0383,msp_certificado_registro_historico,Certificados de registro ELEPEM emitidos 2017-marzo 2024,2022,https://www.gub.uy/ministerio-salud-publica/sites/ministerio-salud-publica/files/2024-03/ELEPEM%20CERTIFICADOS%207-3-2024.pdf,ELEPEM CERTIFICADOS 7-3-2024.pdf,121/2022,Montevideo,MONTEVIDEO,EL ATARDECER,AGRACIADA 3567,AGRACIADA,3567,,,,121/2022,2022,DRA MARIELA FERNANDEZ DRA ROSINA GUERRA,,
MSPR-122-2022,ELP-0290,msp_certificado_registro_historico,Certificados de registro ELEPEM emitidos 2017-marzo 2024,2022,https://www.gub.uy/ministerio-salud-publica/sites/ministerio-salud-publica/files/2024-03/ELEPEM%20CERTIFICADOS%207-3-2024.pdf,ELEPEM CERTIFICADOS 7-3-2024.pdf,122/2022,Montevideo,MONTEVIDEO,ALTOS DE BOULEVAR,BVAR ARTIGAS 2188,BVAR ARTIGAS,2188,,,,122/2022,2022,AMORIN DR WALTER SEBASTIAN,,
MSPR-123-2022,ELP-0485,msp_certificado_registro_historico,Certificados de registro ELEPEM emitidos 2017-marzo 2024,2022,https://www.gub.uy/ministerio-salud-publica/sites/ministerio-salud-publica/files/2024-03/ELEPEM%20CERTIFICADOS%207-3-2024.pdf,ELEPEM CERTIFICADOS 7-3-2024.pdf,123/2022,Montevideo,MONTEVIDEO,LAS FLORES,ESTERO BELLACO 2667,ESTERO BELLACO,2667,,,,123/2022,2022,CASTRO,,
MSPR-124-2022,ELP-0370,msp_certificado_registro_historico,Certificados de registro ELEPEM emitidos 2017-marzo 2024,2022,https://www.gub.uy/ministerio-salud-publica/sites/ministerio-salud-publica/files/2024-03/ELEPEM%20CERTIFICADOS%207-3-2024.pdf,ELEPEM CERTIFICADOS 7-3-2024.pdf,124/2022,Montevideo,MONTEVIDEO,DOLCE PRIMAVERA,BELASTIQUI 1517,BELASTIQUI,1517,,,,124/2022,2022,DRA ANA BARBOZA,,
MSPR-125-2022,ELP-0757,msp_certificado_registro_historico,Certificados de registro ELEPEM emitidos 2017-marzo 2024,2022,https://www.gub.uy/ministerio-salud-publica/sites/ministerio-salud-publica/files/2024-03/ELEPEM%20CERTIFICADOS%207-3-2024.pdf,ELEPEM CERTIFICADOS 7-3-2024.pdf,125/2022,San José,CIUDAD DEL PLATA,DECADAS DORADAS,"CIUDAD DEL PLATA, SOLAR 20, MANZANA 1","CIUDAD DEL PLATA, SOLAR","20, MANZANA 1",,,,125/2022,2022,DRA GABRIELA PEREDO,,
MSPR-126-2022,ELP-0557,msp_certificado_registro_historico,Certificados de registro ELEPEM emitidos 2017-marzo 2024,2022,https://www.gub.uy/ministerio-salud-publica/sites/ministerio-salud-publica/files/2024-03/ELEPEM%20CERTIFICADOS%207-3-2024.pdf,ELEPEM CERTIFICADOS 7-3-2024.pdf,126/2022,Montevideo,MONTEVIDEO,PALERMO,RIVERA 2287,RIVERA,2287,,,,126/2022,2022,DRA ALEJANDRA FERRARI,,
MSPR-127-2022,ELP-0710,msp_certificado_registro_historico,Certificados de registro ELEPEM emitidos 2017-marzo 2024,2022,https://www.gub.uy/ministerio-salud-publica/sites/ministerio-salud-publica/files/2024-03/ELEPEM%20CERTIFICADOS%207-3-2024.pdf,ELEPEM CERTIFICADOS 7-3-2024.pdf,127/2022,Montevideo,MONTEVIDEO,WENCESLAO SILVA (MONREVE),JOAQUIN SUAREZ 3440,JOAQUIN SUAREZ,3440,,,,127/2022,2022,DRA ROSSANA DORNELL,,
MSPR-128-2022,ELP-0178,msp_certificado_registro_historico,Certificados de registro ELEPEM emitidos 2017-marzo 2024,2022,https://www.gub.uy/ministerio-salud-publica/sites/ministerio-salud-publica/files/2024-03/ELEPEM%20CERTIFICADOS%207-3-2024.pdf,ELEPEM CERTIFICADOS 7-3-2024.pdf,128/2022,Florida,FRAY MARCOS,EL CEIBO,FLORIANO CORREA 796,FLORIANO CORREA,796,,,,128/2022,2022,DR YOHAN COBOS,,
MSPR-129-2022,ELP-0467,msp_certificado_registro_historico,Certificados de registro ELEPEM emitidos 2017-marzo 2024,2022,https://www.gub.uy/ministerio-salud-publica/sites/ministerio-salud-publica/files/2024-03/ELEPEM%20CERTIFICADOS%207-3-2024.pdf,ELEPEM CERTIFICADOS 7-3-2024.pdf,129/2022,Montevideo,MONTEVIDEO CIUDAD DE,LA FLIA,ZAPICAN 3119,ZAPICAN,3119,,,,129/2022,2022,DRA ELIZABETH GIMÈNEZ,,
MSPR-130-2022,ELP-0792,msp_certificado_registro_historico,Certificados de registro ELEPEM emitidos 2017-marzo 2024,2022,https://www.gub.uy/ministerio-salud-publica/sites/ministerio-salud-publica/files/2024-03/ELEPEM%20CERTIFICADOS%207-3-2024.pdf,ELEPEM CERTIFICADOS 7-3-2024.pdf,130/2022,Soriano,PALMITAS,HOGAR DON RICARDO CHACÒN,ZORRILLA ESQ FRAY BERNARDINO,ZORRILLA ESQ FRAY BERNARDINO,,,,,130/2022,2022,DR PABLO ACQUISTAPACE,,
MSPR-131-2022,ELP-0786,msp_certificado_registro_historico,Certificados de registro ELEPEM emitidos 2017-marzo 2024,2022,https://www.gub.uy/ministerio-salud-publica/sites/ministerio-salud-publica/files/2024-03/ELEPEM%20CERTIFICADOS%207-3-2024.pdf,ELEPEM CERTIFICADOS 7-3-2024.pdf,131/2022,San José,SAN JOSE,TREINTA Y TRES,FRUGONI 325,FRUGONI,325,,,,131/2022,2022,DRA ANABELLA HERNANDEZ,,
MSPR-132-2022,ELP-0230,msp_certificado_registro_historico,Certificados de registro ELEPEM emitidos 2017-marzo 2024,2022,https://www.gub.uy/ministerio-salud-publica/sites/ministerio-salud-publica/files/2024-03/ELEPEM%20CERTIFICADOS%207-3-2024.pdf,ELEPEM CERTIFICADOS 7-3-2024.pdf,132/2022,Maldonado,MALDONADO,LAS LAVANDAS,PASO DE LA CADEN S/N,PASO DE LA CADEN,S/N,,,,132/2022,2022,DRA MERCEDES MÈNDEZ,,
MSPR-133-2022,ELP-0353,msp_certificado_registro_historico,Certificados de registro ELEPEM emitidos 2017-marzo 2024,2022,https://www.gub.uy/ministerio-salud-publica/sites/ministerio-salud-publica/files/2024-03/ELEPEM%20CERTIFICADOS%207-3-2024.pdf,ELEPEM CERTIFICADOS 7-3-2024.pdf,133/2022,Montevideo,MONTEVIDEO,CIRCULO,JUAN JACOBO ROUSSEAU 3403,JUAN JACOBO ROUSSEAU,3403,,,,133/2022,2022,DR GASTON KELL,,
MSPR-134-2022,ELP-0094,msp_certificado_registro_historico,Certificados de registro ELEPEM emitidos 2017-marzo 2024,2022,https://www.gub.uy/ministerio-salud-publica/sites/ministerio-salud-publica/files/2024-03/ELEPEM%20CERTIFICADOS%207-3-2024.pdf,ELEPEM CERTIFICADOS 7-3-2024.pdf,134/2022,Canelones,ATLANTIDA,SOL DE ATLÀNTIDA,CALLE 10 ESQ CIRCUNVALACIÒN Y CALLE 1 B,CALLE,10 ESQ CIRCUNVALACIÒN Y CALLE 1 B,,,,134/2022,2022,DRA ROSSANA DORNELL,,
MSPR-135-2022,ELP-0238,msp_certificado_registro_historico,Certificados de registro ELEPEM emitidos 2017-marzo 2024,2022,https://www.gub.uy/ministerio-salud-publica/sites/ministerio-salud-publica/files/2024-03/ELEPEM%20CERTIFICADOS%207-3-2024.pdf,ELEPEM CERTIFICADOS 7-3-2024.pdf,135/2022,Maldonado,MONTEVIDEO MALDONADO,MARIA MERCEDES UN NUEVO AMANECER,CAMINO CARLOS DE PENA 4240 RAFAEL PEREZ DEL PUERTO 870,CAMINO CARLOS DE PENA,4240 RAFAEL PEREZ DEL PUERTO 870,,,,135/2022,2022,DR ROBERT ATAY DR ALFONSO LOPEZ,,
MSPR-137-2022,ELP-0638,msp_certificado_registro_historico,Certificados de registro ELEPEM emitidos 2017-marzo 2024,2022,https://www.gub.uy/ministerio-salud-publica/sites/ministerio-salud-publica/files/2024-03/ELEPEM%20CERTIFICADOS%207-3-2024.pdf,ELEPEM CERTIFICADOS 7-3-2024.pdf,137/2022,Montevideo,MONTEVIDEO,RESIDENCIAL RIMAC,RIMAC 1652,RIMAC,1652,,,,137/2022,2022,DRA CAMILA MORELLI DR MAURICIO GONZÁLEZ,,
MSPR-138-2022,ELP-0101,msp_certificado_registro_historico,Certificados de registro ELEPEM emitidos 2017-marzo 2024,2022,https://www.gub.uy/ministerio-salud-publica/sites/ministerio-salud-publica/files/2024-03/ELEPEM%20CERTIFICADOS%207-3-2024.pdf,ELEPEM CERTIFICADOS 7-3-2024.pdf,138/2022,Cerro Largo,RIO BRANCO,HOGAR DE ANCIANOS Y OBRAS S. DE RIO BRANCO,CALLE 2 NUM 122,CALLE,2 NUM 122,,,,138/2022,2022,SILVEIRA,,
MSPR-139-2022,ELP-0410,msp_certificado_registro_historico,Certificados de registro ELEPEM emitidos 2017-marzo 2024,2022,https://www.gub.uy/ministerio-salud-publica/sites/ministerio-salud-publica/files/2024-03/ELEPEM%20CERTIFICADOS%207-3-2024.pdf,ELEPEM CERTIFICADOS 7-3-2024.pdf,139/2022,Montevideo,MONTEVIDEO,FUND. LUIS MANUEL CALLEJAS,URUGUAYANA 3393,URUGUAYANA,3393,,,,139/2022,2022,DRA MARIA GARI,,
MSPR-140-2022,ELP-0534,msp_certificado_registro_historico,Certificados de registro ELEPEM emitidos 2017-marzo 2024,2022,https://www.gub.uy/ministerio-salud-publica/sites/ministerio-salud-publica/files/2024-03/ELEPEM%20CERTIFICADOS%207-3-2024.pdf,ELEPEM CERTIFICADOS 7-3-2024.pdf,140/2022,Montevideo,MONTEVIDEO,MIS ABUELOS,AVELLANEDA 4624,AVELLANEDA,4624,,,,140/2022,2022,DR DIEGO PENA REDONDO,,
MSPR-141-2022,ELP-0797,msp_certificado_registro_historico,Certificados de registro ELEPEM emitidos 2017-marzo 2024,2022,https://www.gub.uy/ministerio-salud-publica/sites/ministerio-salud-publica/files/2024-03/ELEPEM%20CERTIFICADOS%207-3-2024.pdf,ELEPEM CERTIFICADOS 7-3-2024.pdf,141/2022,Soriano,MERCEDES,SUEÑOS DORADOS 2,FLORENCIO SANCHEZ 630,FLORENCIO SANCHEZ,630,,,,141/2022,2022,DRA LORENA SAINZ,,
MSPR-142-2022,ELP-0177,msp_certificado_registro_historico,Certificados de registro ELEPEM emitidos 2017-marzo 2024,2022,https://www.gub.uy/ministerio-salud-publica/sites/ministerio-salud-publica/files/2024-03/ELEPEM%20CERTIFICADOS%207-3-2024.pdf,ELEPEM CERTIFICADOS 7-3-2024.pdf,142/2022,Florida,FLORIDA,DOÑA CHOLA,ORIBE 567,ORIBE,567,,,,142/2022,2022,DRA MARIA SABRINA ALOY,,
MSPR-143-2022,ELP-0323,msp_certificado_registro_historico,Certificados de registro ELEPEM emitidos 2017-marzo 2024,2022,https://www.gub.uy/ministerio-salud-publica/sites/ministerio-salud-publica/files/2024-03/ELEPEM%20CERTIFICADOS%207-3-2024.pdf,ELEPEM CERTIFICADOS 7-3-2024.pdf,143/2022,Montevideo,MONTEVIDEO,BUENOS TIEMPOS,DR.ANTONIO ANZALONE 6263,DR.ANTONIO ANZALONE,6263,,,,143/2022,2022,DR MIGUEL YOVARONE,,
MSPR-144-2022,ELP-0783,msp_certificado_registro_historico,Certificados de registro ELEPEM emitidos 2017-marzo 2024,2022,https://www.gub.uy/ministerio-salud-publica/sites/ministerio-salud-publica/files/2024-03/ELEPEM%20CERTIFICADOS%207-3-2024.pdf,ELEPEM CERTIFICADOS 7-3-2024.pdf,144/2022,San José,LIBERTAD,RESIDENCIAL MILAGROS,DETOMASI 1048,DETOMASI,1048,,,,144/2022,2022,NELLY CRUZ,,
MSPR-145-2022,ELP-0176,msp_certificado_registro_historico,Certificados de registro ELEPEM emitidos 2017-marzo 2024,2022,https://www.gub.uy/ministerio-salud-publica/sites/ministerio-salud-publica/files/2024-03/ELEPEM%20CERTIFICADOS%207-3-2024.pdf,ELEPEM CERTIFICADOS 7-3-2024.pdf,145/2022,Florida,SARANDI GRANDE,BUEN PASAR,EDINA FERREIRA DE MOLINA 714,EDINA FERREIRA DE MOLINA,714,,,,145/2022,2022,DR. RICARDO ORTIZ,,
MSPR-146-2022,ELP-0434,msp_certificado_registro_historico,Certificados de registro ELEPEM emitidos 2017-marzo 2024,2022,https://www.gub.uy/ministerio-salud-publica/sites/ministerio-salud-publica/files/2024-03/ELEPEM%20CERTIFICADOS%207-3-2024.pdf,ELEPEM CERTIFICADOS 7-3-2024.pdf,146/2022,Montevideo,MONTEVIDEO,HOGAR ESPERANZA,LLUPES 4365,LLUPES,4365,,,,146/2022,2022,MARIA JOSE DE LOS SANTOS,,
MSPR-147-2022,ELP-0550,msp_certificado_registro_historico,Certificados de registro ELEPEM emitidos 2017-marzo 2024,2022,https://www.gub.uy/ministerio-salud-publica/sites/ministerio-salud-publica/files/2024-03/ELEPEM%20CERTIFICADOS%207-3-2024.pdf,ELEPEM CERTIFICADOS 7-3-2024.pdf,147/2022,Montevideo,MONTEVIDEO,NUEVOS COMIENZOS,BENITO ALVAREZ 610,BENITO ALVAREZ,610,,,,147/2022,2022,,,
MSPR-148-2022,ELP-0733,msp_certificado_registro_historico,Certificados de registro ELEPEM emitidos 2017-marzo 2024,2022,https://www.gub.uy/ministerio-salud-publica/sites/ministerio-salud-publica/files/2024-03/ELEPEM%20CERTIFICADOS%207-3-2024.pdf,ELEPEM CERTIFICADOS 7-3-2024.pdf,148/2022,Río Negro,FRAY BENTOS,EL ES MI PAZ,TREINTA Y TRES 3169,TREINTA Y TRES,3169,,,,148/2022,2022,DRA BETSY PEREZ,,
MSPR-149-2022,ELP-0521,msp_certificado_registro_historico,Certificados de registro ELEPEM emitidos 2017-marzo 2024,2022,https://www.gub.uy/ministerio-salud-publica/sites/ministerio-salud-publica/files/2024-03/ELEPEM%20CERTIFICADOS%207-3-2024.pdf,ELEPEM CERTIFICADOS 7-3-2024.pdf,149/2022,Montevideo,MONTEVIDEO,MARIA Y JOSÉ,BVAR ARTIGAS 4043,BVAR ARTIGAS,4043,,,,149/2022,2022,,,
MSPR-150-2022,ELP-0189,msp_certificado_registro_historico,Certificados de registro ELEPEM emitidos 2017-marzo 2024,2022,https://www.gub.uy/ministerio-salud-publica/sites/ministerio-salud-publica/files/2024-03/ELEPEM%20CERTIFICADOS%207-3-2024.pdf,ELEPEM CERTIFICADOS 7-3-2024.pdf,150/2022,Florida,FLORIDA,MI SUEÑO,CALLE ITUZAINGO 627,CALLE ITUZAINGO,627,,,,150/2022,2022,DRA. CAROLINA FREIRE,,
MSPR-151-2022,ELP-0047,msp_certificado_registro_historico,Certificados de registro ELEPEM emitidos 2017-marzo 2024,2022,https://www.gub.uy/ministerio-salud-publica/sites/ministerio-salud-publica/files/2024-03/ELEPEM%20CERTIFICADOS%207-3-2024.pdf,ELEPEM CERTIFICADOS 7-3-2024.pdf,151/2022,Canelones,Los Cerrillos,LA ESPERANZA,RUTA 36 KM. 31,RUTA 36,Km 31,,,,151/2022,2022,DRA. CAROLINA BERRIEL,,
MSPR-152-2022,ELP-0352,msp_certificado_registro_historico,Certificados de registro ELEPEM emitidos 2017-marzo 2024,2022,https://www.gub.uy/ministerio-salud-publica/sites/ministerio-salud-publica/files/2024-03/ELEPEM%20CERTIFICADOS%207-3-2024.pdf,ELEPEM CERTIFICADOS 7-3-2024.pdf,152/2022,Montevideo,MONTEVIDEO,CHEZ MOI,AV FCRO SOCA 1539,AV FCRO SOCA,1539,,,,152/2022,2022,DR DARDO ROLDAN,,
MSPR-001-2023,ELP-0204,msp_certificado_registro_historico,Certificados de registro ELEPEM emitidos 2017-marzo 2024,2023,https://www.gub.uy/ministerio-salud-publica/sites/ministerio-salud-publica/files/2024-03/ELEPEM%20CERTIFICADOS%207-3-2024.pdf,ELEPEM CERTIFICADOS 7-3-2024.pdf,001/2023,Lavalleja,MINAS CIUDAD DE LA,NOA,25 de Mayo 406,,25 de Mayo 406,,,,001/2023,2023,Dra. Daniela Marini,,
MSPR-002-2023,ELP-0041,msp_certificado_registro_historico,Certificados de registro ELEPEM emitidos 2017-marzo 2024,2023,https://www.gub.uy/ministerio-salud-publica/sites/ministerio-salud-publica/files/2024-03/ELEPEM%20CERTIFICADOS%207-3-2024.pdf,ELEPEM CERTIFICADOS 7-3-2024.pdf,002/2023,Canelones,COSTA,JACARANDA,AV. Giannattasio km 20 M 4 S 3,AV. Giannattasio km,20 M 4 S 3,,,,002/2023,2023,Dr. Fernando Labanca,,
MSPR-003-2023,ELP-0547,msp_certificado_registro_historico,Certificados de registro ELEPEM emitidos 2017-marzo 2024,2023,https://www.gub.uy/ministerio-salud-publica/sites/ministerio-salud-publica/files/2024-03/ELEPEM%20CERTIFICADOS%207-3-2024.pdf,ELEPEM CERTIFICADOS 7-3-2024.pdf,003/2023,Montevideo,MONTEVIDEO,NUEVA VIDA,Salterain 1328,Salterain,1328,,,,003/2023,2023,Dra. Alicia Menendez,,
MSPR-004-2023,ELP-0152,msp_certificado_registro_historico,Certificados de registro ELEPEM emitidos 2017-marzo 2024,2023,https://www.gub.uy/ministerio-salud-publica/sites/ministerio-salud-publica/files/2024-03/ELEPEM%20CERTIFICADOS%207-3-2024.pdf,ELEPEM CERTIFICADOS 7-3-2024.pdf,004/2023,Durazno,DURAZNO,HOSTAL LA VIDA ES BELLA,Herrera 1118,Herrera,1118,,,,004/2023,2023,Dra. Sofìa Fagundez,,
MSPR-005-2023,ELP-0065,msp_certificado_registro_historico,Certificados de registro ELEPEM emitidos 2017-marzo 2024,2023,https://www.gub.uy/ministerio-salud-publica/sites/ministerio-salud-publica/files/2024-03/ELEPEM%20CERTIFICADOS%207-3-2024.pdf,ELEPEM CERTIFICADOS 7-3-2024.pdf,005/2023,Canelones,CIUDAD DE LA COSA,PINARES,Summer M24 S7 esq Marquez Castro,Summer M,24 S7,,,,005/2023,2023,Dr. Fernando Bonilla,,
MSPR-006-2023,ELP-0198,msp_certificado_registro_historico,Certificados de registro ELEPEM emitidos 2017-marzo 2024,2023,https://www.gub.uy/ministerio-salud-publica/sites/ministerio-salud-publica/files/2024-03/ELEPEM%20CERTIFICADOS%207-3-2024.pdf,ELEPEM CERTIFICADOS 7-3-2024.pdf,006/2023,Lavalleja,MINAS,CRISTAL,Ituzaingo 436,Ituzaingo,436,,,,006/2023,2023,Dr. Marcos Figueredo,,
MSPR-007-2023,ELP-0031,msp_certificado_registro_historico,Certificados de registro ELEPEM emitidos 2017-marzo 2024,2023,https://www.gub.uy/ministerio-salud-publica/sites/ministerio-salud-publica/files/2024-03/ELEPEM%20CERTIFICADOS%207-3-2024.pdf,ELEPEM CERTIFICADOS 7-3-2024.pdf,007/2023,Canelones,SAUCE,HOGAR DE ANCIANOS DRA. ROCIO STECIANO,Av. Artigas 1305,Av. Artigas,1305,,,,007/2023,2023,Dr. Javier Repetto,,
MSPR-008-2023,ELP-0005,msp_certificado_registro_historico,Certificados de registro ELEPEM emitidos 2017-marzo 2024,2023,https://www.gub.uy/ministerio-salud-publica/sites/ministerio-salud-publica/files/2024-03/ELEPEM%20CERTIFICADOS%207-3-2024.pdf,ELEPEM CERTIFICADOS 7-3-2024.pdf,008/2023,Canelones,SAUCE,ALONSO HOGAR DE ANCIANOS DRA. ROCIO STECIANO ALONSO,Contitucion 2115,Contitucion,2115,,,,008/2023,2023,Dr. Javier Repetto,,
MSPR-009-2023,ELP-0678,msp_certificado_registro_historico,Certificados de registro ELEPEM emitidos 2017-marzo 2024,2023,https://www.gub.uy/ministerio-salud-publica/sites/ministerio-salud-publica/files/2024-03/ELEPEM%20CERTIFICADOS%207-3-2024.pdf,ELEPEM CERTIFICADOS 7-3-2024.pdf,009/2023,Montevideo,MONTEVIDEO,SAN PANCRACIO,Veracierto 2830,Veracierto,2830,,,,009/2023,2023,Dr. Relvis Chinea Perez Dr. Federico Nicolas Bonilla,,
MSPR-010-2023,ELP-0292,msp_certificado_registro_historico,Certificados de registro ELEPEM emitidos 2017-marzo 2024,2023,https://www.gub.uy/ministerio-salud-publica/sites/ministerio-salud-publica/files/2024-03/ELEPEM%20CERTIFICADOS%207-3-2024.pdf,ELEPEM CERTIFICADOS 7-3-2024.pdf,010/2023,Montevideo,MONTEVIDEO CIUDAD DE LA,ALTOS DE LA PAZ,Camino a la cuchilla pereira 5290,Camino a la cuchilla pereira,5290,,,,010/2023,2023,Orta Dr. Federico Nicolas Bonilla,,
MSPR-011-2023,ELP-0053,msp_certificado_registro_historico,Certificados de registro ELEPEM emitidos 2017-marzo 2024,2023,https://www.gub.uy/ministerio-salud-publica/sites/ministerio-salud-publica/files/2024-03/ELEPEM%20CERTIFICADOS%207-3-2024.pdf,ELEPEM CERTIFICADOS 7-3-2024.pdf,011/2023,Canelones,COSTA- SOLYMAR,LA SOÑADA,Pinos M3 S13,Pinos M,3 S13,,,,011/2023,2023,Orta,,
MSPR-012-2023,ELP-0310,msp_certificado_registro_historico,Certificados de registro ELEPEM emitidos 2017-marzo 2024,2023,https://www.gub.uy/ministerio-salud-publica/sites/ministerio-salud-publica/files/2024-03/ELEPEM%20CERTIFICADOS%207-3-2024.pdf,ELEPEM CERTIFICADOS 7-3-2024.pdf,012/2023,Montevideo,MONTEVIDEO,AUDAM,Edison 4691,Edison,4691,,,,012/2023,2023,Dra. Andrea Berreneche,,
MSPR-013-2023,ELP-0304,msp_certificado_registro_historico,Certificados de registro ELEPEM emitidos 2017-marzo 2024,2023,https://www.gub.uy/ministerio-salud-publica/sites/ministerio-salud-publica/files/2024-03/ELEPEM%20CERTIFICADOS%207-3-2024.pdf,ELEPEM CERTIFICADOS 7-3-2024.pdf,013/2023,Montevideo,MONTEVIDEO,APART HOTEL,Mateo Vidal 3328,Mateo Vidal,3328,,,,013/2023,2023,Dr. Carlos Puig,,
MSPR-014-2023,ELP-0700,msp_certificado_registro_historico,Certificados de registro ELEPEM emitidos 2017-marzo 2024,2023,https://www.gub.uy/ministerio-salud-publica/sites/ministerio-salud-publica/files/2024-03/ELEPEM%20CERTIFICADOS%207-3-2024.pdf,ELEPEM CERTIFICADOS 7-3-2024.pdf,014/2023,Montevideo,MONTEVIDEO,TILOS DE ABRIL,6 de Abril 1374,,6 de Abril 1374,,,,014/2023,2023,Dr. Pablo Daniel Tajada,,
MSPR-015-2023,ELP-0281,msp_certificado_registro_historico,Certificados de registro ELEPEM emitidos 2017-marzo 2024,2023,https://www.gub.uy/ministerio-salud-publica/sites/ministerio-salud-publica/files/2024-03/ELEPEM%20CERTIFICADOS%207-3-2024.pdf,ELEPEM CERTIFICADOS 7-3-2024.pdf,015/2023,Montevideo,MONTEVIDEO,AIRES DE CARRASCO,Av. Italia 7090,Av. Italia,7090,,,,015/2023,2023,Dra. Edith Marìa Araujo,,
MSPR-016-2023,ELP-0562,msp_certificado_registro_historico,Certificados de registro ELEPEM emitidos 2017-marzo 2024,2023,https://www.gub.uy/ministerio-salud-publica/sites/ministerio-salud-publica/files/2024-03/ELEPEM%20CERTIFICADOS%207-3-2024.pdf,ELEPEM CERTIFICADOS 7-3-2024.pdf,016/2023,Montevideo,MONTEVIDEO,PROCURA RESIDENCIAL,Batlle y Ordoñez 4143,Batlle y Ordoñez,4143,,,,016/2023,2023,Dra. Tania Ivanoff,,
MSPR-017-2023,ELP-0433,msp_certificado_registro_historico,Certificados de registro ELEPEM emitidos 2017-marzo 2024,2023,https://www.gub.uy/ministerio-salud-publica/sites/ministerio-salud-publica/files/2024-03/ELEPEM%20CERTIFICADOS%207-3-2024.pdf,ELEPEM CERTIFICADOS 7-3-2024.pdf,017/2023,Montevideo,MONTEVIDEO,HOGAR ESPAÑOL,Av. de las Instrucciones 981,Av. de las Instrucciones,981,,,,017/2023,2023,Dra. Natalia Lladò,,
MSPR-018-2023,ELP-0026,msp_certificado_registro_historico,Certificados de registro ELEPEM emitidos 2017-marzo 2024,2023,https://www.gub.uy/ministerio-salud-publica/sites/ministerio-salud-publica/files/2024-03/ELEPEM%20CERTIFICADOS%207-3-2024.pdf,ELEPEM CERTIFICADOS 7-3-2024.pdf,018/2023,Canelones,ATLANTIDA,GRACIAS A DIOS,Calle 12 entre a y b M155 S18,Calle,12,,,,018/2023,2023,Dra. Blanca Ribeiro,,
MSPR-019-2023,ELP-0776,msp_certificado_registro_historico,Certificados de registro ELEPEM emitidos 2017-marzo 2024,2023,https://www.gub.uy/ministerio-salud-publica/sites/ministerio-salud-publica/files/2024-03/ELEPEM%20CERTIFICADOS%207-3-2024.pdf,ELEPEM CERTIFICADOS 7-3-2024.pdf,019/2023,San José,SAN JOSE,LAS ROSAS,Zorrilla de San Martìn 621,Zorrilla de San Martìn,621,,,,019/2023,2023,Dra. Gladys Rodriguez,,
MSPR-020-2023,ELP-0334,msp_certificado_registro_historico,Certificados de registro ELEPEM emitidos 2017-marzo 2024,2023,https://www.gub.uy/ministerio-salud-publica/sites/ministerio-salud-publica/files/2024-03/ELEPEM%20CERTIFICADOS%207-3-2024.pdf,ELEPEM CERTIFICADOS 7-3-2024.pdf,020/2023,Montevideo,MONTEVIDEO,CASA DI RIPOSO ITALIANA,8 de octubre 2631,,8 de octubre 2631,,,,020/2023,2023,Dr. Eduardo Clavijo,,
MSPR-021-2023,ELP-0565,msp_certificado_registro_historico,Certificados de registro ELEPEM emitidos 2017-marzo 2024,2023,https://www.gub.uy/ministerio-salud-publica/sites/ministerio-salud-publica/files/2024-03/ELEPEM%20CERTIFICADOS%207-3-2024.pdf,ELEPEM CERTIFICADOS 7-3-2024.pdf,021/2023,Montevideo,MONTEVIDEO,REENCUENTRO,Juan J Raissegner 2524,Juan J Raissegner,2524,,,,021/2023,2023,Dr. Fernando Labanca,,
MSPR-022-2023,ELP-0687,msp_certificado_registro_historico,Certificados de registro ELEPEM emitidos 2017-marzo 2024,2023,https://www.gub.uy/ministerio-salud-publica/sites/ministerio-salud-publica/files/2024-03/ELEPEM%20CERTIFICADOS%207-3-2024.pdf,ELEPEM CERTIFICADOS 7-3-2024.pdf,022/2023,Montevideo,MONTEVIDEO CIUDAD DE LA,SHIRLEY MEDEROS,Acevedo Dìaz 1672,Acevedo Dìaz,1672,,,,022/2023,2023,Dra. Claudia Gaye,,
MSPR-023-2023,ELP-0008,msp_certificado_registro_historico,Certificados de registro ELEPEM emitidos 2017-marzo 2024,2023,https://www.gub.uy/ministerio-salud-publica/sites/ministerio-salud-publica/files/2024-03/ELEPEM%20CERTIFICADOS%207-3-2024.pdf,ELEPEM CERTIFICADOS 7-3-2024.pdf,023/2023,Canelones,COSTA,BONSEJOUR LA COSTA,Viña del Mar M 27 S16,Viña del Mar M,27 S16,,,,023/2023,2023,Dra. Nicolina da Costa,,
MSPR-024-2023,ELP-0203,msp_certificado_registro_historico,Certificados de registro ELEPEM emitidos 2017-marzo 2024,2023,https://www.gub.uy/ministerio-salud-publica/sites/ministerio-salud-publica/files/2024-03/ELEPEM%20CERTIFICADOS%207-3-2024.pdf,ELEPEM CERTIFICADOS 7-3-2024.pdf,024/2023,Lavalleja,MINAS,MI REFUGIO,Roosevelt 464,Roosevelt,464,,,,024/2023,2023,Dr. Luis Alberto Martinez Dr. Allison Ismael Cardozo,,
MSPR-025-2023,ELP-0223,msp_certificado_registro_historico,Certificados de registro ELEPEM emitidos 2017-marzo 2024,2023,https://www.gub.uy/ministerio-salud-publica/sites/ministerio-salud-publica/files/2024-03/ELEPEM%20CERTIFICADOS%207-3-2024.pdf,ELEPEM CERTIFICADOS 7-3-2024.pdf,025/2023,Maldonado,PIRIAPOLIS,HOSTERÌA URUGUAY,Calle Uruguay 1026,Calle Uruguay,1026,,,,025/2023,2023,Martirena,,
MSPR-026-2023,ELP-0332,msp_certificado_registro_historico,Certificados de registro ELEPEM emitidos 2017-marzo 2024,2023,https://www.gub.uy/ministerio-salud-publica/sites/ministerio-salud-publica/files/2024-03/ELEPEM%20CERTIFICADOS%207-3-2024.pdf,ELEPEM CERTIFICADOS 7-3-2024.pdf,026/2023,Montevideo,MONTEVIDEO,CASA DEL SOL,Eduardo Raiz 1919,Eduardo Raiz,1919,,,,026/2023,2023,Dra. Leyra Panelli,,
MSPR-027-2023,ELP-0682,msp_certificado_registro_historico,Certificados de registro ELEPEM emitidos 2017-marzo 2024,2023,https://www.gub.uy/ministerio-salud-publica/sites/ministerio-salud-publica/files/2024-03/ELEPEM%20CERTIFICADOS%207-3-2024.pdf,ELEPEM CERTIFICADOS 7-3-2024.pdf,027/2023,Montevideo,MONTEVIDEO,SEBASTIAL,San Martìn 3072,San Martìn,3072,,,,027/2023,2023,Dra. Elizabeth Gimenez,,
MSPR-028-2023,ELP-0539,msp_certificado_registro_historico,Certificados de registro ELEPEM emitidos 2017-marzo 2024,2023,https://www.gub.uy/ministerio-salud-publica/sites/ministerio-salud-publica/files/2024-03/ELEPEM%20CERTIFICADOS%207-3-2024.pdf,ELEPEM CERTIFICADOS 7-3-2024.pdf,028/2023,Montevideo,MONTEVIDEO,NAPOLES,Av. Italia 6363,Av. Italia,6363,,,,028/2023,2023,Dra. Silvia Guerrero,,
MSPR-029-2023,ELP-0669,msp_certificado_registro_historico,Certificados de registro ELEPEM emitidos 2017-marzo 2024,2023,https://www.gub.uy/ministerio-salud-publica/sites/ministerio-salud-publica/files/2024-03/ELEPEM%20CERTIFICADOS%207-3-2024.pdf,ELEPEM CERTIFICADOS 7-3-2024.pdf,029/2023,Montevideo,MONTEVIDEO CIUDAD DE LA,RISA,Av. Manuel Herrera y Obes 4127,Av. Manuel Herrera y Obes,4127,,,,029/2023,2023,Dra. Camila Morelli Dr. Bruno Jacobo Balduini,,
MSPR-030-2023,ELP-0017,msp_certificado_registro_historico,Certificados de registro ELEPEM emitidos 2017-marzo 2024,2023,https://www.gub.uy/ministerio-salud-publica/sites/ministerio-salud-publica/files/2024-03/ELEPEM%20CERTIFICADOS%207-3-2024.pdf,ELEPEM CERTIFICADOS 7-3-2024.pdf,030/2023,Canelones,COSTA,EL NARANJO,Emilio Franco M29 S1,Emilio Franco M,29 S1,,,,030/2023,2023,Leòn,,
MSPR-031-2023,ELP-0278,msp_certificado_registro_historico,Certificados de registro ELEPEM emitidos 2017-marzo 2024,2023,https://www.gub.uy/ministerio-salud-publica/sites/ministerio-salud-publica/files/2024-03/ELEPEM%20CERTIFICADOS%207-3-2024.pdf,ELEPEM CERTIFICADOS 7-3-2024.pdf,031/2023,Montevideo,MONTEVIDEO,ACOMPAÑA RESIDENCIALES,Francisco Bauza 3372,Francisco Bauza,3372,,,,031/2023,2023,Dra. Marcela Quintana,,
MSPR-032-2023,,msp_certificado_registro_historico,Certificados de registro ELEPEM emitidos 2017-marzo 2024,2023,https://www.gub.uy/ministerio-salud-publica/sites/ministerio-salud-publica/files/2024-03/ELEPEM%20CERTIFICADOS%207-3-2024.pdf,ELEPEM CERTIFICADOS 7-3-2024.pdf,032/2023,,,,,,,,,,032/2023,2023,,,
MSPR-033-2023,ELP-0483,msp_certificado_registro_historico,Certificados de registro ELEPEM emitidos 2017-marzo 2024,2023,https://www.gub.uy/ministerio-salud-publica/sites/ministerio-salud-publica/files/2024-03/ELEPEM%20CERTIFICADOS%207-3-2024.pdf,ELEPEM CERTIFICADOS 7-3-2024.pdf,033/2023,Montevideo,MONTEVIDEO,LAS CUMBRES,Oscar Gestido 2495,Oscar Gestido,2495,,,,033/2023,2023,Dra. Karina Olmos,,
MSPR-034-2023,ELP-0148,msp_certificado_registro_historico,Certificados de registro ELEPEM emitidos 2017-marzo 2024,2023,https://www.gub.uy/ministerio-salud-publica/sites/ministerio-salud-publica/files/2024-03/ELEPEM%20CERTIFICADOS%207-3-2024.pdf,ELEPEM CERTIFICADOS 7-3-2024.pdf,034/2023,Durazno,DURAZNO,BLANCA LILA,Larrañaga 907,Larrañaga,907,,,,034/2023,2023,Dra. Romy Valiente,,
MSPR-035-2023,ELP-0191,msp_certificado_registro_historico,Certificados de registro ELEPEM emitidos 2017-marzo 2024,2023,https://www.gub.uy/ministerio-salud-publica/sites/ministerio-salud-publica/files/2024-03/ELEPEM%20CERTIFICADOS%207-3-2024.pdf,ELEPEM CERTIFICADOS 7-3-2024.pdf,035/2023,Florida,Sarandi Grande,NUEVO AMANECER,18 DE JULIO 826,,18 DE JULIO 826,,,,035/2023,2023,Dr. Fermin Erveti,,
MSPR-036-2023,ELP-0733,msp_certificado_registro_historico,Certificados de registro ELEPEM emitidos 2017-marzo 2024,2023,https://www.gub.uy/ministerio-salud-publica/sites/ministerio-salud-publica/files/2024-03/ELEPEM%20CERTIFICADOS%207-3-2024.pdf,ELEPEM CERTIFICADOS 7-3-2024.pdf,036/2023,Río Negro,Fray Bentos,EL ES MI PAZ,Treinta y Tres Orientales 3169,Treinta y Tres Orientales,3169,,,,036/2023,2023,Dra. Betsy Perez Baldes,,
MSPR-037-2023,ELP-0667,msp_certificado_registro_historico,Certificados de registro ELEPEM emitidos 2017-marzo 2024,2023,https://www.gub.uy/ministerio-salud-publica/sites/ministerio-salud-publica/files/2024-03/ELEPEM%20CERTIFICADOS%207-3-2024.pdf,ELEPEM CERTIFICADOS 7-3-2024.pdf,037/2023,Montevideo,MONTEVIDEO,ZUICH,Av. Luis Alberte de Herrera 3943,Av. Luis Alberte de Herrera,3943,,,,037/2023,2023,Dr. Alejanadro Morelli,,
MSPR-038-2023,ELP-0038,msp_certificado_registro_historico,Certificados de registro ELEPEM emitidos 2017-marzo 2024,2023,https://www.gub.uy/ministerio-salud-publica/sites/ministerio-salud-publica/files/2024-03/ELEPEM%20CERTIFICADOS%207-3-2024.pdf,ELEPEM CERTIFICADOS 7-3-2024.pdf,038/2023,Canelones,Santa Lucia,HOGAR MAXIMO CENOZ HITA,Margariño Cervantes 95,Margariño Cervantes,95,,,,038/2023,2023,Dra. Ana Paola Alcarraz,,
MSPR-039-2023,ELP-0187,msp_certificado_registro_historico,Certificados de registro ELEPEM emitidos 2017-marzo 2024,2023,https://www.gub.uy/ministerio-salud-publica/sites/ministerio-salud-publica/files/2024-03/ELEPEM%20CERTIFICADOS%207-3-2024.pdf,ELEPEM CERTIFICADOS 7-3-2024.pdf,039/2023,Florida,Sarandi Grande,LO DE ESTELA 2,Idemaro Ribas 854,Idemaro Ribas,854,,,,039/2023,2023,Dr. Miguel Simon,,
MSPR-040-2023,ELP-0679,msp_certificado_registro_historico,Certificados de registro ELEPEM emitidos 2017-marzo 2024,2023,https://www.gub.uy/ministerio-salud-publica/sites/ministerio-salud-publica/files/2024-03/ELEPEM%20CERTIFICADOS%207-3-2024.pdf,ELEPEM CERTIFICADOS 7-3-2024.pdf,040/2023,Montevideo,MONTEVIDEO,SANDRA,Juan Proudfoot 1783,Juan Proudfoot,1783,,,,040/2023,2023,Dra. Virgina Martinez,,
MSPR-041-2023,ELP-0132,msp_certificado_registro_historico,Certificados de registro ELEPEM emitidos 2017-marzo 2024,2023,https://www.gub.uy/ministerio-salud-publica/sites/ministerio-salud-publica/files/2024-03/ELEPEM%20CERTIFICADOS%207-3-2024.pdf,ELEPEM CERTIFICADOS 7-3-2024.pdf,041/2023,Colonia,MONTEVIDEO,LAS ABUELAS,Caracé 5618,Caracé,5618,,,,041/2023,2023,Dra. María Felix Fernandez Dra. Valeria Alejandra,,
MSPR-042-2023,ELP-0138,msp_certificado_registro_historico,Certificados de registro ELEPEM emitidos 2017-marzo 2024,2023,https://www.gub.uy/ministerio-salud-publica/sites/ministerio-salud-publica/files/2024-03/ELEPEM%20CERTIFICADOS%207-3-2024.pdf,ELEPEM CERTIFICADOS 7-3-2024.pdf,042/2023,Colonia,SACRAMENTO,MIS SOLES,Intendente Suarez 167,Intendente Suarez,167,,,,042/2023,2023,Bagnasco,,
MSPR-043-2023,ELP-0379,msp_certificado_registro_historico,Certificados de registro ELEPEM emitidos 2017-marzo 2024,2023,https://www.gub.uy/ministerio-salud-publica/sites/ministerio-salud-publica/files/2024-03/ELEPEM%20CERTIFICADOS%207-3-2024.pdf,ELEPEM CERTIFICADOS 7-3-2024.pdf,043/2023,Montevideo,MONTEVIDEO,DR. LUIS PIÑEYRO DEL CAMPO,Larravide 2351,Larravide,2351,,,,043/2023,2023,Dra. Alejandra Ferrari,,
MSPR-044-2023,ELP-0675,msp_certificado_registro_historico,Certificados de registro ELEPEM emitidos 2017-marzo 2024,2023,https://www.gub.uy/ministerio-salud-publica/sites/ministerio-salud-publica/files/2024-03/ELEPEM%20CERTIFICADOS%207-3-2024.pdf,ELEPEM CERTIFICADOS 7-3-2024.pdf,044/2023,Montevideo,MONTEVIDEO,SAN FERNANDO,Yamandù Rodriguez 1399,Yamandù Rodriguez,1399,,,,044/2023,2023,Dra. Valeria de Souza Dr. Diego Fernando Pena,,
MSPR-045-2023,ELP-0288,msp_certificado_registro_historico,Certificados de registro ELEPEM emitidos 2017-marzo 2024,2023,https://www.gub.uy/ministerio-salud-publica/sites/ministerio-salud-publica/files/2024-03/ELEPEM%20CERTIFICADOS%207-3-2024.pdf,ELEPEM CERTIFICADOS 7-3-2024.pdf,045/2023,Montevideo,MONTEVIDEO,ALBORADA,Martìn C. Martinez 2593,Martìn C. Martinez,2593,,,,045/2023,2023,Redondo,,
MSPR-046-2023,ELP-0136,msp_certificado_registro_historico,Certificados de registro ELEPEM emitidos 2017-marzo 2024,2023,https://www.gub.uy/ministerio-salud-publica/sites/ministerio-salud-publica/files/2024-03/ELEPEM%20CERTIFICADOS%207-3-2024.pdf,ELEPEM CERTIFICADOS 7-3-2024.pdf,046/2023,Colonia,COLONIA,MI HOGARCITO,25 de Agosto 809,,25 de Agosto 809,,,,046/2023,2023,Dra. Cecilia Torres,,
MSPR-047-2023,ELP-0186,msp_certificado_registro_historico,Certificados de registro ELEPEM emitidos 2017-marzo 2024,2023,https://www.gub.uy/ministerio-salud-publica/sites/ministerio-salud-publica/files/2024-03/ELEPEM%20CERTIFICADOS%207-3-2024.pdf,ELEPEM CERTIFICADOS 7-3-2024.pdf,047/2023,Florida,FLORIDA,LAS HORTENSIAS,Ursino Barreiro 517,Ursino Barreiro,517,,,,047/2023,2023,Dr. Bernardo Arispe,,
MSPR-048-2023,ELP-0063,msp_certificado_registro_historico,Certificados de registro ELEPEM emitidos 2017-marzo 2024,2023,https://www.gub.uy/ministerio-salud-publica/sites/ministerio-salud-publica/files/2024-03/ELEPEM%20CERTIFICADOS%207-3-2024.pdf,ELEPEM CERTIFICADOS 7-3-2024.pdf,048/2023,Canelones,La Floresta,NUEVO AMANECER,Argentina Esq Las Flores M6 Solar 7,Argentina Esq Las Flores M,6 Solar 7,,,,048/2023,2023,Dra. Sofìa Arballo,,
MSPR-049-2023,ELP-0773,msp_certificado_registro_historico,Certificados de registro ELEPEM emitidos 2017-marzo 2024,2023,https://www.gub.uy/ministerio-salud-publica/sites/ministerio-salud-publica/files/2024-03/ELEPEM%20CERTIFICADOS%207-3-2024.pdf,ELEPEM CERTIFICADOS 7-3-2024.pdf,049/2023,San José,Rodriguez,HOGAR ESPERANZA,Dionisio Bentancor 1042,Dionisio Bentancor,1042,,,,049/2023,2023,Dra. Anabella Hernàndez,,
MSPR-050-2023,ELP-0767,msp_certificado_registro_historico,Certificados de registro ELEPEM emitidos 2017-marzo 2024,2023,https://www.gub.uy/ministerio-salud-publica/sites/ministerio-salud-publica/files/2024-03/ELEPEM%20CERTIFICADOS%207-3-2024.pdf,ELEPEM CERTIFICADOS 7-3-2024.pdf,050/2023,San José,SAN JOSE,HOGAR CRISTINA,Ituzaingò 773,Ituzaingò,773,,,,050/2023,2023,Dra. Anabella Hernàndez,,
MSPR-051-2023,ELP-0673,msp_certificado_registro_historico,Certificados de registro ELEPEM emitidos 2017-marzo 2024,2023,https://www.gub.uy/ministerio-salud-publica/sites/ministerio-salud-publica/files/2024-03/ELEPEM%20CERTIFICADOS%207-3-2024.pdf,ELEPEM CERTIFICADOS 7-3-2024.pdf,051/2023,Montevideo,MONTEVIDEO,SAN CAMILO,Gregorio Funes,Gregorio Funes,,,,,051/2023,2023,Dra. Ilona Ottado,,
MSPR-052-2023,ELP-0041,msp_certificado_registro_historico,Certificados de registro ELEPEM emitidos 2017-marzo 2024,2023,https://www.gub.uy/ministerio-salud-publica/sites/ministerio-salud-publica/files/2024-03/ELEPEM%20CERTIFICADOS%207-3-2024.pdf,ELEPEM CERTIFICADOS 7-3-2024.pdf,052/2023,Canelones,CIUDAD DE LA COSTA,JACARANDA,"Av. Luis Giannattasio km 20, Manzana 4 Solas 3",Av. Luis Giannattasio km,"20, Manzana 4 Solas 3",,,,052/2023,2023,Dr. Fernando Labanca,,
MSPR-053-2023,ELP-0272,msp_certificado_registro_historico,Certificados de registro ELEPEM emitidos 2017-marzo 2024,2023,https://www.gub.uy/ministerio-salud-publica/sites/ministerio-salud-publica/files/2024-03/ELEPEM%20CERTIFICADOS%207-3-2024.pdf,ELEPEM CERTIFICADOS 7-3-2024.pdf,053/2023,Maldonado,PIRIAPOLIS,TOURMALINE,Uruguay 906,Uruguay,906,,,,053/2023,2023,Dr. Ignacio Lereaj,,
MSPR-054-2023,ELP-0237,msp_certificado_registro_historico,Certificados de registro ELEPEM emitidos 2017-marzo 2024,2023,https://www.gub.uy/ministerio-salud-publica/sites/ministerio-salud-publica/files/2024-03/ELEPEM%20CERTIFICADOS%207-3-2024.pdf,ELEPEM CERTIFICADOS 7-3-2024.pdf,054/2023,Maldonado,SAN CARLOS,LOS PARAISOS,4 de Octubre 962,,4 de Octubre 962,,,,054/2023,2023,Dr. Leonel Matos,,
MSPR-055-2023,ELP-0239,msp_certificado_registro_historico,Certificados de registro ELEPEM emitidos 2017-marzo 2024,2023,https://www.gub.uy/ministerio-salud-publica/sites/ministerio-salud-publica/files/2024-03/ELEPEM%20CERTIFICADOS%207-3-2024.pdf,ELEPEM CERTIFICADOS 7-3-2024.pdf,055/2023,Maldonado,SAN CARLOS,MIS ABUELOS,Curbelo 685,Curbelo,685,,,,055/2023,2023,Dra. Gabriela Pérez,,
MSPR-056-2023,ELP-0275,msp_certificado_registro_historico,Certificados de registro ELEPEM emitidos 2017-marzo 2024,2023,https://www.gub.uy/ministerio-salud-publica/sites/ministerio-salud-publica/files/2024-03/ELEPEM%20CERTIFICADOS%207-3-2024.pdf,ELEPEM CERTIFICADOS 7-3-2024.pdf,056/2023,Montevideo,MONTEVIDEO,ABUELA DOMINGA,Pedro Bustamante 1721,Pedro Bustamante,1721,,,,056/2023,2023,Dra. María Victoria Rey,,
MSPR-057-2023,ELP-0091,msp_certificado_registro_historico,Certificados de registro ELEPEM emitidos 2017-marzo 2024,2023,https://www.gub.uy/ministerio-salud-publica/sites/ministerio-salud-publica/files/2024-03/ELEPEM%20CERTIFICADOS%207-3-2024.pdf,ELEPEM CERTIFICADOS 7-3-2024.pdf,057/2023,Canelones,SAN RAMON,SAN CONO,18 de Julio s/n,,18 de Julio s/n,,,,057/2023,2023,Dr. Sergio Daniel Leal Ceriani,,
MSPR-058-2023,ELP-0042,msp_certificado_registro_historico,Certificados de registro ELEPEM emitidos 2017-marzo 2024,2023,https://www.gub.uy/ministerio-salud-publica/sites/ministerio-salud-publica/files/2024-03/ELEPEM%20CERTIFICADOS%207-3-2024.pdf,ELEPEM CERTIFICADOS 7-3-2024.pdf,058/2023,Canelones,EL PINAR,LA AURORA,Avda. Gral. Artigas KM 30 M90 S19,Avda. Gral. Artigas KM,30 M90 S19,,,,058/2023,2023,Dra. Mary Lilian Machado,,
MSPR-059-2023,ELP-0793,msp_certificado_registro_historico,Certificados de registro ELEPEM emitidos 2017-marzo 2024,2023,https://www.gub.uy/ministerio-salud-publica/sites/ministerio-salud-publica/files/2024-03/ELEPEM%20CERTIFICADOS%207-3-2024.pdf,ELEPEM CERTIFICADOS 7-3-2024.pdf,059/2023,Soriano,MERCEDES,LES AMIS,Rura 2 km 276,Rura,2 km 276,,,,059/2023,2023,Dr. Conrado Lencina,,
MSPR-060-2023,ELP-0002,msp_certificado_registro_historico,Certificados de registro ELEPEM emitidos 2017-marzo 2024,2023,https://www.gub.uy/ministerio-salud-publica/sites/ministerio-salud-publica/files/2024-03/ELEPEM%20CERTIFICADOS%207-3-2024.pdf,ELEPEM CERTIFICADOS 7-3-2024.pdf,060/2023,Artigas,BALTASAR BRUM,HOGAR DE ANCIANOS BALTASAR BRUM,Nelson Cousin s/n,Nelson Cousin,S/N,,,,060/2023,2023,Dr. Eduardo Rodríguez,,
MSPR-061-2023,ELP-0475,msp_certificado_registro_historico,Certificados de registro ELEPEM emitidos 2017-marzo 2024,2023,https://www.gub.uy/ministerio-salud-publica/sites/ministerio-salud-publica/files/2024-03/ELEPEM%20CERTIFICADOS%207-3-2024.pdf,ELEPEM CERTIFICADOS 7-3-2024.pdf,061/2023,Montevideo,MONTEVIDEO,LA SYESTITA,Jacobo Rousseau 3927 bis,Jacobo Rousseau,3927 bis,,,,061/2023,2023,Dr. Federico Nicolas Bonilla,,
MSPR-062-2023,ELP-0425,msp_certificado_registro_historico,Certificados de registro ELEPEM emitidos 2017-marzo 2024,2023,https://www.gub.uy/ministerio-salud-publica/sites/ministerio-salud-publica/files/2024-03/ELEPEM%20CERTIFICADOS%207-3-2024.pdf,ELEPEM CERTIFICADOS 7-3-2024.pdf,062/2023,Montevideo,MONTEVIDEO,HOGAR ABUELAS DEL CERRO,Portugal 3481,Portugal,3481,,,,062/2023,2023,Dra. Mayelin Isabel López,,
MSPR-063-2023,ELP-0360,msp_certificado_registro_historico,Certificados de registro ELEPEM emitidos 2017-marzo 2024,2023,https://www.gub.uy/ministerio-salud-publica/sites/ministerio-salud-publica/files/2024-03/ELEPEM%20CERTIFICADOS%207-3-2024.pdf,ELEPEM CERTIFICADOS 7-3-2024.pdf,063/2023,Montevideo,MONTEVIDEO,CORAZON DE ORO II,Plaza Vidella 5619,Plaza Vidella,5619,,,,063/2023,2023,Dr. Marlon Solorzano,,
MSPR-064-2023,ELP-0787,msp_certificado_registro_historico,Certificados de registro ELEPEM emitidos 2017-marzo 2024,2023,https://www.gub.uy/ministerio-salud-publica/sites/ministerio-salud-publica/files/2024-03/ELEPEM%20CERTIFICADOS%207-3-2024.pdf,ELEPEM CERTIFICADOS 7-3-2024.pdf,064/2023,Soriano,PUEBLO EGAÑA,DON JOAQUIN,Corralito esq. Zapican,Corralito esq. Zapican,,,,,064/2023,2023,Dra. Patricia Llando,,
MSPR-065-2023,ELP-0190,msp_certificado_registro_historico,Certificados de registro ELEPEM emitidos 2017-marzo 2024,2023,https://www.gub.uy/ministerio-salud-publica/sites/ministerio-salud-publica/files/2024-03/ELEPEM%20CERTIFICADOS%207-3-2024.pdf,ELEPEM CERTIFICADOS 7-3-2024.pdf,065/2023,Florida,FRAY MARCOS,NUESTRO CAMINO,Ituzainó 981,Ituzainó,981,,,,065/2023,2023,Dra. Alejandra Rodriguez,,
MSPR-066-2023,ELP-0322,msp_certificado_registro_historico,Certificados de registro ELEPEM emitidos 2017-marzo 2024,2023,https://www.gub.uy/ministerio-salud-publica/sites/ministerio-salud-publica/files/2024-03/ELEPEM%20CERTIFICADOS%207-3-2024.pdf,ELEPEM CERTIFICADOS 7-3-2024.pdf,066/2023,Montevideo,MONTEVIDEO,BRISAS DEL SOL,José Belloni 4903,José Belloni,4903,,,,066/2023,2023,Dr. Diego Fernando Pena,,
MSPR-067-2023,ELP-0202,msp_certificado_registro_historico,Certificados de registro ELEPEM emitidos 2017-marzo 2024,2023,https://www.gub.uy/ministerio-salud-publica/sites/ministerio-salud-publica/files/2024-03/ELEPEM%20CERTIFICADOS%207-3-2024.pdf,ELEPEM CERTIFICADOS 7-3-2024.pdf,067/2023,Lavalleja,MINAS,LOS GALLITOS,Varela 917,Varela,917,,,,067/2023,2023,Dra. Luciana Correa,,
MSPR-068-2023,ELP-0778,msp_certificado_registro_historico,Certificados de registro ELEPEM emitidos 2017-marzo 2024,2023,https://www.gub.uy/ministerio-salud-publica/sites/ministerio-salud-publica/files/2024-03/ELEPEM%20CERTIFICADOS%207-3-2024.pdf,ELEPEM CERTIFICADOS 7-3-2024.pdf,068/2023,San José,Ciudad Del Plata,MIS AMORES,"Salto, M 66 S 12","Salto, M",66 S 12,,,,068/2023,2023,Dr. Marlon Solorzano,,
MSPR-069-2023,ELP-0437,msp_certificado_registro_historico,Certificados de registro ELEPEM emitidos 2017-marzo 2024,2023,https://www.gub.uy/ministerio-salud-publica/sites/ministerio-salud-publica/files/2024-03/ELEPEM%20CERTIFICADOS%207-3-2024.pdf,ELEPEM CERTIFICADOS 7-3-2024.pdf,069/2023,Montevideo,MONTEVIDEO,HOGAR LA CAPILLA,Plutarco 4009,Plutarco,4009,,,,069/2023,2023,Dra. Gianella Massera,,
MSPR-070-2023,ELP-0233,msp_certificado_registro_historico,Certificados de registro ELEPEM emitidos 2017-marzo 2024,2023,https://www.gub.uy/ministerio-salud-publica/sites/ministerio-salud-publica/files/2024-03/ELEPEM%20CERTIFICADOS%207-3-2024.pdf,ELEPEM CERTIFICADOS 7-3-2024.pdf,070/2023,Maldonado,Punta Del Este,LOS GIRASOLES,Lenzina parada 2,Lenzina parada,2,,,,070/2023,2023,Dr. Eduardo Castañeda,,
MSPR-071-2023,ELP-0137,msp_certificado_registro_historico,Certificados de registro ELEPEM emitidos 2017-marzo 2024,2023,https://www.gub.uy/ministerio-salud-publica/sites/ministerio-salud-publica/files/2024-03/ELEPEM%20CERTIFICADOS%207-3-2024.pdf,ELEPEM CERTIFICADOS 7-3-2024.pdf,071/2023,Colonia,COLONIA,MIS SOLES,Av. Artigas 670,Av. Artigas,670,,,,071/2023,2023,Dra. Valeria Bagnasco,,
MSPR-072-2023,ELP-0235,msp_certificado_registro_historico,Certificados de registro ELEPEM emitidos 2017-marzo 2024,2023,https://www.gub.uy/ministerio-salud-publica/sites/ministerio-salud-publica/files/2024-03/ELEPEM%20CERTIFICADOS%207-3-2024.pdf,ELEPEM CERTIFICADOS 7-3-2024.pdf,072/2023,Maldonado,Punta Del Este,LOS OLIVOS,Santiago de Chile p.12,Santiago de Chile p.,12,,,,072/2023,2023,Dra. Analia Aguiar,,
MSPR-073-2023,ELP-0340,msp_certificado_registro_historico,Certificados de registro ELEPEM emitidos 2017-marzo 2024,2023,https://www.gub.uy/ministerio-salud-publica/sites/ministerio-salud-publica/files/2024-03/ELEPEM%20CERTIFICADOS%207-3-2024.pdf,ELEPEM CERTIFICADOS 7-3-2024.pdf,073/2023,Montevideo,MONTEVIDEO,CASONA DE CARRASCO,Calle Beyrouth 1428,Calle Beyrouth,1428,,,,073/2023,2023,Dr. Milton Andres Silva,,
MSPR-074-2023,ELP-0553,msp_certificado_registro_historico,Certificados de registro ELEPEM emitidos 2017-marzo 2024,2023,https://www.gub.uy/ministerio-salud-publica/sites/ministerio-salud-publica/files/2024-03/ELEPEM%20CERTIFICADOS%207-3-2024.pdf,ELEPEM CERTIFICADOS 7-3-2024.pdf,074/2023,Montevideo,MONTEVIDEO,ORENSE,Joanicó 3427,Joanicó,3427,,,,074/2023,2023,Dra. Gianella Massera,,
MSPR-001-2024,ELP-0725,msp_certificado_registro_historico,Certificados de registro ELEPEM emitidos 2017-marzo 2024,2024,https://www.gub.uy/ministerio-salud-publica/sites/ministerio-salud-publica/files/2024-03/ELEPEM%20CERTIFICADOS%207-3-2024.pdf,ELEPEM CERTIFICADOS 7-3-2024.pdf,001/2024,Rivera,Rivera,Evergreen Family Care,Héctor Gutierrez Ruiz Km. 3 Nº 85,Héctor Gutierrez Ruiz Km.,3 Nº 85,,,,001/2024,2024,Rodriguez,,
MSPR-002-2024,ELP-0705,msp_certificado_registro_historico,Certificados de registro ELEPEM emitidos 2017-marzo 2024,2024,https://www.gub.uy/ministerio-salud-publica/sites/ministerio-salud-publica/files/2024-03/ELEPEM%20CERTIFICADOS%207-3-2024.pdf,ELEPEM CERTIFICADOS 7-3-2024.pdf,002/2024,Montevideo,Montevideo,Villa Cata,Francisco Echegoyen 4996,Francisco Echegoyen,4996,,,,002/2024,2024,Dra. Elizabeth Ginménez,,
MSPR-003-2024,ELP-0351,msp_certificado_registro_historico,Certificados de registro ELEPEM emitidos 2017-marzo 2024,2024,https://www.gub.uy/ministerio-salud-publica/sites/ministerio-salud-publica/files/2024-03/ELEPEM%20CERTIFICADOS%207-3-2024.pdf,ELEPEM CERTIFICADOS 7-3-2024.pdf,003/2024,Montevideo,Montevideo,Centro Zeus,Francisco Vidal 733,Francisco Vidal,733,,,,003/2024,2024,Dra. Natalia Cusati,,
MSPR-004-2024,ELP-0095,msp_certificado_registro_historico,Certificados de registro ELEPEM emitidos 2017-marzo 2024,2024,https://www.gub.uy/ministerio-salud-publica/sites/ministerio-salud-publica/files/2024-03/ELEPEM%20CERTIFICADOS%207-3-2024.pdf,ELEPEM CERTIFICADOS 7-3-2024.pdf,004/2024,Canelones,Parque del Plata,Solana,Calle 19 entre G y H M354 S20,Calle,19,,,,004/2024,2024,Dra. Yanella Tochetto,,
MSPR-005-2024,ELP-0432,msp_certificado_registro_historico,Certificados de registro ELEPEM emitidos 2017-marzo 2024,2024,https://www.gub.uy/ministerio-salud-publica/sites/ministerio-salud-publica/files/2024-03/ELEPEM%20CERTIFICADOS%207-3-2024.pdf,ELEPEM CERTIFICADOS 7-3-2024.pdf,005/2024,Montevideo,Montevideo,Hogar Dulce Hogar,Manuel Albo 2733,Manuel Albo,2733,,,,005/2024,2024,Dra. Andrea Leticia Castaño,,
MSPR-006-2024,ELP-0540,msp_certificado_registro_historico,Certificados de registro ELEPEM emitidos 2017-marzo 2024,2024,https://www.gub.uy/ministerio-salud-publica/sites/ministerio-salud-publica/files/2024-03/ELEPEM%20CERTIFICADOS%207-3-2024.pdf,ELEPEM CERTIFICADOS 7-3-2024.pdf,006/2024,Montevideo,Montevideo,Nazareth,Maldonado 1474,Maldonado,1474,,,,006/2024,2024,Dra. Evelyn Fontes,,
MSPR-007-2024,ELP-0695,msp_certificado_registro_historico,Certificados de registro ELEPEM emitidos 2017-marzo 2024,2024,https://www.gub.uy/ministerio-salud-publica/sites/ministerio-salud-publica/files/2024-03/ELEPEM%20CERTIFICADOS%207-3-2024.pdf,ELEPEM CERTIFICADOS 7-3-2024.pdf,007/2024,Montevideo,Montevideo,Tempus,Av. General Santander 1680,Av. General Santander,1680,,,,007/2024,2024,Dra. Myriam Barreto,,
MSPR-008-2024,ELP-0017,msp_certificado_registro_historico,Certificados de registro ELEPEM emitidos 2017-marzo 2024,2024,https://www.gub.uy/ministerio-salud-publica/sites/ministerio-salud-publica/files/2024-03/ELEPEM%20CERTIFICADOS%207-3-2024.pdf,ELEPEM CERTIFICADOS 7-3-2024.pdf,008/2024,Canelones,Ciudad de la Costa,El Naranjo,Emilio de Franco M29 S1,Emilio de Franco M,29 S1,,,,008/2024,2024,Dr. Joaquín Brignoni,,
MSPR-009-2024,ELP-0307,msp_certificado_registro_historico,Certificados de registro ELEPEM emitidos 2017-marzo 2024,2024,https://www.gub.uy/ministerio-salud-publica/sites/ministerio-salud-publica/files/2024-03/ELEPEM%20CERTIFICADOS%207-3-2024.pdf,ELEPEM CERTIFICADOS 7-3-2024.pdf,009/2024,Montevideo,Montevideo,Armon Residencial,21 de Setiembre 2885,,21 de Setiembre 2885,,,,009/2024,2024,Dra. Julia Ortiz,,
MSPR-010-2024,ELP-0035,msp_certificado_registro_historico,Certificados de registro ELEPEM emitidos 2017-marzo 2024,2024,https://www.gub.uy/ministerio-salud-publica/sites/ministerio-salud-publica/files/2024-03/ELEPEM%20CERTIFICADOS%207-3-2024.pdf,ELEPEM CERTIFICADOS 7-3-2024.pdf,010/2024,Canelones,Salinas,Hogar Huellas,Sombra del Toro S13 M42,Sombra del Toro S,13 M42,,,,010/2024,2024,Olivera,,
MSPR-011-2024,ELP-0513,msp_certificado_registro_historico,Certificados de registro ELEPEM emitidos 2017-marzo 2024,2024,https://www.gub.uy/ministerio-salud-publica/sites/ministerio-salud-publica/files/2024-03/ELEPEM%20CERTIFICADOS%207-3-2024.pdf,ELEPEM CERTIFICADOS 7-3-2024.pdf,011/2024,Montevideo,Montevideo,Los Viñedos,Av. Don Pedro de Mendoza 8626,Av. Don Pedro de Mendoza,8626,,,,011/2024,2024,Dr. Israel Pérez Castro,,
PACP-001,ELP-0280,pacp_proveedor_2023,Registro de Proveedores del PACP al 11 de agosto de 2023,2023-08-11,https://www.gub.uy/sistema-cuidados/comunicacion/comunicados/programa-apoyo-cuidado-permanente-pacp,Registro de Proveedores PACP 2023.pdf,1,Montevideo,Montevideo,AGUAS DE REPOSO,Av. Italia 6527 y Cooper,Av. Italia,6527,,,,,,,MICA RESIDENCIALES LTDA.,21 852423 0019
PACP-002,ELP-0345,pacp_proveedor_2023,Registro de Proveedores del PACP al 11 de agosto de 2023,2023-08-11,https://www.gub.uy/sistema-cuidados/comunicacion/comunicados/programa-apoyo-cuidado-permanente-pacp,Registro de Proveedores PACP 2023.pdf,2,Montevideo,Montevideo,CENTRO DEL ADULTO MAYOR,Av. Almirante Harwood 6346/6350 y Havre,Av. Almirante Harwood,6346/6350,,,,,,,CLAMERICA S.A.,21 766305 0011
PACP-003,ELP-0348,pacp_proveedor_2023,Registro de Proveedores del PACP al 11 de agosto de 2023,2023-08-11,https://www.gub.uy/sistema-cuidados/comunicacion/comunicados/programa-apoyo-cuidado-permanente-pacp,Registro de Proveedores PACP 2023.pdf,3,Montevideo,Montevideo,CENTRO DEL ADULTO MAYOR,Br. España 2583 y Enrique Muñoz,Br. España,2583,,,,,,,CLAMERICA S.A.,21 766305 0011
PACP-004,ELP-0347,pacp_proveedor_2023,Registro de Proveedores del PACP al 11 de agosto de 2023,2023-08-11,https://www.gub.uy/sistema-cuidados/comunicacion/comunicados/programa-apoyo-cuidado-permanente-pacp,Registro de Proveedores PACP 2023.pdf,4,Montevideo,Montevideo,CENTRO DEL ADULTO MAYOR,Br. España 2526 y Luis Franzini,Br. España,2526,,,,,,,CLAMERICA S.A.,21 766305 0011
PACP-005,ELP-0346,pacp_proveedor_2023,Registro de Proveedores del PACP al 11 de agosto de 2023,2023-08-11,https://www.gub.uy/sistema-cuidados/comunicacion/comunicados/programa-apoyo-cuidado-permanente-pacp,Registro de Proveedores PACP 2023.pdf,5,Montevideo,Montevideo,CENTRO DEL ADULTO MAYOR,Av. Agraciada 3373 y Av. Dr. Juan Carlos Blanco,Av. Agraciada,3373,,,,,,,CLAMERICA S.A.,21 766305 0011
PACP-006,ELP-0349,pacp_proveedor_2023,Registro de Proveedores del PACP al 11 de agosto de 2023,2023-08-11,https://www.gub.uy/sistema-cuidados/comunicacion/comunicados/programa-apoyo-cuidado-permanente-pacp,Registro de Proveedores PACP 2023.pdf,6,Montevideo,Montevideo,CENTRO DEL ADULTO MAYOR,Juan M. Espinosa 1369 y Donizetti,Juan M. Espinosa,1369,,,,,,,CLAMERICA S.A.,21 766305 0011
PACP-007,ELP-0106,pacp_proveedor_2023,Registro de Proveedores del PACP al 11 de agosto de 2023,2023-08-11,https://www.gub.uy/sistema-cuidados/comunicacion/comunicados/programa-apoyo-cuidado-permanente-pacp,Registro de Proveedores PACP 2023.pdf,7,Colonia,Miguelete,HOGAR DE ANCIANOS,José Pedro Varela s/n,José Pedro Varela,S/N,,,,,,,ASOCIACIÓN CIVIL PRO-BIENESTAR SOCIAL DE LA TERCERA EDAD,04 028653 0014
PACP-008,ELP-0770,pacp_proveedor_2023,Registro de Proveedores del PACP al 11 de agosto de 2023,2023-08-11,https://www.gub.uy/sistema-cuidados/comunicacion/comunicados/programa-apoyo-cuidado-permanente-pacp,Registro de Proveedores PACP 2023.pdf,8,San José,San José de Mayo,HOGAR DE ANCIANOS DE SAN JOSÉ,"Ruta n.º 3, km. 91,500",Ruta n.º 3,"Km 91,500",,,,,,,ASOCIACIÓN PRO HOGAR DE ANCIANOS DE SAN JOSÉ,17 014933 0011
PACP-009,ELP-0789,pacp_proveedor_2023,Registro de Proveedores del PACP al 11 de agosto de 2023,2023-08-11,https://www.gub.uy/sistema-cuidados/comunicacion/comunicados/programa-apoyo-cuidado-permanente-pacp,Registro de Proveedores PACP 2023.pdf,9,Soriano,Mercedes,HOGAR DE ANCIANOS MERCEDES «DR. RICARDO BRACERAS»,"Ruta n.º 2, km. 277,500",Ruta n.º 2,"Km 277,500",,,,,,,HOGAR DE ANCIANOS MERCEDES «DR. RICARDO BRACERAS»,18 017347 0011
PACP-010,ELP-0119,pacp_proveedor_2023,Registro de Proveedores del PACP al 11 de agosto de 2023,2023-08-11,https://www.gub.uy/sistema-cuidados/comunicacion/comunicados/programa-apoyo-cuidado-permanente-pacp,Registro de Proveedores PACP 2023.pdf,10,Colonia,Nueva Palmira,HOGAR DE ANCIANOS «NUEVA PALMIRA»,Ituzaingó 1091 y Argentina,Ituzaingó,1091,,,,,,,HOGAR DE ANCIANOS «NUEVA PALMIRA»,04 030666 0015
PACP-011,ELP-0734,pacp_proveedor_2023,Registro de Proveedores del PACP al 11 de agosto de 2023,2023-08-11,https://www.gub.uy/sistema-cuidados/comunicacion/comunicados/programa-apoyo-cuidado-permanente-pacp,Registro de Proveedores PACP 2023.pdf,11,Río Negro,Young,HOGAR DE ANCIANOS «VALENTÍN BEREZAN»,Hervidero 1866 y Joaquín Suárez,Hervidero,1866,,,,,,,COMISIÓN PRO BIENESTAR SOCIAL DEL ANCIANO DE YOUNG,13 011660 0010
PACP-012,ELP-0181,pacp_proveedor_2023,Registro de Proveedores del PACP al 11 de agosto de 2023,2023-08-11,https://www.gub.uy/sistema-cuidados/comunicacion/comunicados/programa-apoyo-cuidado-permanente-pacp,Registro de Proveedores PACP 2023.pdf,12,Florida,Sarandí Grande,HOGAR DR. ALFREDO SANJUAN,Faustino Harrison s/n,Faustino Harrison,S/N,,,,,,,ASOCIACIÓN PRO BIENESTAR DEL ANCIANO DE SARANDÍ GRANDE,07 015520 0012
PACP-013,ELP-0445,pacp_proveedor_2023,Registro de Proveedores del PACP al 11 de agosto de 2023,2023-08-11,https://www.gub.uy/sistema-cuidados/comunicacion/comunicados/programa-apoyo-cuidado-permanente-pacp,Registro de Proveedores PACP 2023.pdf,13,Montevideo,Montevideo,HOGAR NAZARETH,Campisteguy 2985 y Gral. Enrique Martínez,Campisteguy,2985,,,,,,,CASA PARA EL ADULTO MAYOR - HOGAR DE ACOGIDA Y ESPERANZA,21 689195 0019
PACP-014,ELP-0443,pacp_proveedor_2023,Registro de Proveedores del PACP al 11 de agosto de 2023,2023-08-11,https://www.gub.uy/sistema-cuidados/comunicacion/comunicados/programa-apoyo-cuidado-permanente-pacp,Registro de Proveedores PACP 2023.pdf,14,Montevideo,Montevideo,HOGAR NAZARETH,Av. Italia 3780 y Juan de Dios Peza,Av. Italia,3780,,,,,,,CASA PARA EL ADULTO MAYOR - HOGAR DE ACOGIDA Y ESPERANZA,21 689195 0019
PACP-015,ELP-0436,pacp_proveedor_2023,Registro de Proveedores del PACP al 11 de agosto de 2023,2023-08-11,https://www.gub.uy/sistema-cuidados/comunicacion/comunicados/programa-apoyo-cuidado-permanente-pacp,Registro de Proveedores PACP 2023.pdf,15,Montevideo,Montevideo,HOGAR ITALIANO,Paysandú 1935 y República,Paysandú,1935,,,,,,,HOGAR ITALIANO,21 802381 0012
PACP-016,ELP-0201,pacp_proveedor_2023,Registro de Proveedores del PACP al 11 de agosto de 2023,2023-08-11,https://www.gub.uy/sistema-cuidados/comunicacion/comunicados/programa-apoyo-cuidado-permanente-pacp,Registro de Proveedores PACP 2023.pdf,16,Lavalleja,José Pedro Varela,INSTITUCIÓN PRO-BIENESTAR SOCIAL DEL ANCIANO DE JOSÉ PEDRO VARELA,Uruguay y Dr. Podestá Carnelli,Uruguay y Dr. Podestá Carnelli,,,,,,,,INSTITUCIÓN PRO-BIENESTAR SOCIAL DEL ANCIANO DE JOSÉ PEDRO VARELA,20 009315 0019
PACP-017,ELP-0126,pacp_proveedor_2023,Registro de Proveedores del PACP al 11 de agosto de 2023,2023-08-11,https://www.gub.uy/sistema-cuidados/comunicacion/comunicados/programa-apoyo-cuidado-permanente-pacp,Registro de Proveedores PACP 2023.pdf,17,Colonia,Rosario,INSTITUTO PRO-BIENESTAR SOCIAL DEL ANCIANO DE ROSARIO,Dr. Mario Plavan 601 y De los Libertadores,Dr. Mario Plavan,601,,,,,,,INSTITUTO PRO-BIENESTAR SOCIAL DEL ANCIANO DE ROSARIO,04 030210 0015
PACP-018,ELP-0044,pacp_proveedor_2023,Registro de Proveedores del PACP al 11 de agosto de 2023,2023-08-11,https://www.gub.uy/sistema-cuidados/comunicacion/comunicados/programa-apoyo-cuidado-permanente-pacp,Registro de Proveedores PACP 2023.pdf,18,Canelones,El Pinar,LA BONNE VIE,"Río Negro s/n (M 216, S 15)",Río Negro s/n (M,"216, S 15)",,,,,,,SANTOS CAVIGLIA MARÍA DE LOS ÁNGELES,21 741046 0017
PACP-019,ELP-0508,pacp_proveedor_2023,Registro de Proveedores del PACP al 11 de agosto de 2023,2023-08-11,https://www.gub.uy/sistema-cuidados/comunicacion/comunicados/programa-apoyo-cuidado-permanente-pacp,Registro de Proveedores PACP 2023.pdf,19,Montevideo,Montevideo,LOS ÁNGELES,Antonio Luis Pereira 5640 y Agazzi,Antonio Luis Pereira,5640,,,,,,,GARCÍA ROMERO LOURDES PAULA,21 727251 0014
PACP-020,ELP-0536,pacp_proveedor_2023,Registro de Proveedores del PACP al 11 de agosto de 2023,2023-08-11,https://www.gub.uy/sistema-cuidados/comunicacion/comunicados/programa-apoyo-cuidado-permanente-pacp,Registro de Proveedores PACP 2023.pdf,20,Montevideo,Montevideo,MIS NIETOS,Br. Artigas 4251 y Cuaró,Br. Artigas,4251,,,,,,,REDEANC S.R.L.,21 507824 0019
PACP-021,ELP-0755,pacp_proveedor_2023,Registro de Proveedores del PACP al 11 de agosto de 2023,2023-08-11,https://www.gub.uy/sistema-cuidados/comunicacion/comunicados/programa-apoyo-cuidado-permanente-pacp,Registro de Proveedores PACP 2023.pdf,21,San José,San José de Mayo,RESIDENCIA DE ASISTENCIA AL ANCIANO E IMPEDIDO,Gral. José Gervasio Artigas 417/421,Gral. José Gervasio Artigas,417/421,,,,,,,RESIDENCIA DE ASISTENCIA AL ANCIANO E IMPEDIDO,17 020424 0015
PACP-022,ELP-0104,pacp_proveedor_2023,Registro de Proveedores del PACP al 11 de agosto de 2023,2023-08-11,https://www.gub.uy/sistema-cuidados/comunicacion/comunicados/programa-apoyo-cuidado-permanente-pacp,Registro de Proveedores PACP 2023.pdf,22,Colonia,Juan Lacaze,RESIDENCIAL ÁRBOL DE LA VIDA,Juana C. Campomar 131 y Don Bosco,Juana C. Campomar,131,,,,,,,CERON FORNARI JORGE ARMANDO,04 047533 0012
PACP-023,ELP-0211,pacp_proveedor_2023,Registro de Proveedores del PACP al 11 de agosto de 2023,2023-08-11,https://www.gub.uy/sistema-cuidados/comunicacion/comunicados/programa-apoyo-cuidado-permanente-pacp,Registro de Proveedores PACP 2023.pdf,23,Maldonado,San Carlos,RESIDENCIAL AZAHARES,18 de Julio y Agustín Abreu,,18 de Julio,,,,,,,MARTÍNEZ GALLO SANDRA BEATRIZ,10 022856 0019
PACP-024,ELP-0342,pacp_proveedor_2023,Registro de Proveedores del PACP al 11 de agosto de 2023,2023-08-11,https://www.gub.uy/sistema-cuidados/comunicacion/comunicados/programa-apoyo-cuidado-permanente-pacp,Registro de Proveedores PACP 2023.pdf,24,Montevideo,Montevideo,RESIDENCIAL CECILIA,Fray Bentos 3689 y Gobernador Viana,Fray Bentos,3689,,,,,,,AMARO PEREIRA CARLOS ANESIS y VARELA SILVEIRA CECILIA,21 871400 0014
PACP-025,ELP-0374,pacp_proveedor_2023,Registro de Proveedores del PACP al 11 de agosto de 2023,2023-08-11,https://www.gub.uy/sistema-cuidados/comunicacion/comunicados/programa-apoyo-cuidado-permanente-pacp,Registro de Proveedores PACP 2023.pdf,25,Montevideo,Montevideo,RESIDENCIAL DOÑA MARÍA,Humachiri 4126 y Gral. José Villagrán,Humachiri,4126,,,,,,,SÚAREZ NUÑEZ BEATRIZ,21 820778 0019
PACP-026,ELP-0375,pacp_proveedor_2023,Registro de Proveedores del PACP al 11 de agosto de 2023,2023-08-11,https://www.gub.uy/sistema-cuidados/comunicacion/comunicados/programa-apoyo-cuidado-permanente-pacp,Registro de Proveedores PACP 2023.pdf,26,Montevideo,Montevideo,RESIDENCIAL DORA MORENO,Av. Agraciada 2810 BIS y Dr. Salvador García Pintos,Av. Agraciada,2810 BIS,,,,,,,LULAVI S.R.L.,21 620177 0015
PACP-027,ELP-0413,pacp_proveedor_2023,Registro de Proveedores del PACP al 11 de agosto de 2023,2023-08-11,https://www.gub.uy/sistema-cuidados/comunicacion/comunicados/programa-apoyo-cuidado-permanente-pacp,Registro de Proveedores PACP 2023.pdf,27,Montevideo,Montevideo,RESIDENCIAL GERARDO,Uruguayana 3222 y José Nasazzi,Uruguayana,3222,,,,,,,GERARDO S.R.L.,08 011769 0013
PACP-028,ELP-0491,pacp_proveedor_2023,Registro de Proveedores del PACP al 11 de agosto de 2023,2023-08-11,https://www.gub.uy/sistema-cuidados/comunicacion/comunicados/programa-apoyo-cuidado-permanente-pacp,Registro de Proveedores PACP 2023.pdf,28,Montevideo,Montevideo,RESIDENCIAL LAS JULIETAS,Cno. Maldondo 4969 y Ródano,Cno. Maldondo,4969,,,,,,,LÓPEZ CARRERAS TERESA,21 821390 0012
PACP-029,ELP-0492,pacp_proveedor_2023,Registro de Proveedores del PACP al 11 de agosto de 2023,2023-08-11,https://www.gub.uy/sistema-cuidados/comunicacion/comunicados/programa-apoyo-cuidado-permanente-pacp,Registro de Proveedores PACP 2023.pdf,29,Montevideo,Montevideo,RESIDENCIAL LAS MARÍAS,Pilar Costa 36 y Av. Agraciada,Pilar Costa,36,,,,,,,MAZZEI BENEVENTANO LILIANA MARÍA,21 321667 0017
PACP-030,ELP-0511,pacp_proveedor_2023,Registro de Proveedores del PACP al 11 de agosto de 2023,2023-08-11,https://www.gub.uy/sistema-cuidados/comunicacion/comunicados/programa-apoyo-cuidado-permanente-pacp,Registro de Proveedores PACP 2023.pdf,30,Montevideo,Montevideo,RESIDENCIAL LOS ROBLES,Quicuyo 974 y Camino Ariel,Quicuyo,974,,,,,,,PERCIANTE CASTELLS ADHEMAR,21 767237 0015
PACP-031,ELP-0522,pacp_proveedor_2023,Registro de Proveedores del PACP al 11 de agosto de 2023,2023-08-11,https://www.gub.uy/sistema-cuidados/comunicacion/comunicados/programa-apoyo-cuidado-permanente-pacp,Registro de Proveedores PACP 2023.pdf,31,Montevideo,Montevideo,RESIDENCIAL MARIANA,Gaboto 1323 y José Enrique Rodó,Gaboto,1323,,,,,,,MARRERO DEONOLLO ANA MARÍA,21 263767 0015
PACP-032,ELP-0545,pacp_proveedor_2023,Registro de Proveedores del PACP al 11 de agosto de 2023,2023-08-11,https://www.gub.uy/sistema-cuidados/comunicacion/comunicados/programa-apoyo-cuidado-permanente-pacp,Registro de Proveedores PACP 2023.pdf,32,Montevideo,Montevideo,RESIDENCIAL NUESTRO HOGAR,Br. Gral. Artigas 1148 y Maldonado,Br. Gral. Artigas,1148,,,,,,,NUESTRO HOGAR S.R.L.,21 605209 0018
PACP-033,ELP-0639,pacp_proveedor_2023,Registro de Proveedores del PACP al 11 de agosto de 2023,2023-08-11,https://www.gub.uy/sistema-cuidados/comunicacion/comunicados/programa-apoyo-cuidado-permanente-pacp,Registro de Proveedores PACP 2023.pdf,33,Montevideo,Montevideo,RESIDENCIAL RINCÓN DE LUZ,Rambla República de Chile 4469 y Av. Colombes,Rambla República de Chile,4469,,,,,,,BARNECHEGARAY LESTIDO EMILIANO,21 720416 0011
PACP-034,ELP-0655,pacp_proveedor_2023,Registro de Proveedores del PACP al 11 de agosto de 2023,2023-08-11,https://www.gub.uy/sistema-cuidados/comunicacion/comunicados/programa-apoyo-cuidado-permanente-pacp,Registro de Proveedores PACP 2023.pdf,34,Montevideo,Montevideo,RESIDENCIAL TERRA NOSTRA,Pedro Cosio 2451 y Cno. Carrasco,Pedro Cosio,2451,,,,,,,RESIDENCIALES UNIDOS LIMITADA,21 852298 0010
PACP-035,ELP-0656,pacp_proveedor_2023,Registro de Proveedores del PACP al 11 de agosto de 2023,2023-08-11,https://www.gub.uy/sistema-cuidados/comunicacion/comunicados/programa-apoyo-cuidado-permanente-pacp,Registro de Proveedores PACP 2023.pdf,35,Montevideo,Montevideo,RESIDENCIAL UMPIÉRREZ,Juan Manuel Blanes 1274 y Guaná,Juan Manuel Blanes,1274,,,,,,,UMPIÉRREZ BUSQUIAZZO ANDREA ELIZABETH,21 487066 0015
PACP-036,ELP-0116,pacp_proveedor_2023,Registro de Proveedores del PACP al 11 de agosto de 2023,2023-08-11,https://www.gub.uy/sistema-cuidados/comunicacion/comunicados/programa-apoyo-cuidado-permanente-pacp,Registro de Proveedores PACP 2023.pdf,36,Colonia,Nueva Helvecia,SOCIEDAD DE AUXILIOS FRAUENVEREIN,Germán Imhoff 904 y Marcelino Pérez,Germán Imhoff,904,,,,,,,SOCIEDAD DE AUXILIOS FRAUENVEREIN,04 030650 0018
